# https://github.com/mikedh/trimesh
v -37.18705196 -15.10504347 -4.47142217
v -47.35113671 -12.39827174 -12.31217901
v -38.95372102 -11.89320567 -8.18390788
v -35.82165499 -9.15889498 -8.46326952
v -35.63860396 -11.98677468 -6.36583326
v -28.56835981 -11.30357745 -2.48779680
v -41.77569321 -13.96080205 -2.49705363
v -41.01529050 -12.91114497 -5.29275668
v -56.45071732 -11.37946476 -8.27411873
v -39.21967635 -7.04979468 -22.60838901
v -36.74133383 -8.48329182 -24.44719787
v -43.61998488 -7.91181962 -21.88767670
v -44.32480410 -10.16454230 -23.00172064
v -51.13372833 -8.98075599 -22.49989764
v -39.00232373 -9.99141604 -24.87574820
v -48.80091518 -9.67085511 -22.66991252
v -42.56670002 -9.35856272 -23.43055474
v -33.07741755 -10.26378899 -27.51978765
v -49.39138182 -11.20739487 -23.88782007
v -41.27671267 -12.22257251 -26.07821677
v -47.03693949 -12.70161862 -24.45613784
v -50.05162069 -12.83691433 -24.61968981
v -36.40239492 -13.50338664 -29.01413208
v -38.86726204 -14.47688705 -28.51314584
v -39.72059798 -13.47919241 -27.77424484
v -37.23603699 -12.90251457 -28.29466146
v -43.55825822 -16.14144603 -27.33619897
v -40.55891386 -14.27579834 -28.79308669
v -47.32527306 -16.00263712 -26.62089179
v -46.89260740 -18.78868085 -28.00520441
v -37.55130291 -15.09755971 -29.28273989
v -43.12011933 -15.24773605 -28.38291780
v -34.16986667 -16.33807556 -30.92751451
v -32.89617734 -17.40481941 -31.85273674
v -35.82529055 -18.64633957 -32.18744813
v -43.16297393 -17.05111753 -30.70669828
v -41.64560940 -17.66960277 -30.51851051
v -41.22558527 -19.90239484 -33.17216629
v -38.04257056 -21.92262185 -34.54674069
v -41.67057407 -20.85429262 -34.88000098
v -45.44962563 -13.60618996 0.23004180
v -38.72924914 -14.90254171 -4.28770400
v -37.86770786 -13.75292610 -5.43482585
v -58.90216900 -10.16540326 -8.96756718
v -50.65921547 -13.77052973 -9.48189751
v -48.69358138 -14.95844041 -8.97473207
v -49.60856021 -13.24888494 -10.75620013
v -55.25359042 -11.35767749 -9.97055755
v -58.22786715 -9.34634716 -8.79941647
v -58.73595793 -6.36470591 -10.07409029
v -41.66951915 -11.74671869 -9.94679845
v -50.00167459 -11.04052542 -12.76053769
v -55.58898221 -9.11544587 -11.38461649
v -43.54037543 -10.09104684 -13.24796663
v -39.80485847 -9.71739583 -13.78933438
v -50.85392246 -8.80128530 -14.54011332
v -19.30224583 -16.68173726 -4.61101176
v -27.77390311 -17.72529132 -5.80992299
v -32.74240300 -13.95095047 -4.84490557
v -25.76683294 -17.98850599 -6.06624976
v -66.83752269 -12.97938013 -9.94057972
v -63.49558178 -11.93367051 -8.58720134
v -59.75418138 -10.73571942 -7.44666747
v -62.65434309 -11.56422657 -8.02352127
v -32.45828363 -16.28268635 -4.79600403
v -22.62237507 -14.38094950 -0.11119158
v -31.17437129 -13.29556858 -3.79758948
v -29.68382063 -13.71910050 -4.32376712
v -65.35286694 -10.43125769 -9.11795402
v -66.37360907 -9.48861201 -9.33809412
v -23.98395748 -12.66665666 -0.86854885
v -69.98875115 -7.98527867 -11.27830093
v -42.18256301 -12.60933249 -10.68283121
v -43.65540929 -10.99970182 -13.71249995
v -61.97645648 -9.61816209 -8.79045131
v -24.43327890 -10.61116569 -0.01070720
v -31.37216964 -11.16299661 -4.85302071
v -65.42211133 -8.18481254 -9.39385165
v -32.66727644 -10.06955527 -6.88874486
v -27.57882666 -9.80127898 -1.55723192
v -67.43727861 -4.25590968 -9.17989781
v -33.59080917 -9.27033532 -7.48796562
v -64.63918469 -7.81116332 -8.91394965
v -25.57071918 -9.31715520 0.06366539
v -28.81600416 -9.11035715 -2.93379319
v -22.56511505 -7.50947827 4.42616439
v -51.67606232 -11.55408927 -11.89188161
v -32.01627203 -9.06910149 -5.87056700
v -48.79106585 -8.39447757 -15.48120488
v -43.28137108 -8.99741271 -15.32361079
v -38.79486308 -9.53685495 -11.90756474
v -45.03706471 -9.19376237 -15.44792756
v -40.78475101 -8.76057750 -14.59489982
v -43.94867874 -5.19307957 -16.98919683
v -38.55810739 -7.41078767 -15.09067143
v -35.07870421 -4.74595907 -15.70780696
v -39.66334063 -6.02057718 -16.59968957
v -31.89457296 -3.62377631 -10.97526900
v -37.44910902 -5.19585183 -16.51399418
v -48.32448758 -4.52690617 -17.87878731
v -35.20138683 -5.65667793 -13.37998286
v -39.75210614 -3.60432504 -17.96198718
v -30.62969580 -1.38925109 -11.21739871
v -36.60532568 -1.85633178 -18.58460661
v -37.72612449 -1.71416477 -20.35632248
v -28.49894042 3.22706142 -16.66662580
v -23.37355101 11.05512289 -5.32206282
v -61.99063147 -21.67532941 -19.63507746
v -64.38883461 -20.39304255 -21.22901808
v -70.97862502 -11.64923859 -16.30282579
v -75.25733884 -0.92870048 -16.72427552
v -63.45021153 10.78250139 -19.78924568
v -65.94816121 6.91831515 -20.22393335
v -74.56035514 4.01608544 -20.42638740
v -9.70969435 7.49321600 -15.00280351
v -15.08425722 6.63004667 -16.80966474
v -10.50561274 6.15456461 -16.97274924
v -12.31219820 4.60080062 -17.19060650
v -12.28333232 3.33445806 -19.08450880
v -16.88619997 6.13627141 -18.26758382
v -22.37069507 4.95419891 -19.91139603
v -23.55562381 3.11004673 -21.54730400
v -17.13463293 3.23097027 -20.86932534
v -18.35125544 3.13214708 -20.75425652
v -28.76415282 5.75448985 -21.27761637
v -14.73081922 2.62049371 -20.67426496
v -25.33496582 4.62661322 -21.37998909
v -11.60169890 -2.93905931 -21.64893891
v -12.78018281 0.07730223 -20.65820642
v -20.69013611 1.62127470 -22.53975041
v -14.65066601 1.88816741 -20.35263748
v -26.72865331 0.94971269 -24.08454021
v -24.86005560 0.32605629 -23.87651544
v -16.51036543 -0.01644676 -23.05093725
v -22.50459427 -1.17219759 -24.96958033
v -51.61182533 -4.00441994 -19.91856427
v -27.04534635 -1.38836664 -23.48794487
v -20.98059902 -0.73404039 -24.59785672
v -22.04148738 -2.76100551 -25.90133349
v -27.90068188 -3.41219665 -25.08395306
v -12.45512380 -4.95350572 -23.03313161
v -16.45790159 -1.52038035 -24.10463576
v -34.17310724 -4.90935598 -24.78845707
v -28.02047918 -6.30398604 -27.46479655
v -31.71320407 -5.82210884 -25.83705583
v -52.54019462 -8.44420285 -22.74596001
v -29.58763933 -6.12990389 -26.90239589
v -23.82433756 -4.74691900 -27.32398303
v -28.66748455 -7.91683324 -27.98083143
v -43.23052748 -13.15557129 -25.44543258
v -21.43483117 -8.37659079 -28.32803955
v -28.68208521 -26.03455245 -28.30367863
v -34.14256830 -24.60880279 -32.68442359
v -25.30644691 -21.74490048 -27.59693919
v -25.23770080 -19.74193781 -29.66578165
v -13.55810291 -18.05392997 -18.94973697
v -29.90091912 -18.89942303 -31.68701270
v -14.68097450 -16.72564541 -22.22132226
v -11.94153272 -13.69556860 -20.23641858
v -21.86435510 -13.45817056 -28.91472312
v -14.27792158 -13.48453527 -23.03910593
v -47.30598857 -32.90023141 -31.97509071
v -52.38707142 -25.90096604 -40.94150801
v -46.85700625 -34.95720307 -35.68428763
v -49.03086211 -34.29295575 -36.58127126
v -48.99974308 -35.88987039 -39.81529954
v -55.55538724 -12.82041856 -7.80412887
v -51.91185684 -19.53190433 8.77292582
v -48.21713000 -18.99243451 6.72377642
v -44.27630196 -18.86604381 4.59643321
v -46.66595504 -16.02901814 4.68773739
v -41.12212102 -20.32441379 2.84680252
v -46.63465369 -14.44505987 2.44856593
v -41.75375915 -15.34911737 -1.88990872
v -35.43106170 -17.48097608 -2.21055975
v -55.50678806 -25.53368156 9.54334651
v -56.64107742 -24.15399606 8.31795083
v -55.72414966 -20.15184872 7.45395152
v -45.11441611 -19.02519016 6.60489624
v -56.29695666 -18.45370619 -8.13505411
v -52.01300182 -13.63782535 -7.84868271
v -56.95470855 -21.14490983 6.47688186
v -51.39262836 -12.25069209 -24.36421014
v -42.54279114 -18.63349383 -33.32707954
v -49.23044123 -25.77542600 -44.88635068
v -43.32921680 -25.78862431 -44.40944523
v -46.13418367 -24.21792847 -42.78108368
v -38.50803622 -27.47555416 -41.58697055
v -39.80942100 -25.87215108 -41.49005297
v -39.24126880 -26.33429030 -39.79133742
v -48.08365877 -22.88266647 -43.12437139
v -38.90420024 -24.74310762 -37.68027463
v -44.79519502 -23.57918918 -41.95877210
v -36.54758102 -25.15651262 -34.46428448
v -30.30430508 -26.72507569 -29.15571990
v -35.22075945 -20.59536406 -33.33007639
v -43.37171157 -20.03262782 -31.49685478
v -38.19335671 -19.74511440 -33.37563072
v -48.14786302 -21.05388582 -28.58147424
v -36.83968411 -20.92127003 -34.11660784
v -32.79954842 -20.74426327 -31.61782912
v -49.64487695 -19.49553416 -27.64560430
v -47.41996454 -20.98797155 -29.90157239
v -55.01618519 -19.49640137 -27.69707561
v -34.69006245 -18.29225061 -32.65207313
v -52.62712277 -17.99362419 -26.62249738
v -50.21241393 -15.38762098 -26.00270779
v -29.41298943 -16.40365485 -30.99189157
v -52.97703407 -13.46671750 -24.69281413
v -29.42659324 -15.35080870 -30.34182204
v -30.90078965 -13.15529249 -30.10625380
v -51.16693228 -11.59656003 -23.08840584
v -51.49166378 -10.25816416 -22.85716670
v -42.30816940 -8.87057748 -22.56516998
v -34.31789565 -5.51831638 -23.43261846
v -36.93415629 -4.54288141 -22.49649592
v -9.23486363 14.58171079 -2.14321956
v -7.28444572 13.61642930 -2.76430516
v -4.08140009 12.09625508 -3.27272766
v -5.40762838 11.80329393 -6.12157620
v -1.37137232 9.06498885 -4.33800681
v -7.15937955 9.23753533 -9.89925273
v -4.30529131 5.73630224 -10.54243968
v -4.68811814 8.50940027 -8.35362750
v -1.53711436 4.07145197 -9.14232927
v -3.50880108 5.91080734 -11.01942333
v -0.30757935 2.39848321 -8.50647899
v -3.36688911 0.56158499 -12.07440833
v -2.53252397 -6.22246840 -11.15319540
v -2.03710471 13.45214463 4.81379543
v -1.04172788 1.84884367 -10.39239032
v -29.43999011 -16.86164442 -5.55863714
v -43.08644031 -14.03809691 -4.33981870
v -39.65797396 -13.60703853 -5.51082664
v -35.49632349 -13.43272241 -5.61683114
v -36.44281593 -10.77710687 -8.19136693
v -32.33221440 -10.82740325 -5.76785108
v -40.44234552 -10.54908500 -12.74586048
v -59.29741613 -5.45781100 -11.42058356
v -55.74340900 -7.72425199 -11.73448577
v -61.50798712 -5.32334514 -9.17818292
v -39.89986172 -19.93745903 1.32769653
v -38.80679623 -22.07875806 1.70482909
v -48.23676542 -12.54515560 3.28291418
v -40.03724815 -16.29004509 -1.29709165
v -48.22113249 -15.23446580 -7.49983987
v -43.50623913 -14.40746189 -8.38306396
v -42.52595954 -12.59430959 -4.98136305
v -62.57057062 -3.59693492 -11.47295659
v -55.97590976 -4.42303849 -14.41882908
v -60.86275086 -2.01140317 -12.53349950
v -60.85899245 -3.33132947 -11.94091655
v -60.70178163 -0.45547093 -13.75011778
v -58.19650213 -1.48850379 -14.94344237
v -56.29099508 -2.36204551 -16.48144118
v -51.43868236 -4.63251292 -16.70721916
v -53.66057230 -2.71591916 -18.09320127
v -17.20886897 19.93413104 -5.43320101
v -60.88535424 14.70906695 -20.80027699
v -95.53989909 30.14890493 -14.71098093
v -98.16654828 29.02629588 -15.78963184
v -91.01836933 30.72535409 -14.23290109
v -74.17523820 29.56217437 -14.74573475
v -76.33365811 33.31589142 -15.80766488
v -78.45688849 33.93643341 -14.53042873
v -82.45447150 37.37891572 -14.40017931
v -83.65852902 40.67278984 -15.78624880
v -68.72590888 38.50384534 -15.82587245
v -85.46660218 42.50475366 -14.60658663
v -66.15791613 40.58569817 -16.28095434
v -19.95901556 -12.64955233 1.99992497
v -16.63434880 -17.09689557 -6.02044149
v -22.84921923 -17.94033273 -5.49954176
v -15.25393668 -17.90921949 -7.87674514
v -34.08287046 -22.46936189 -5.21790554
v -19.38598720 -21.40346506 -10.80961975
v -23.12725695 -23.65538248 -12.17894142
v -28.03294115 -24.74496014 -11.92541048
v -35.61363077 -27.76757694 -9.46536936
v -30.28939358 -26.70190890 -12.50169860
v -33.25900670 -26.63356595 -10.05104170
v -56.63791421 -40.22646205 8.92050035
v -51.85356657 -27.00369152 -0.91537323
v -51.40253872 -34.08366795 10.19701772
v -53.18302830 -18.61263561 6.98092854
v -43.96846735 -21.12280859 6.31689421
v -62.07269505 -16.89684801 -9.12210248
v -24.85667673 -21.22545843 -6.85493155
v -64.92134594 -16.07361745 -9.13413453
v -60.73776114 -15.95990986 -8.45544639
v -64.15450594 -13.46617685 -8.57636340
v -31.23981415 -7.04998594 -6.55805573
v -26.93776827 -4.82120643 1.00523968
v -35.16259513 -6.80151317 -12.68535860
v -33.50181241 -6.37377761 -8.92227871
v -71.20878942 -3.60921066 -11.33580992
v -28.36132604 -5.95409829 -1.26793534
v -47.90112603 -5.63321690 -16.53908505
v -66.50680924 -3.40772848 -10.19016417
v -27.51821660 -3.44318807 -2.66054539
v -66.89501114 0.33041566 -11.47486972
v -27.93496127 -1.46709533 -4.41235667
v -32.41290912 -2.82945095 -13.66371528
v -73.15622446 -0.79283629 -12.15317551
v -68.74969170 0.77776138 -11.49010331
v -62.43049843 -0.40479572 -13.72243817
v -27.34736034 -0.54537553 0.95934324
v -28.27323373 -0.23662374 -4.95079929
v -25.76327273 0.99219697 1.92080451
v -71.22788337 2.56715862 -11.85663537
v -75.14217563 2.14068642 -16.29934483
v -74.30195442 4.05511700 -12.74991884
v -72.62474196 2.98412512 -13.19493382
v -70.71977414 4.27732785 -12.21845737
v -25.33275771 3.85804514 1.15323857
v -75.11271731 3.82522873 -16.12659768
v -71.98657726 5.99577447 -12.79102645
v -69.63539105 6.89182033 -13.19224138
v -71.09812474 9.21375817 -13.57267947
v -77.09416241 11.59039678 -15.19248549
v -74.26818427 9.65173564 -15.06752196
v -24.86634544 7.73167275 -13.39050500
v -61.06956798 12.37486655 -17.57882765
v -26.58769891 9.25571836 -16.82669421
v -75.44786896 13.75621613 -14.72743265
v -26.09339466 8.06403527 -15.43427110
v -73.31089652 13.13823462 -13.92171710
v -81.70505950 14.72448862 -16.17318077
v -67.76196733 18.42474029 -13.49629275
v -75.25880487 16.67042060 -14.02023969
v -23.55550569 12.33814745 -13.80487124
v -71.43848773 16.73276671 -14.22679572
v -18.46767310 14.86348819 -3.95302748
v -77.47513745 18.14099996 -15.07175097
v -69.08307835 19.27706595 -13.47640202
v -18.50202896 18.01224949 -4.53535422
v -20.00548856 16.43920633 -6.81405354
v -22.91164305 19.56660678 -13.05245443
v -70.70735560 22.84536953 -14.14678093
v -78.69406955 20.69135195 -14.99562877
v -76.74807073 24.24889295 -13.72025086
v -71.73699250 25.20082445 -14.90804636
v -23.80737615 10.06257639 -3.55037424
v -28.39781634 2.04483392 -4.89850328
v -26.31117143 5.30964713 -5.44703317
v -27.70372349 3.92362520 -8.18905423
v -24.09127831 8.69765178 -9.96285296
v -30.42640021 -2.77770460 -6.70739762
v -23.28268630 9.73606881 -11.08449629
v -29.28197182 1.81048452 -9.27393896
v -25.86230446 6.54966095 -7.64413328
v -28.12339995 3.95302721 -13.04569042
v -32.62620812 -3.70795088 -12.27530950
v -27.64013472 3.42674336 -13.83637782
v -40.52364243 -10.92556475 -11.25149150
v -33.87591132 -2.47990544 -16.43523532
v -33.23764702 -1.76270507 -17.35701818
v -30.52070515 4.28984803 -19.08478793
v -33.29935269 1.20833351 -19.74094127
v -16.85995891 -10.98131025 4.36127905
v -27.71865144 -12.12452256 -3.08907757
v -19.93647398 -19.66244254 -7.87634831
v -48.78366406 -23.44112039 -4.30781072
v -52.32789510 -21.37101299 -7.09912393
v -47.70154395 -25.41628963 -6.10844375
v -53.40642921 -21.07186162 -7.76921434
v -48.13109958 -25.48906458 -7.78912167
v -49.75576712 -23.51257438 -7.04333452
v -62.77918161 -19.88900434 -10.60358131
v -57.97613024 -20.51938414 -8.86726343
v -53.47246792 -24.83201769 -9.64473337
v -64.41585032 -17.50044019 -10.96307417
v -49.10016332 -27.40263092 -11.15601758
v -56.83956131 -23.85424277 -9.93341913
v -52.01867412 -26.48687557 -10.83401258
v -67.78314471 -14.69812381 -12.60946471
v -62.10887391 -20.51890370 -11.61569311
v -64.86463537 -19.61972159 -14.72591318
v -60.06368502 -22.65500747 -11.44561477
v -57.28687433 -26.00374523 -14.15457002
v -55.42235800 -25.47847450 -11.48494225
v -53.01115218 -28.16351245 -15.19314022
v -62.03948865 -22.73422186 -15.95833066
v -66.10294532 -18.81788829 -17.26718565
v -58.81716244 -25.87823630 -15.91059131
v -49.09348449 -29.68217570 -15.84445985
v -51.48274083 -29.21439824 -17.06967844
v -63.00395181 -21.76237367 -17.91665601
v -55.42263224 -27.62173822 -17.02778263
v -63.98011318 -20.08027907 -20.07754778
v -54.54884911 -27.99456059 -18.60484616
v -7.90016386 13.00535359 -5.18604226
v -9.47283582 13.17556533 -4.08954330
v 2.71328207 7.46886207 -2.47149629
v -18.39093238 19.15907017 -11.91428562
v -11.58547033 13.46200889 -5.97290590
v -13.90898556 14.24628445 -6.33715252
v -21.05710932 20.21648070 -13.85742285
v -3.25629727 10.41794706 -5.58697699
v -3.99508604 9.05262823 -7.77007211
v -13.38227338 12.41070762 -10.23377851
v -8.85141272 11.47690434 -7.56671884
v -11.49364501 11.26046572 -10.75348249
v -9.95377219 9.85600147 -11.66907093
v -15.38440437 12.42638375 -11.12948101
v -22.22075663 12.58802803 -15.82379400
v -18.43393118 13.98158865 -12.28634364
v -17.11260262 11.25600086 -12.91689262
v -15.32125560 9.71585916 -13.63283230
v -7.74735780 7.64069672 -13.65150658
v -20.39655573 11.09462389 -16.04417417
v -6.60084223 3.83695516 -14.90550251
v -20.23192024 8.90385510 -16.82190301
v -24.08361235 10.21940278 -18.51072917
v -19.34906768 7.58559424 -17.28219420
v -26.25936522 9.35536126 -18.63775384
v -23.64074445 7.76789104 -19.69897973
v -26.36150959 7.24762352 -20.89318902
v -28.97135439 6.54850064 -19.73079801
v -49.99266150 -3.99689148 -19.01995553
v -58.53313415 -24.67667545 -22.40334568
v -56.53842890 -27.43137549 -19.96484985
v -62.12108255 -22.48098392 -20.77013833
v -54.64595943 -24.10013685 -26.20429830
v -57.50154679 -22.24534692 -24.18304960
v -60.80949115 -20.82418794 -22.76398636
v -63.53627576 -16.00620640 -24.13906499
v -66.30010232 -14.11092982 -22.59378881
v -63.64041244 -17.24076980 -23.24325988
v -69.13021703 -11.73530467 -21.33280244
v -68.61414477 -9.87378926 -22.00296533
v -65.14325032 -8.24717443 -24.40344504
v -70.89167260 -10.08181407 -19.10726924
v -87.39743151 47.32125551 -12.63018675
v -86.43420133 44.22190996 -16.69100480
v -89.06630758 44.61955582 -14.56438516
v -85.56169565 40.50655469 -18.99637092
v -81.89359540 39.03551620 -17.75706023
v -67.50980689 38.64724800 -18.94971553
v -69.66870169 37.45613269 -19.00287886
v -72.08740225 34.88260881 -18.04613419
v -93.56877110 30.71918121 -15.92019600
v -77.06455307 33.49815774 -18.49777395
v -97.84539029 29.16712743 -16.94715242
v -75.95976633 30.20214308 -19.71163454
v -85.58677660 27.28686030 -18.87945762
v -82.33250497 23.84037684 -20.48515938
v -78.68589897 21.72160855 -20.38516961
v -70.55896787 20.38213982 -19.95722995
v -76.80760268 17.70439541 -21.40405475
v -61.75805170 -1.76123789 -21.01907145
v -69.20293825 0.13594160 -21.80714722
v -62.43178669 1.10957615 -20.42560800
v -68.06157227 1.04781689 -22.11662818
v -57.52436747 -4.48245539 -20.44983343
v -66.77419094 0.05899033 -22.14212451
v -72.25481970 0.65006291 -20.72468001
v -64.22836464 2.77890641 -21.68971924
v -67.27261330 3.53223683 -21.68204433
v -55.94022498 -1.71642943 -19.36915533
v -64.80465089 2.92268516 -20.31247820
v -58.15290582 -0.27301079 -20.22902969
v -69.37318138 7.37095472 -21.38146575
v -61.41020933 5.89257522 -19.62137867
v -62.78957590 5.65944166 -20.35273764
v -73.92170614 10.15557774 -22.14369138
v -71.00724260 6.74995449 -21.67745130
v -63.38277363 9.70723125 -21.12033016
v -66.93086702 5.39240769 -18.89913900
v -65.24911439 13.27513008 -18.82843237
v -71.42006320 12.94094463 -22.25198481
v -65.18662542 10.96756814 -17.79380540
v -60.78686598 12.12820646 -21.67879506
v -48.17644123 -36.34594834 -42.69787832
v -44.84935834 -37.52495743 -44.36045980
v -13.07629043 -16.77076292 -19.69425638
v -24.00650116 -39.91446505 -49.54328493
v -20.23721978 -39.81313591 -51.46452256
v -50.41814018 -27.37566791 -44.81349284
v -53.48797137 -23.38232401 -43.69905467
v -40.25672769 -27.39389755 -44.16053940
v -43.48984482 -24.42048574 -44.34135440
v -51.08927817 -23.93555777 -44.02771638
v -32.81129069 -24.82025631 -31.83411349
v -31.00858200 -25.20834161 -29.30337384
v -29.75382181 -23.76697506 -29.78132194
v -34.67416691 -24.92254792 -31.96018786
v -42.21357789 -20.96229749 -34.24720174
v -51.38489176 -19.07268426 -27.05657231
v -50.49131643 -17.75995827 -26.98414022
v -30.00949491 -19.85144871 -30.75929121
v -28.05247939 -19.58796497 -29.81925318
v -26.99718823 -19.03099288 -30.91345674
v -21.72204056 -19.79267924 -25.99595571
v -20.93849907 -21.36498579 -25.45143485
v -29.58465668 -23.05608398 -7.17773972
v -53.19208829 -11.48227328 -24.74319127
v -27.75275732 -17.16825632 -30.61286558
v -25.67777967 -17.52120796 -30.39401949
v -22.46065617 -18.14028571 -27.78139512
v -41.96721829 -14.92766209 -27.94340711
v -42.98077041 -12.12604331 -26.09409894
v -34.07568894 -13.11097564 -30.25035230
v -20.32933040 -18.47903228 -26.36257295
v -27.62116376 -14.85060279 -30.66262768
v -24.37299977 -14.11254977 -29.93009930
v -15.46548946 -16.90185690 -21.50809847
v -16.47386795 -16.01694974 -23.30657195
v -26.17699951 -12.94235858 -29.85663776
v -19.98673307 -13.45923197 -28.79989266
v -27.80973115 -10.68857430 -29.48630670
v -52.09233719 -8.21126182 -20.93740367
v -23.42732905 -12.65918376 -29.09718129
v -34.11249186 -8.48231992 -27.42876441
v -30.62795842 -9.74824238 -28.96344620
v -18.58134835 -13.87368673 -27.73868778
v -16.60857765 -13.55058133 -25.37567814
v -46.96665897 -7.21451351 -21.52028897
v -13.79024781 -13.03478955 -21.59433260
v -20.50151477 -12.08496802 -28.43910944
v -23.78987498 -10.58078643 -29.69354889
v -48.27680982 -5.56155990 -20.97734527
v -24.72310816 -9.22400795 -28.72534669
v -26.87450260 -9.61559601 -29.55108534
v -20.34696642 -9.63086850 -28.58296804
v -19.14085601 -10.88329527 -28.19656426
v -43.32022602 -5.87356508 -21.59209511
v -54.52411587 -3.88658790 -20.36178110
v -22.12948591 -10.79894646 -29.13751921
v -16.71738187 -12.79316932 -26.54343706
v -24.57290586 -8.37054314 -29.16679779
v -14.04007031 -11.28490252 -22.59899701
v -30.35799091 -7.83678137 -27.55304771
v -12.64518155 -10.94494145 -22.19376951
v -17.97920604 -7.31451471 -26.76194431
v -15.14599725 -9.37217458 -25.28233820
v -9.90781559 -10.75931108 -18.87730822
v -7.06886670 -10.45805531 -15.08651060
v -9.61620653 -6.98438350 -19.82084954
v -14.67922647 -6.68064709 -24.40319731
v -39.95166094 -3.65322188 -21.47299635
v -17.36516420 -5.62916727 -25.78671031
v -13.01403911 -6.86635186 -24.33820076
v -9.20632749 -8.27832752 -19.94542205
v -31.44725607 -1.81891341 -23.08134120
v -23.38135670 -3.48161392 -25.83808473
v -33.39286862 -3.73205893 -23.17078650
v -24.76155031 -2.60691918 -25.25313225
v -9.09308867 -6.05998479 -20.01849456
v -15.70847951 -4.02529699 -25.20506383
v -24.02147266 -2.12522170 -25.87877590
v -6.39989279 -8.46861907 -14.97323794
v -16.60078570 -3.97547776 -24.47306665
v -19.00775997 -3.74758971 -25.15645518
v -13.29384803 -3.00748846 -22.27140412
v -21.44007229 -1.91312320 -24.59258509
v -33.89192311 0.02583265 -22.08961349
v -17.07236370 -2.19191447 -23.62878216
v -12.90824267 -2.08865335 -22.06916663
v -22.45862013 -0.20565214 -23.97025792
v -29.99091308 1.23925242 -22.74201831
v -27.25963020 -0.70746011 -22.57555353
v -26.84135724 2.85643658 -22.14326048
v -6.50213423 -2.36357287 -16.14934615
v -8.56077485 -1.05238914 -18.14608106
v -7.82892669 -0.41252094 -18.60156565
v -12.32149725 2.46796754 -18.99338387
v -27.90807967 4.55544186 -22.09499483
v -10.23354919 0.88241884 -18.76815860
v -20.19250462 5.72129466 -19.63806602
v -7.91815979 3.48577316 -16.84732832
v -9.42488723 3.49458328 -17.13449904
v -20.92996499 6.37397321 -18.01527803
v -11.36399105 4.03375479 -17.92339457
v -10.31732732 3.29433709 -19.07724557
v -17.94777991 7.34134520 -17.45707412
v -10.64404382 6.76247538 -14.55490012
v -40.35279294 -31.73576892 -26.12011946
v -43.82550278 -33.03374168 -29.47911478
v -42.14548388 -33.60873667 -30.12588437
v -44.63603769 -33.91210773 -32.25797767
v -41.39818014 -33.92464540 -32.29258074
v -17.55805971 -40.02135339 -33.87749696
v -44.33108025 -34.60386989 -34.38916633
v -13.90416404 -39.65395325 -33.92692523
v -12.88845900 -39.19381575 -34.03051165
v -41.84330831 -34.15633323 -34.37178141
v -43.20113656 -34.85223916 -37.56479473
v -15.90436841 -39.99453026 -35.29112823
v -22.58274770 -38.66453122 -38.95218117
v -19.07465997 -39.89392026 -37.33979026
v -46.24809085 -36.17081379 -38.41947794
v -16.60092132 -39.52948533 -38.83859583
v -18.47753936 -39.65062345 -39.03882777
v -45.00544537 -36.12456556 -38.90651067
v -29.38497178 -39.26596310 -38.30691350
v -45.37026412 -37.18848039 -40.28854545
v -37.94493499 -37.14924591 -40.22399332
v -15.79990189 -39.74205686 -41.16874224
v -17.62806688 -39.78110611 -39.77267157
v -14.10480796 -40.19527422 -40.36364005
v -42.32272368 -36.76594819 -40.18499573
v -13.35817721 -40.23020899 -42.47920867
v -32.33333610 -39.54235356 -40.55720513
v -22.26933486 -38.87780282 -40.03467961
v -38.91527033 -38.24409840 -41.26141546
v -26.47204443 -39.76875887 -41.13882896
v -29.04259739 -39.89119892 -42.39983255
v -34.84292822 -38.81535895 -40.71925041
v -45.97550256 -37.42044568 -41.90176680
v -15.30173311 -39.76882481 -42.68819778
v -42.34212629 -38.27945522 -42.60675242
v -11.14910082 -40.08790515 -42.57241519
v -21.40182026 -39.52282609 -42.72164230
v -39.60471736 -38.96517205 -42.81884259
v -36.31172985 -39.67987882 -43.70380296
v -13.23740370 -40.54054749 -44.92989763
v -21.81174841 -39.99740277 -46.00154980
v -39.28664718 -39.17382465 -44.92030270
v -19.48622924 -39.58753092 -44.02898955
v -25.09840006 -40.15775509 -45.05427740
v -33.35987189 -39.81141276 -45.27797159
v -15.50262780 -39.53878871 -45.93960215
v -12.37824707 -40.11507447 -47.39034593
v -31.06198358 -40.61986457 -46.34687585
v -27.80805581 -40.08769344 -49.45832795
v -20.25765963 -40.22991690 -49.44116820
v -34.59916606 -40.33464900 -47.81503977
v -17.19145072 -39.88281673 -48.93847087
v -32.03449247 -40.17021579 -48.87957542
v -39.95310535 -40.46932244 -48.42383112
v -41.16888652 -40.63271509 -49.89199143
v -38.29794206 -40.19000739 -50.82106853
v -46.33862771 -40.75834310 -52.26233346
v -49.52803528 -41.06205575 -50.42263881
v -48.42574560 -32.25228002 -32.81729900
v -51.90405083 -32.16723457 -40.90966601
v -51.54383489 -31.04473770 -35.88094875
v -48.48362275 -29.27175201 -29.25202775
v -49.68548316 -29.08884587 -31.90452673
v -51.83633651 -29.20883962 -36.16716793
v -51.97896136 -28.00328132 -38.79209433
v -49.26764878 -25.12294459 -32.85728658
v -51.92659091 -22.13749495 -38.25868901
v -54.31431665 -22.36451816 -41.67697869
v -52.98389873 -38.54875261 10.77343775
v -56.11142912 -38.24745037 9.52930731
v -53.77298724 -36.74464236 9.82040822
v -61.08377461 -36.82728968 4.68891936
v -62.61602869 -37.51086769 4.51805370
v -57.68576106 -37.57964378 7.23095854
v -56.72953950 -35.96847771 5.20770543
v -53.84253244 -35.33438106 6.38912678
v -50.97409826 -18.79319637 7.43665663
v -46.99171276 -17.59840927 5.37459365
v -42.75951147 -18.64068611 2.58060512
v -47.61909341 -15.95308217 3.92568490
v -39.68415087 -17.41985414 -1.09884036
v -54.20320258 -14.66023671 -9.05330673
v -25.68303471 -2.66708894 2.39840730
v -49.30912567 -13.33157910 0.61298617
v -45.78070382 -13.86586534 -3.09024608
v -46.44348594 -15.59042725 -6.01166874
v -54.20087298 -29.80400455 9.28823036
v -52.41834586 -23.32449496 -7.75556788
v -55.38843826 -16.09006781 5.98064022
v -52.53326812 -19.04516921 -5.65185524
v -49.09563812 -20.27830387 -3.87244327
v -54.06651776 -17.58236045 -7.02238353
v -54.31602015 -17.44220144 -8.03524717
v -32.51459960 -9.95532334 -28.46558927
v -38.70801365 -20.90171168 -33.78228432
v -39.29814464 -21.31776644 -34.81693080
v -53.86451384 -11.35150138 -23.25574706
v -56.76970701 -12.29626215 -24.16128908
v -59.68295493 -13.87271954 -24.79756290
v -55.64747116 -14.87667045 -25.07740389
v -35.91581723 -21.83784797 -32.82566083
v -43.87430782 -22.01867246 -37.44686892
v -42.61839444 -21.42151378 -37.69195391
v -41.59460100 -22.41485700 -37.95749879
v -53.47776078 -18.04607958 -44.45690806
v -54.07110309 -19.10464043 -45.17244393
v -40.14432530 -27.96167108 -42.09917182
v -46.39261649 -25.75136075 -46.05788438
v -43.75335897 -26.23702230 -46.28565039
v -7.69154121 -36.00241502 -43.15336666
v -18.81753308 -32.21112418 -44.74999050
v -13.60995000 -35.00815068 -43.07729674
v -26.97189620 -30.77796873 -47.98275025
v -39.71826026 -29.12668069 -47.55803708
v -18.20989967 -33.28710594 -48.94076131
v -36.73266329 -30.07860215 -47.29010942
v -48.05125617 -27.09947219 -46.72957933
v -28.19967273 -31.84403346 -49.28414115
v -16.13554142 -34.33431459 -47.38580060
v -44.52744137 -28.41532740 -48.06220821
v -14.10598627 -35.50654060 -47.91942556
v -20.46906618 -32.04184935 -50.25780607
v -38.06988037 -31.60216235 -49.39715641
v -32.97216723 -31.75232077 -48.14911157
v -44.99637393 -30.61962933 -48.36891910
v -40.95066483 -30.42039041 -48.97597949
v -25.02172996 -32.20685869 -50.11426057
v -29.35240187 -33.23160120 -49.74936971
v -14.85252289 -36.97461701 -50.06596948
v -11.76023592 -37.07357994 -49.44699012
v -33.13861154 -33.18015313 -50.13597421
v -26.14813465 -35.02556812 -50.63302717
v -28.01219450 -35.75364028 -50.95514161
v -39.77736630 -32.25865825 -49.49153277
v -21.05498187 -33.76232395 -51.46256339
v -26.35450967 -35.47173087 -51.11788871
v -18.62506066 -36.35363055 -54.24073554
v -30.60523210 -35.48148744 -51.20956530
v -35.85170207 -36.18608765 -51.26294802
v -35.09031037 -37.59544775 -51.62887839
v -11.31550748 -37.04641920 -56.60759809
v -39.08149206 -37.17961334 -52.37328447
v -45.72121906 -37.10197336 -51.78769107
v -14.73280344 -38.52229743 -56.35870733
v -42.88783763 -37.22886458 -53.22721484
v -41.73709812 -38.30415223 -53.95667176
v -48.47498958 -38.29802772 -54.13756451
v -44.57266536 -40.18669225 -55.09537799
v -51.24797434 -38.88854538 -54.24735892
v -12.89411704 -36.36037845 11.91526469
v -48.09668799 -28.53981225 -1.08287166
v -47.19744434 -27.26622215 -4.82932199
v -43.97220170 -28.52518007 -2.05868799
v -42.81520302 -27.96167613 -4.52022982
v -60.25088092 -40.11385519 6.96848789
v -58.39881924 -40.18312244 7.09869446
v -44.83712928 -39.67968596 12.83346972
v -51.96070947 -39.82866525 10.13164185
v -46.66994891 -39.44078102 10.63938426
v -53.57089914 -39.77252528 7.87070713
v -51.41566626 -39.92019749 6.49784715
v -48.63814809 -38.99340116 7.97702659
v -54.68777909 -39.97079163 3.09661453
v -39.60524656 -39.62898683 11.30404006
v -36.69336855 -39.61898942 13.72505063
v -42.23936885 -38.98934740 9.32477818
v -31.41173276 -38.77534846 13.06103422
v -34.39699491 -38.24377286 9.76173884
v -39.49945661 -37.89229706 8.30745148
v -42.27788393 -36.18896604 6.29375681
v -23.94971745 -38.13072556 13.18047422
v -24.79903232 -38.21206261 11.80838691
v -32.12388504 -36.99039689 8.70502129
v -26.70868045 -37.72591259 9.93396582
v -47.81075721 -33.75583985 4.24126256
v -49.74969993 -30.51445446 3.11976911
v -20.14746120 -38.44432825 14.37131188
v -47.55115470 -29.57426255 3.54630232
v -46.37796949 -28.24914167 2.07226177
v -16.85117530 -37.43073091 9.78561431
v -1.64761462 5.12355985 -7.64295127
v 0.27005892 -8.30948596 3.60175983
v -0.26828512 -7.60434367 -0.69006907
v -2.78347865 -3.20994398 -12.92889262
v 0.24506756 -3.57568289 -6.33288848
v -2.31614530 1.94251929 -10.58361630
v -3.74025358 3.72448278 -11.19476946
v 2.11571103 2.11789970 -3.38841885
v -0.40185319 5.43637897 -6.98990280
v 3.06201876 3.55148895 -3.66527940
v -1.71685749 7.16441787 -6.93456754
v -6.73960722 11.02323538 -6.12309878
v -52.13133355 -37.01496140 5.21811615
v -45.62188830 -24.42034898 7.58759322
v -46.61713084 -25.70095560 8.86441146
v -43.63000287 -27.30767324 3.49310001
v -44.46019585 -24.45303009 5.43362429
v -48.23781010 -23.42575389 9.17100304
v -46.09286914 -21.49367325 7.43040240
v -45.82259546 -23.86721538 6.34141296
v -42.23941809 -21.81491772 5.53868858
v -45.74587839 -20.21933667 5.86329729
v -35.13081780 -23.16763006 -3.31982043
v -37.67062796 -21.68023765 -0.86888413
v -31.95506940 -24.05491686 -9.37368947
v -41.78288185 -20.15188877 2.49674701
v -41.84471522 -18.65104176 2.06868410
v -36.29820641 -21.58227977 -2.29999346
v -50.67152846 -16.58783654 8.16766252
v -31.79223746 -22.15933996 -6.24029074
v -37.52588601 -17.85980088 -1.76130824
v -28.84013036 -21.43170787 -7.26407410
v -37.07453179 -18.79969441 -3.02966180
v -34.21512946 -19.02873083 -5.22988303
v -34.13622229 -17.72577314 -2.93363570
v -33.56439013 -18.14788605 -4.69508729
v -28.43819170 -19.34319756 -6.58759333
v -47.76926716 -14.05834931 -9.82836851
v -53.87129241 -6.49262400 -14.50835390
v -56.86878570 -7.36981874 -12.41310224
v -23.84414892 -7.57501667 3.99776178
v -64.91295663 -4.12659929 -9.27838520
v -55.56454687 -6.46373755 -12.63575692
v -57.20274768 -5.66131072 -12.99842926
v -51.46551486 -7.58804975 -15.48285376
v -57.31148509 -4.22051713 -13.42143965
v -62.32457605 -2.31761966 -13.16342706
v -66.33415390 0.49635975 -10.76122304
v -63.83190957 0.34807966 -12.61642951
v -73.10898319 1.99264340 -12.20402398
v -31.69865113 -1.64906017 -14.52652611
v -72.57688552 4.46156597 -13.03461236
v -62.96700464 1.76786041 -15.73673917
v -62.09205469 3.27930511 -16.30198911
v -66.23412116 5.13436066 -17.44442251
v -67.82436396 6.65931236 -14.22423197
v -66.16401696 4.95752425 -18.63767036
v -63.30598075 5.94280136 -15.82028471
v -64.59571954 7.48964058 -16.41960525
v -67.25160704 11.50825439 -13.70808255
v -60.50667717 9.85740042 -17.86304217
v -83.61587546 14.82818276 -17.40038605
v -77.69973257 16.58309427 -14.79521356
v -84.92910494 22.11554083 -14.86765187
v -72.56173182 21.57134616 -13.58234189
v -71.21095414 20.01639737 -14.52767386
v -65.32474664 18.80397738 -15.60150439
v -86.45868435 21.73129083 -15.88971335
v -81.32531830 23.85332392 -14.54417814
v -94.48807275 28.15299374 -13.36904509
v -97.21654243 27.42882997 -14.39455446
v -90.58394211 28.35155480 -13.08201878
v -85.59706719 27.14271821 -13.48173496
v -80.97757918 29.24241992 -14.41720762
v -72.77479187 25.18000694 -14.02578610
v -67.33151451 25.52344581 -14.95249650
v -69.25393084 25.93220060 -13.95233253
v -74.25447683 27.19418575 -14.07803016
v -85.67883660 29.59625863 -14.83441408
v -88.77112050 29.50937838 -13.54281371
v -68.99715527 29.67071610 -14.68417339
v -82.76021741 33.63663591 -14.67142130
v -78.54343860 30.79169266 -13.67347078
v -70.49046879 31.92736754 -14.79521779
v -80.29302748 33.86960717 -14.10878254
v -72.15983939 32.71816923 -15.85001382
v -68.79208727 33.98045621 -15.40683350
v -86.26721821 39.94665488 -14.27599204
v -88.65480966 40.92718020 -15.15108921
v -66.79670752 38.11232400 -15.39358292
v -86.91709621 45.35493915 -12.19894878
v -88.32238641 45.43542832 -12.11705446
v -52.70267234 -12.61701630 5.64332137
v -54.92634698 -16.50478992 3.96096567
v 1.69324582 6.62303803 -2.43482529
v -51.59236508 -16.28639289 0.47858518
v -6.44858697 12.75318670 -2.50355585
v -20.84438544 13.20931183 -4.86097676
v -6.14252620 11.87801971 -4.11044152
v -47.87370826 -17.62381771 -4.47168963
v -21.49719255 11.09200866 -6.03179952
v -15.92533645 18.95070813 -6.30834212
v -15.39423990 14.60700874 -6.90148195
v -16.99294253 19.76711594 -8.81553429
v -45.77404786 -14.95360553 -7.30942993
v -41.69214033 -14.05747350 -7.83356290
v -41.90810683 -12.43684701 -7.10678095
v -20.34725105 19.77983899 -9.30051502
v -51.81107309 -12.65440254 -9.30982573
v -33.72586518 -7.14536438 -10.18139756
v -59.51766484 -8.60585035 -9.50134919
v -63.84837548 -3.87244853 -10.51904489
v -61.63339667 -5.33268266 -10.57290742
v -11.17398764 9.05366683 -12.85469074
v -86.61471336 47.00739372 -12.78497532
v -28.92975047 1.98634841 -15.14916402
v -63.53610747 1.94442632 -13.71181471
v -61.97438281 1.86874821 -14.34065985
v -65.29750647 4.60824823 -14.12066530
v -30.43069078 0.47893102 -17.06508732
v -60.07661712 1.07362554 -15.06198422
v -8.87368147 1.37994042 -17.87807832
v -60.50873050 0.46224837 -16.00178526
v -57.21517055 -2.77291654 -15.73844255
v -18.51918278 6.13607300 -17.76461727
v -17.83200771 5.28346219 -18.70108815
v -78.50928637 35.68886924 -17.11738861
v -17.30787100 4.73434949 -19.83894546
v -63.07875148 10.15462977 -17.21246017
v -56.63961845 -0.76508488 -18.14962103
v -45.83400587 -4.24012431 -19.91623744
v -42.18919470 -3.31675198 -19.48565661
v -17.06222453 -0.20223083 -22.53920968
v -66.86472276 4.70516421 -20.40685799
v -49.87244401 -7.20493618 -21.12011693
v -67.75286168 2.40762992 -22.29305116
v -44.29176348 -18.67386676 -29.02585806
v -34.62538880 -13.47185132 -29.41965161
v -72.99080476 28.24577964 -18.46951212
v -11.79068383 -10.94271110 4.97671045
v -10.29095003 -11.54165317 5.12576298
v -7.08883815 -10.82768875 5.83237968
v -8.17604939 -10.56684329 3.74856297
v -22.49918980 -8.73914718 3.19282609
v -12.97177787 -11.51722468 3.38735501
v -18.86924948 -11.05077195 3.19508302
v -14.33072793 -12.14808827 2.26593212
v -4.90225543 -9.57004711 3.29134035
v -10.11872303 -11.07202714 2.32379809
v -41.80185995 -27.22140356 2.05731774
v -17.00254109 -12.99497664 0.60391750
v -6.88313603 -10.07027555 -1.35504385
v -37.16099144 -23.92155122 -0.30555642
v -14.00312391 -13.06548211 -0.63097152
v -10.96438121 -11.69629759 0.06905552
v -21.45766366 -14.30590007 -0.61673178
v -4.07232543 -8.65470218 -0.26561212
v -40.26855248 -26.79246976 0.23711221
v -1.56670782 -6.43082293 -0.86999875
v -22.05099023 -13.87852080 -1.72740948
v -14.28283658 -13.87697667 -2.38305112
v -0.23724203 -4.95725657 -1.90706668
v -21.19500009 -13.63763683 -1.34458846
v 1.32530872 -3.30752333 -1.96078201
v -24.95872006 -13.30551253 -3.00254301
v -25.34473011 -14.10207956 -1.97987256
v -49.53699335 -27.92123645 -2.43334855
v -0.56573772 -6.84925552 -3.40421523
v -9.03215503 -11.26702358 -3.81202496
v -11.45872709 -12.47515016 -2.78021179
v 0.85015679 -1.21420421 -4.86979202
v -17.21709064 -14.66049630 -2.27870316
v -37.13189866 -25.16677619 -2.68757503
v -39.65650017 -26.76359401 -2.88177080
v -2.50437093 -6.60083296 -4.15275804
v -39.59100918 -27.01150288 -5.43928819
v -22.24615673 -16.71194938 -4.51737358
v -1.91423486 -7.97847349 -5.34762736
v -3.70275726 -7.93600013 -4.53269779
v 1.65841478 0.00714584 -6.80899031
v -38.62720764 -27.40956046 -7.89365938
v -1.20234852 -7.81849571 -6.85591180
v -22.55940963 -17.84882907 -6.67821008
v -33.31147161 -24.26282024 -7.76288502
v -44.83392210 -27.91310595 -5.39449264
v -4.02972028 -7.82996743 -7.74318469
v -9.36072478 -11.84206615 -6.39221261
v -13.97710489 -14.86964610 -5.12878492
v -13.39443318 -16.54386596 -8.62512854
v -34.88532880 -25.81552479 -7.55032101
v -44.04696920 -28.32454292 -8.07949717
v -32.95848980 -21.91495686 -6.12562381
v -0.32359425 0.09450111 -7.62470777
v -11.35949047 -13.56705455 -6.88330405
v -27.00870739 -22.84820431 -7.59872809
v -20.55074674 -19.29487573 -8.21306086
v -24.11074007 -20.34934033 -8.53047321
v -27.63365969 -22.10117431 -8.65350814
v -6.23853249 -9.39731061 -7.46864713
v -17.96122432 -19.84249780 -8.97151334
v -24.51205866 -21.64401090 -7.90174107
v -2.53812757 -7.66709831 -8.68280534
v -3.41474168 -6.92410366 -9.22888835
v -31.14590143 -24.62131071 -8.34135964
v -43.40141362 -28.15541226 -9.57886002
v -41.80076352 -28.42247767 -7.82523500
v -14.42196828 -18.77931809 -10.13706017
v -35.66846841 -29.80500365 -11.24380740
v -23.31717412 -21.67623060 -10.01275101
v -27.53062007 -23.28264728 -10.40813641
v -46.73358929 -28.61344833 -7.87663257
v -5.68925660 -11.01940925 -9.96032310
v -26.10182094 -21.18713808 -8.85200385
v -15.51290484 -18.85896398 -10.71444854
v -17.91395696 -19.66294821 -9.71086618
v -25.01261570 -22.72858312 -10.78759273
v -13.19305531 -17.24806849 -11.04554388
v -43.38618055 -29.30729489 -10.87954999
v -28.95033496 -24.82660998 -10.79194028
v -30.01934949 -24.43298741 -8.95840059
v -45.23909817 -29.18570609 -10.55519096
v -39.44771300 -28.32934161 -9.72086599
v -42.26673221 -27.96890110 -10.49442571
v -3.44136094 -5.18194513 -11.90215098
v -8.26259177 -10.93947209 -10.39925034
v -11.04372369 -13.94498636 -10.08805972
v -46.84220123 -29.74922359 -11.77844146
v -6.41911391 -12.88415259 -11.33419507
v -37.12627387 -28.50853628 -11.69354571
v -41.91342391 -28.89109202 -11.32040099
v -8.83914279 -12.02581847 -12.88621723
v -7.24612456 -13.25421713 -13.74555207
v -8.80513121 -13.28771834 -14.42002418
v -4.78691101 -7.31494988 -13.28211483
v -27.46575403 -26.82559632 -14.36102396
v -33.07983701 -29.28860227 -13.02228745
v -18.70391111 -22.53805195 -13.52566721
v -40.48400124 -29.24741747 -11.54143902
v -16.60698437 -20.87253939 -12.94120901
v -47.40345620 -28.37511663 -12.06165168
v -39.25415528 -29.81114670 -14.94606589
v -52.21883368 -27.49403188 -12.69626461
v -45.07512341 -30.23479954 -13.84291819
v -10.47081980 -13.67031189 -12.48660358
v -48.93782131 -28.70745413 -13.55941911
v -13.87572521 -18.94193249 -14.57333718
v -42.53059469 -30.27253399 -14.99536537
v -24.10556861 -26.15408663 -14.89696750
v -35.25759419 -28.74908437 -14.62676345
v -45.72708166 -29.33505439 -14.16085178
v -15.63999508 -20.56711953 -15.36535265
v -31.55174293 -27.69154010 -13.78357135
v -11.84333420 -16.77030899 -14.88490436
v -44.81755195 -30.06985083 -16.20171289
v -21.48762171 -24.79599165 -15.17596299
v -42.19187247 -29.86839916 -15.70225073
v -29.02761206 -28.37077547 -16.39238683
v -37.69899945 -29.30735461 -15.43121427
v -47.02263689 -30.06550455 -16.32345697
v -7.96038981 -9.08204744 -16.94632894
v -8.53932181 -12.80877070 -15.28169993
v -10.82358656 -14.33064752 -16.67546989
v -12.49745994 -16.12558866 -17.30482274
v -34.73412341 -29.44086188 -17.26234300
v -32.44971879 -29.28989918 -16.92791409
v -9.46202378 -12.61636484 -16.42921228
v -18.37108199 -22.88311205 -15.89872610
v -26.08611669 -27.62997337 -18.27175319
v -22.19227658 -25.77990933 -17.78982931
v -38.50387525 -30.30834201 -19.16347256
v -11.68651682 -15.56965181 -18.08163917
v -15.45726813 -20.37330314 -18.26836888
v -61.97558584 -23.30120703 -18.24048087
v -18.63226178 -23.06836927 -19.84849350
v -30.79192774 -29.34940502 -17.66471773
v -46.22172801 -31.28215528 -18.30119797
v -33.04890678 -29.85749498 -19.15753748
v -52.60718468 -29.14468033 -19.18693848
v -21.99367546 -25.21724161 -20.04175117
v -39.66928263 -32.02270903 -20.98988539
v -16.34418441 -20.78435492 -20.35071096
v -44.34356388 -30.94731114 -19.62159630
v -50.42187530 -29.88037262 -19.30481826
v -54.48277599 -28.62667016 -19.33965297
v -58.16282357 -26.31545608 -17.89429934
v -29.68765620 -29.26118693 -19.08220879
v -37.28078585 -31.10690289 -19.43965292
v -35.15680655 -30.47621224 -20.86325974
v -27.30920852 -27.25899125 -23.31915824
v -48.18318166 -30.85760109 -20.70650076
v -24.74659810 -26.75811828 -20.56762040
v -30.91624443 -29.46144671 -20.93285787
v -17.05174028 -19.34723136 -22.90517996
v -23.80339961 -25.17193209 -22.64550184
v -42.04769040 -30.88758818 -19.11086259
v -68.54461638 -15.59881330 -19.31040834
v -60.15980533 -23.75731567 -20.80839956
v -20.43429346 -23.15234686 -22.13659605
v -32.60962161 -29.20182385 -24.05444774
v -38.37862405 -31.39783317 -23.59440143
v -34.77746011 -8.46717815 -25.51070604
v -30.43013209 -28.68822202 -23.01977295
v -13.46420106 -7.94820980 -23.37821648
v -20.43057716 -21.64969143 -23.58415202
v -65.30441869 -18.17227217 -21.04391014
v -49.54654098 -30.41516885 -22.49539115
v -19.49913691 -21.37053279 -24.04646773
v -36.49375563 -31.07280080 -24.24744377
v -23.23706047 -22.25655868 -25.10163972
v -49.62668721 -29.90834233 -23.88045131
v -51.55073804 -30.51875879 -24.18102636
v -55.96544524 -26.07628443 -22.86897567
v -56.32280610 -25.39982075 -23.93340047
v -38.22741878 -31.64809242 -27.26598214
v -44.73660005 -31.05311429 -23.10350253
v -48.15879184 -30.97382086 -24.03657015
v -42.67359761 -31.05300987 -23.83779954
v -25.38051428 -25.14115467 -24.37594872
v -37.91786854 -30.65905554 -25.46180479
v -21.75522896 -22.50317081 -25.42343408
v -50.12330619 -30.49660521 -25.87635027
v -29.83681902 -25.62102233 -27.15949606
v -52.37189601 -28.30420780 -23.83971198
v -55.09289543 -24.66699735 -24.49667465
v -49.03281144 -30.02879079 -25.85445674
v -24.05098594 -22.42469603 -27.26446971
v -24.87582712 -21.85591577 -26.67099508
v -26.19594505 -23.42492565 -26.76978813
v -41.51211489 -32.39383742 -27.01761448
v -27.32450111 -25.12257345 -27.73663032
v -36.48893813 -30.64139019 -26.92803552
v -44.31865326 -31.83145612 -27.09600857
v -48.10892620 -30.54143652 -27.14159228
v -33.01661871 -28.05804270 -27.76524338
v -30.84648045 -27.15642416 -28.43547023
v -57.83366819 -16.70331296 -25.73706932
v -20.85356231 -14.54697249 -27.94834806
v -51.48379774 -21.58144015 -28.39253313
v -32.15865346 -26.33950783 -28.53727121
v -32.75735113 -26.61150009 -30.73365634
v -37.98199038 -31.48537984 -28.66834051
v -40.23481842 -32.95230208 -29.29128894
v -9.16557663 -37.76225544 -33.01909848
v -37.05344756 -31.10996914 -31.48921583
v -10.95606602 -38.99804087 -35.16416557
v -35.26448563 -29.04832641 -30.10916971
v -12.42839791 -37.59683121 -37.75162906
v -16.69981145 -39.40122809 -36.69457569
v -39.20164074 -33.10879162 -34.00424088
v -17.17085129 -38.80510090 -37.61031761
v -38.06542540 -31.71671407 -35.98495231
v -41.83672857 -33.53569594 -37.49213365
v -15.20306057 -40.13733532 -38.88598963
v -40.15833594 -31.20513065 -39.13995124
v -42.70151634 -34.92868445 -39.18021027
v -14.25698343 -39.11475609 -42.41391863
v -5.59452859 -37.53065761 -41.90103512
v -12.27008960 -40.06684834 -44.82938397
v -51.02324950 -33.18539428 -42.45387172
v -8.77090132 -39.87875352 -48.05081427
v -5.79072104 -38.79222505 -48.50981928
v -14.44272078 -39.97097151 -47.74362711
v -12.63693211 -40.17106145 -50.09905873
v -33.06694597 -39.22337642 -50.64159171
v -43.20114976 -40.38628310 -50.80846019
v -17.36298695 -40.45554597 -53.74442753
v -16.36088730 -37.97711674 10.73020788
v -40.78749722 -39.41936926 13.30262375
v -47.05359777 -39.86877374 13.13356046
v -22.59374272 -38.07014220 12.06241407
v -20.41672811 -38.24302552 8.88661082
v -49.75082636 -39.88649185 9.92270764
v -62.67539000 -38.11113060 3.66415804
v -59.74402903 -39.96571915 3.51337032
v -42.98390066 -23.66414125 4.11714634
v -60.39006611 -39.41448057 3.04294614
v -39.69054168 -24.92762543 1.97808672
v -51.46038413 -28.10421534 0.78559351
v -48.82201123 -28.38385439 0.76715373
v -25.91999741 2.52102417 0.99864418
v -23.81421336 -3.75597699 4.04142926
v -24.79356736 -3.49962652 1.74332286
v -24.16139436 -4.74080512 3.29903787
v -23.84931809 -6.21493644 3.34514693
v -24.93702147 6.38440847 -1.12935343
v -26.03020777 8.01935007 -2.58026312
v -26.47024248 -1.34508058 -0.06472463
v -25.89787190 4.59841490 -1.79083836
v -21.17544245 13.06353074 -8.78970143
v -26.40646452 2.21553969 -1.98440224
v -27.23301832 2.00772954 -3.70447130
v -22.33454360 11.97258802 -11.24868787
v -27.57510836 -4.31828288 -0.86289512
v -27.50490812 -2.45527271 -1.39854631
v -27.49635575 -0.70708360 -2.42185868
v -28.27622707 -2.99542743 -3.32325380
v -26.85556720 4.80216880 -9.23154967
v -28.96483334 0.83758059 -7.32857091
v -28.06497616 -6.51133465 -2.42280491
v -29.37021625 -5.50107001 -2.36643980
v -30.11150368 -4.97830453 -6.29916542
v -30.20756644 -4.74836334 -4.85269090
v -28.51320722 0.69370813 -8.51607821
v -30.20453521 -2.75381701 -7.66431232
v -28.99900781 1.35504399 -10.88812489
v -55.05460191 -16.46024634 8.13215735
v -39.83382744 -12.60783762 -9.12441398
v -57.17650199 -23.32438846 6.36529250
v -56.18763289 -26.59913718 6.16787866
v -54.39350839 -23.53478879 0.28217979
v -50.06289763 -16.46552383 -5.24678696
v -55.12549517 -25.92950837 3.47187975
v -49.84923233 -18.59630206 -7.40256805
v -51.93492611 -16.37429482 -7.11851709
v -52.63979244 -14.14085095 -9.00156270
v -51.81974233 -15.88662868 -9.14274002
v -47.45689299 -28.01553927 -9.34382283
v -53.13529264 -22.32550278 -8.58817059
v -56.72626532 -19.42604709 -7.41814262
v -69.54348686 -6.52778091 -9.83355299
v -68.78569592 -4.96138241 -10.22488885
v -60.61463573 -22.71272456 -13.01996806
v -68.92555478 -11.73830315 -11.36584087
v -71.27308224 -8.71368990 -12.66472767
v -75.12994184 6.24817800 -15.66538769
v -72.77798541 -0.96492954 -13.07059133
v -73.99214379 2.89512072 -14.74067913
v -50.35169639 -31.19031834 -20.08597957
v -74.90582114 -0.77912568 -14.70353338
v -61.70479718 -23.85720570 -14.58378430
v -51.97893380 -29.46802805 -21.58073622
v -73.43370561 -2.91885727 -13.59508499
v -77.54864418 8.69011197 -16.05987533
v -73.94010860 -0.07651831 -15.00292465
v -72.27077477 -8.55685780 -14.78832472
v -76.77371680 5.83874162 -17.99346735
v -75.81524851 3.77812342 -18.87582190
v -78.08955544 8.45065862 -18.60046351
v -79.84962595 11.20128742 -20.00852644
v -73.16802870 -5.06263490 -18.44688234
v -72.47179225 -0.67214749 -20.34451972
v -50.60639600 -30.16750446 -27.13501400
v -78.16587896 9.81824948 -19.49198663
v -68.84379154 -14.78272596 -18.24609536
v -71.53715427 -4.96427441 -21.56309871
v -70.24077228 -13.87914950 -18.45298569
v -69.36212612 -6.68243501 -21.97480370
v -71.94284198 -3.15105976 -22.13356341
v -66.80602049 -6.88488263 -23.86479598
v -78.65964417 8.35661579 -20.77675579
v -79.55353250 9.76607474 -22.28668425
v -71.54020775 -10.99288369 -19.54867933
v -52.63071688 -20.60573488 -40.87147774
v -52.52626099 -29.61588571 -38.58331247
v -54.97743814 -18.52834042 -43.42874766
v -51.19149489 -26.46468656 -41.40882492
v -52.05096889 -29.55477701 -41.21567503
v -37.13453872 -27.88752016 -39.82543030
v -53.94136971 -26.60486268 -24.83564162
v -58.47124543 -24.17634562 -21.81294017
v -52.45406157 -24.48027364 -27.54501339
v -55.91832661 -22.50719038 -26.31248246
v -55.14711115 -21.39031778 -25.28404534
v -59.61096278 -19.30577212 -24.43467071
v -55.85886868 -18.97231574 -26.14287585
v -61.24554778 -18.60603260 -23.57906878
v -57.78211953 -18.42851739 -25.58401722
v -59.65034998 -17.22678030 -24.52525299
v -64.82511162 -17.37807872 -22.36490952
v -56.02090313 -17.01660295 -26.25363241
v -61.13209554 -14.54832700 -25.26184394
v -57.79091737 -15.42422105 -26.37871226
v -57.56073505 -14.74086623 -24.88646422
v -62.74436451 -14.67501122 -23.87220662
v -63.14585893 -10.11456301 -24.68695248
v -61.41083602 -10.15819253 -23.69655652
v -66.47110371 -10.66583245 -23.38018605
v -59.12748553 -9.87850953 -23.25537203
v -68.48242611 -8.41851532 -23.06018017
v -67.08125774 -8.79283266 -23.04063042
v -60.52345916 -9.86490943 -22.92349838
v -70.78145882 -8.32169472 -21.44861572
v -55.68633595 -8.43339571 -21.61855391
v -58.46286088 -8.10453649 -22.18707645
v -60.43760548 -8.66426144 -21.87839840
v -64.11848543 -6.09794269 -22.78195951
v -71.72840691 -3.82339163 -20.55414838
v -60.44133454 -7.42808407 -21.89783230
v -65.13120936 -6.94485126 -22.35275048
v -54.64697625 -6.34966459 -20.62971989
v -58.95727068 -5.97745883 -21.30782959
v -67.62727966 -6.42247376 -22.44221224
v -58.59571831 -4.47980053 -21.15254233
v -70.64862626 -1.19449060 -22.25965465
v -60.87222704 -4.10338826 -21.25007894
v -63.74174458 -4.93311588 -21.71510164
v -59.95501166 -3.83590555 -20.40755600
v -74.48088908 -0.24198576 -18.29028298
v -68.93282312 -1.65710819 -22.14560137
v -64.49794033 -0.85505918 -21.81651523
v -72.19141650 -0.20447695 -22.17531385
v -4.56392315 -2.08893919 -13.18763659
v -4.30355701 -1.41965245 -14.04194032
v -7.40589259 1.16188865 -17.19026584
v -4.89166878 2.32856618 -13.35060673
v -13.25626932 8.89754340 -14.92284622
v -5.13272736 7.78127386 -9.36604094
v -13.16179003 7.73837389 -14.78811303
v -11.89534893 9.89241365 -11.39171609
v -19.68442806 14.76066068 -11.87918438
v -21.26601308 17.10225147 -11.56496773
v -15.47910436 16.09758796 -7.95778432
v -20.27134733 18.41392805 -13.57670131
v -76.63161146 8.78966648 -22.39666505
v -77.81600089 11.40743325 -23.03696469
v -76.52419597 14.58911533 -22.49724904
v -81.92227242 11.65591856 -21.53851020
v -73.57396126 16.39339267 -22.52548739
v -79.65581971 15.16749249 -22.23245227
v -75.43362328 14.40104045 -21.97531340
v -69.10312889 11.57558832 -20.18230646
v -74.96662452 19.45603131 -22.11656995
v -68.40814661 14.01664698 -20.40473828
v -82.94964399 18.97772856 -20.92976366
v -69.56487403 16.58254038 -20.06848262
v -65.79325947 18.19719697 -19.52680603
v -71.49673149 17.71429279 -21.45761365
v -79.27872412 21.11388698 -21.02482510
v -76.59132150 20.54902047 -21.43737647
v -85.19977508 23.59941724 -20.08997232
v -69.24965555 19.41092189 -20.37570710
v -88.28140972 26.25449494 -19.03561791
v -91.64995830 27.31697197 -17.72485749
v -76.47381281 25.81148748 -20.91932076
v -73.29605272 23.93889691 -20.54565730
v -94.18996471 28.37567416 -17.43535338
v -80.32218184 24.56609355 -19.49778313
v -81.79136454 25.66924663 -19.27542952
v -69.13151037 26.56747302 -20.19668586
v -71.94086133 24.45914909 -19.21491746
v -78.06411885 26.85650026 -20.61493402
v -81.78479681 29.70880213 -19.19843575
v -81.87080929 27.40877303 -17.31433853
v -89.86652170 29.24781943 -17.96855011
v -71.63148781 27.49029545 -20.22237445
v -66.82209211 24.62241862 -19.32613583
v -79.48982396 30.72346938 -20.02706739
v -67.85654971 30.35782639 -18.95424727
v -72.72703826 31.98186158 -19.01824948
v -80.94769661 36.12408134 -19.64625386
v -83.70220554 36.12320319 -19.87174090
v -84.33284374 33.82659579 -18.50094871
v -69.56971040 31.99483759 -20.32858133
v -87.60814520 38.76232802 -17.93826046
v -68.33201913 34.65351095 -19.68842657
v -70.74411187 34.29623651 -19.88353036
v -87.62523622 41.60897125 -18.16113531
v -65.26968862 38.59026340 -17.96897543
v -26.87598393 -38.32179639 -50.62112506
v -17.00669610 -38.70788216 -55.76732550
v -21.68499859 -37.85601757 -51.89193454
v -34.16643567 -34.04372489 -50.75616163
v -46.27704775 -34.99983522 -46.52358961
v -41.84175391 -36.02601456 -47.77144249
v -8.28983811 -38.60219099 -49.64544959
v -23.23101503 -37.22793088 -51.68930248
v -49.49190565 -32.46465551 -45.23747617
v -48.44298878 -29.22225715 -46.51902746
v -38.25661665 -28.76439339 -40.94097723
v -50.65056203 -21.48105599 -44.43483138
v -46.73072442 -21.33017946 -34.01415959
v -19.19825309 -14.38173429 -26.76107528
v -50.92861603 -20.77201584 -36.41228685
v -15.02251493 -35.31819123 -34.11299223
v -16.28958555 -38.80230190 -32.87574521
v -14.16045058 -38.57837476 -33.33799392
v -20.17098226 -34.48137404 -35.96604127
v -22.14661300 -33.80485229 -37.71900680
v -18.22325295 -38.21810809 -33.84136186
v -20.38255283 -36.65010680 -36.86166776
v -20.02133019 -38.98111671 -36.55784759
v -12.82436706 -38.96004242 -38.59934721
v -14.21464620 -40.12871969 -37.85024955
v -22.17298234 -37.75359196 -37.92074029
v -28.26691247 -33.45083885 -39.34019111
v -33.77297993 -33.52100589 -39.39935397
v -26.83485482 -38.85525453 -38.13758389
v -28.43905450 -37.82226363 -37.42915316
v -39.64237414 -31.27285173 -40.22731745
v -5.65739871 -38.13835297 -47.46306096
v -25.18934056 -38.89005856 -39.45221738
v -10.71002418 -39.96772371 -44.92875100
v -41.18469422 -33.43840353 -39.48771453
v -33.12587263 -38.08120328 -39.44293022
v -35.59215993 -36.36179322 -39.59487249
v -15.10776825 -40.67754299 -49.23499661
v -9.58165279 -39.05438914 -55.20180701
v -16.09916108 -39.67584274 -51.60553260
v -15.36381876 -40.40053341 -52.00517161
v -17.17402544 -39.79275570 -50.83646380
v -10.96689814 -40.28249603 -55.97763598
v -38.52782966 -38.25010522 -47.28108151
v -42.00259914 -36.94564800 -47.17937520
v -38.48192773 -39.63287911 -47.41265387
v -42.10521817 -40.40034464 -47.88894702
v -47.61456419 -40.16741768 -48.02373495
v -46.09424897 -40.78055401 -47.79967010
v -49.00305508 -40.51590100 -49.85879764
v -41.71239084 -40.86991822 -53.35193031
v -45.81571595 -40.90114516 -54.32235425
v -50.54468994 -41.15591269 -52.87899787
v -47.05529432 -41.20254993 -54.16253231
v -53.67038733 -36.50930090 7.61279617
v -52.16642480 -34.63187229 10.36784217
v -43.71277767 -29.08239232 10.30033438
v -50.17440462 -17.98057451 -6.88658042
v -51.13403747 -18.23339428 -9.08035585
v -47.85261628 -21.47983677 -32.64400211
v -36.64554162 -23.08221937 -34.27855291
v -49.95908300 -20.31606790 -38.05461454
v -11.83785909 -36.26515741 -34.89736673
v -50.14525442 -20.47173346 -40.80179311
v -19.57244251 -31.94597083 -38.04466647
v -47.04099639 -22.58333295 -41.23685274
v -41.43438860 -24.63191326 -40.79651174
v -20.98143672 -30.97085815 -39.41840285
v -17.18030664 -34.51987103 -37.93281875
v -15.12096958 -35.53437156 -37.36686069
v -51.29890283 -19.97993995 -43.88364862
v -17.97099116 -33.23680195 -39.20738840
v -18.87733325 -32.40510829 -41.13328465
v -25.28725538 -30.99136683 -41.38789558
v -16.60692424 -35.17683615 -39.97717634
v -13.72494504 -37.29966761 -39.01268032
v -18.62393510 -31.94170005 -42.14817932
v -11.94150049 -35.13737496 -42.01799659
v -42.40996976 -24.79995456 -42.58901333
v -16.18249603 -33.98748763 -41.16760878
v -27.42658854 -31.43736206 -40.69585582
v -9.47718858 -35.78623020 -41.76249189
v -42.17926464 -24.88753598 -44.67551650
v -23.34849031 -31.33098179 -42.87207847
v -6.05362185 -36.72196371 -43.09008109
v -16.01598017 -33.57650363 -42.83714555
v -37.96863519 -29.11286453 -43.66815128
v -34.39936822 -30.49555897 -42.90766112
v -33.23028469 -30.68800580 -45.92937060
v -27.57444938 -30.27914016 -45.41490066
v -14.47649143 -35.59768980 -45.06449279
v -17.71438194 -33.69827606 -45.43638110
v -9.58149000 -35.75026274 -46.79310392
v -8.18356537 -35.88079532 -47.89299810
v -21.29140304 -31.60013295 -47.40179438
v -19.37781296 -32.13230644 -49.39593940
v -15.65269040 -35.25040281 -53.22928990
v -41.91663802 -36.13020077 -51.50225530
v -43.37922104 -36.53028954 -49.14009888
v -49.97728081 -38.36182064 5.92081427
v -56.62485386 -38.00150171 3.45096030
v -46.32501143 -37.73168825 7.64074762
v -61.99004292 -36.62552178 3.35611160
v -47.32365609 -35.18196633 4.95176508
v -38.68228437 -36.13935100 7.43675950
v -37.32658622 -33.79241951 8.43320423
v -23.34025482 -37.26483906 8.15039065
v -29.00050419 -36.37716480 9.24958515
v -35.24457535 -36.91294056 8.36220044
v -40.61057977 -34.39938497 6.98894825
v -44.32176093 -34.40137059 4.91911319
v -20.02594583 -36.82245251 7.90648711
v -51.48457769 -30.66883835 3.44938228
v -24.98946352 -35.31740903 8.32626625
v -37.18343905 -32.20217848 9.25812811
v -33.49946818 -34.30366662 9.17967348
v -20.02297881 -35.36648548 9.07150583
v -29.51732681 -33.05827656 10.31514272
v -42.97623121 -32.37424167 6.23927523
v -44.90918323 -28.02061925 8.08600619
v -45.19257885 -29.70194004 4.95440362
v -42.13992972 -30.25061559 8.40280579
v -45.90499257 -28.31494201 4.63197501
v -0.62920228 -6.21164566 -6.10691295
v -1.30270571 -5.14543924 -6.52755409
v -1.58153061 -4.76496375 -8.86607556
v -0.11491311 -1.48786038 -6.88294046
v -3.87056017 -1.51887754 -12.52433809
v -2.43187189 0.36340136 -12.33593490
v -6.26281834 8.01405235 -11.89644865
v -10.97042664 -7.75814601 25.32611154
v -13.17366252 -7.54182257 23.56538681
v -9.70816795 -3.01454791 28.40421300
v 0.58380989 2.25046872 33.32001384
v -6.55922063 4.06690806 29.28086339
v -1.50797678 9.35965770 26.65922269
v -14.11339524 6.62013420 22.59873126
v -16.12438475 7.63244456 19.50705975
v 1.27538830 8.42062417 27.58352674
v -4.19659118 7.45355426 28.51188942
v -11.32930068 9.45191277 22.83904338
v -5.44068828 9.33151170 25.54359504
v -19.24089168 4.90863870 17.28913992
v -12.13894813 11.48302096 20.55332562
v -11.43609457 13.23635334 18.86805843
v -4.81117854 11.05549890 24.99162595
v -7.41298328 11.41856291 22.31503667
v -9.01370936 12.54621815 20.20341090
v -15.53701585 12.37146741 13.40218763
v -11.98212934 14.76667923 12.45285680
v -13.55167275 14.63858483 10.87524464
v -21.95072321 -6.52989928 6.10504793
v -9.48900966 9.33037854 25.27437134
v -5.53386691 9.39885413 26.82319090
v 0.16593935 12.01141546 23.73448628
v -5.39957643 -9.99860367 30.06987100
v -6.13690115 -5.94886421 30.75000498
v -9.58286102 -6.24509934 28.81038707
v -0.83818466 -4.29596666 34.05167976
v -19.72740497 -2.72455627 13.37674741
v -5.42737362 -4.16685366 31.85054267
v -6.07693571 -2.66776970 31.21154410
v -2.49934109 -2.65803547 34.50528121
v -11.60400064 -2.26986322 26.83290016
v -9.58082142 -2.05774146 29.72101172
v -12.07397598 0.11309756 26.42199652
v -1.35288238 -1.36944531 34.21585642
v -8.56049452 -0.95758962 29.02734639
v -4.05322506 0.03914822 33.31249988
v -13.96011351 -0.56958455 24.71251368
v -6.24082514 0.57159618 31.95377683
v -6.92559329 0.61557279 30.31348177
v -9.54510433 -0.13277918 28.84023068
v -1.17213482 1.35337491 33.28970871
v -15.97203011 1.98341567 22.08758442
v -12.00948173 1.45987594 27.17000176
v -12.97368692 2.74463869 26.23207555
v -0.64227685 2.96069336 32.46760377
v -17.21061837 3.85380706 20.42983335
v -8.84050841 4.68584668 27.89759472
v -9.89918873 5.39570987 26.88705213
v -15.96043784 6.07431031 20.94438000
v -3.21909278 4.04080674 31.97658404
v -2.85351292 5.35585538 31.53764131
v -8.69478074 5.82040937 26.54772949
v -0.29563845 6.94369499 31.03918895
v -16.79133904 7.22212553 19.17627182
v -7.51015210 6.92538076 27.00744510
v -15.46616561 8.95979224 19.45842422
v -22.60179232 8.83254687 6.26758574
v -18.09740448 12.03787054 12.49585898
v -6.37643590 13.16364714 20.47539079
v -23.85658928 7.78328365 3.30462059
v -23.65928435 9.63104965 0.19973566
v -22.86852110 10.05688848 2.14409552
v 1.38272806 13.38558816 21.15108650
v -5.57852975 14.75055370 16.89448918
v 1.63570384 16.30569105 19.63264728
v -3.60780423 16.42634525 16.22098256
v -3.41292893 18.51727627 14.44678498
v -6.84318317 15.89596596 14.34503194
v -21.44930528 11.83018508 -0.16877389
v -9.69408563 17.27908002 9.18519438
v -17.58887191 14.99251034 -1.20524921
v -15.54412937 15.44404750 1.66654778
v -12.48798061 15.85321683 7.41792173
v -12.81846453 18.08123249 3.26572601
v -20.11793549 -9.90903937 5.01601676
v -15.22493790 -9.72655841 9.25900240
v -18.30689610 -38.79992892 26.49180110
v -22.11614160 -38.62199367 26.29202494
v -20.35858140 -36.69849432 25.13358820
v -15.61673510 -38.56577508 21.15609314
v -22.61895482 -36.11276336 24.19510049
v -19.11334461 -35.77066814 19.01878811
v -22.03075776 -35.91701805 19.23170261
v -17.13983399 -37.42765901 13.73551311
v -16.73991826 -34.87626314 12.60822798
v -49.57525572 -25.21293502 12.32682426
v -49.77394522 -31.60033799 13.06218401
v -50.83354388 -33.36514331 12.31172002
v -53.26294831 -28.48914402 10.88705775
v -52.07723904 -24.62085570 11.93835418
v -50.06935603 -22.23751693 11.20530563
v -53.81821852 -22.36047785 10.24137251
v -1.64661378 15.12029282 6.87297938
v -3.14256965 16.56454538 6.32567370
v -4.22820734 15.96320731 7.22786331
v 2.91702207 11.65681221 8.30837837
v -3.26523212 15.65073598 4.67111798
v -1.33596334 14.44414281 6.24123536
v 0.31009785 11.77971042 3.22360245
v 1.69070248 10.82208637 3.41173228
v -7.03133217 14.96613462 1.32815560
v -5.85203975 13.63597768 -0.40294700
v -1.82022009 10.94625490 -2.43979950
v -0.00093512 10.34848377 -0.73376045
v -20.19609221 -38.32356394 20.94266573
v -15.71368418 -38.22397349 12.68405014
v -12.92004291 -35.21123764 12.17398233
v -50.69627539 -12.74991359 7.38508193
v 0.73123349 10.12985625 26.06648222
v 0.63381738 13.58780221 21.76790986
v -3.39778340 14.81675177 18.73922062
v 3.82319952 16.70461004 18.55428013
v -0.01474303 17.75687660 17.64006402
v -2.67571275 19.21573792 12.75488331
v -12.93049279 16.51654999 8.10245548
v -6.41540771 19.18809942 10.69969194
v -9.51909824 19.23356402 6.54054113
v -51.63658175 -39.64503176 9.05618974
v -42.61343933 -39.61425669 16.45967767
v -46.65314518 -38.34311576 14.71482901
v -7.90433535 -13.03611722 18.43697315
v -9.59848453 -11.88864727 16.22533073
v -5.31451345 -13.28909129 14.47111314
v -11.48047926 -10.79243774 13.60456169
v -14.30476966 -9.75707007 11.91513419
v -14.60710964 2.58487140 24.33898934
v -53.53315693 -16.90558484 9.47799489
v -22.78055432 -0.60336243 8.73521775
v -24.02942683 -1.44054926 6.48530564
v -26.16114216 -2.25377505 3.82576085
v -20.34854048 0.88012416 13.77167181
v -25.24847432 -0.41199768 3.41552099
v -21.66260109 -0.10339397 10.99099965
v -23.04908754 0.65265781 7.18565025
v -19.12348428 2.70871144 18.78764115
v -21.29088878 3.64227284 12.49284323
v -23.26240108 3.54922842 8.53709829
v -25.10068236 2.61515711 3.06904171
v -21.34374249 6.20668663 10.03937484
v -19.56462228 6.46875170 16.54254832
v -23.75367954 5.81844048 6.82057925
v -20.48311573 7.49431368 11.11930652
v -18.35530822 10.71161483 11.97905756
v -19.51792038 11.14268955 9.04881940
v -18.26069640 13.01534952 10.09751525
v -6.98172499 13.43513584 18.37574984
v -16.41977453 18.37677231 -1.72158795
v -4.41145979 2.36183152 32.65578240
v -2.05979813 5.63258900 30.40631965
v -4.41304062 11.22674943 23.26857842
v -14.95285903 2.48454316 23.18546238
v -10.37040757 14.12205313 15.12265998
v -18.25891814 8.44247249 14.73010333
v -20.34011387 5.09476056 12.95485177
v -16.44055540 13.56528081 7.43067363
v -17.38998185 13.67196178 4.42201738
v -20.84852636 11.41373952 3.66830298
v -55.24329141 -18.43833221 3.62143707
v -16.97104353 -8.29489815 10.31774271
v -20.63706177 -5.79641496 7.82637197
v -14.32226913 -11.10493354 6.97740950
v -18.03991317 -9.45169314 7.63033646
v -8.00587710 -8.40500755 29.03132544
v -7.43985249 -11.10574530 26.29836012
v -5.90230628 -12.78661822 26.36038822
v -9.83147610 -10.80101837 22.13679858
v -14.58839224 -8.88574199 14.83011710
v -12.09296556 -10.27443100 18.61760694
v 3.17663043 15.83627309 15.70042566
v 0.59004097 17.83194856 14.08482452
v -3.77908057 19.31162669 10.30988496
v -9.42502403 19.37666980 4.21707082
v -7.46386456 18.14873304 4.51492510
v -10.95250698 19.03733085 1.99334742
v -13.70587956 18.89192942 -0.99713186
v -13.75104796 18.00174740 -3.48079265
v -11.17192984 14.93035021 -2.66467445
v -30.25600907 -37.21150788 30.60864612
v -27.93482575 -36.77702664 31.71629442
v -26.01719175 -37.23363613 34.02984710
v -24.88232369 -37.12714163 32.14883412
v -33.54107192 -37.22624860 23.48340078
v -37.57048002 -36.85497776 21.23089590
v -28.26141882 -35.06093773 28.13125884
v -38.53979640 -38.31743584 19.92292494
v -35.78470952 -35.38954437 21.92049266
v -31.26906340 -35.54559312 27.31704574
v -32.66656042 -33.84853710 23.48693134
v -28.22373045 -33.74300830 25.03056973
v -41.72982994 -37.38048780 18.50923372
v -45.26037144 -34.19243857 15.91521247
v -41.02500621 -35.01880299 18.72687479
v -49.02956462 -37.45006104 12.99076328
v -25.54901659 -34.22808638 22.19015772
v -48.81026897 -30.69241856 13.59585589
v -43.46026686 -32.35633688 16.28609933
v -36.25820455 -33.67290318 20.70584266
v -39.99477818 -33.17584688 18.17955132
v -27.46852502 -32.22900528 20.21037361
v -32.41605351 -31.84978681 21.41108153
v -33.59334560 -32.29703268 19.38717450
v -39.67573429 -31.43700028 16.06541746
v -35.66463721 -31.05328407 15.48896287
v -45.01560587 -30.84780661 14.51159121
v -48.48809662 -28.52052056 13.26679786
v -42.76103866 -29.74100729 12.32040082
v -30.60338915 -31.69660843 15.53845692
v -23.84329005 -33.78960002 13.68939953
v -38.82688176 -30.57876070 10.13007668
v -38.13701000 -30.52325826 12.89152584
v -32.11153365 -30.70565640 12.25605223
v -47.36741668 -27.31097106 11.74157353
v -54.49245930 -11.46455755 8.75987338
v -28.22680899 -39.49463433 27.56356394
v -28.43576358 -39.21830868 25.46180368
v -26.64622664 -40.28304917 24.03206213
v -26.08971818 -39.44413356 21.99161251
v -28.55624614 -39.50596962 19.34949781
v -39.59699696 -39.63920481 17.35647764
v -28.57133105 -39.59634476 23.91967152
v -24.11839333 -39.79604034 21.95879496
v -34.94554920 -39.71560104 17.65252590
v -30.07450833 -39.14231688 16.20790627
v -24.82023312 -39.42325366 17.48196196
v -22.33272923 -39.31295017 18.67235572
v -27.19275883 -39.34702472 15.03223493
v -17.56050061 -40.02382003 19.49565326
v -21.94715372 -39.45715063 17.04621461
v -23.92477042 -38.66114740 14.43787929
v -18.02316483 -38.87057057 16.92635845
v -21.58676001 -38.57131317 12.98554561
v -8.49511645 15.82105175 1.50739424
v 2.07691032 8.72193517 0.11337309
v -2.93172070 -12.53951419 11.45010819
v -17.06190096 -37.52897541 16.78693813
v -24.54905687 -38.26936761 35.60131525
v -29.38130586 -32.30412900 23.96203376
v -20.76980085 -35.42154255 13.70416693
v -53.38189334 -12.64100261 12.49040414
v -52.40724166 -11.66849378 12.13667939
v -15.08389888 -6.51669922 22.29998301
v 0.65001585 6.29658301 29.81845785
v -0.23098488 10.62584561 24.69096289
v -9.49654781 8.93729038 24.29220417
v -15.72655265 1.58671509 23.45553299
v -2.79707214 12.89654739 22.68830845
v -1.06264600 12.96754110 21.17025574
v -7.95787740 12.97066854 19.09650641
v -1.75689994 14.29836815 19.24710419
v -13.60526382 12.25623996 18.19325331
v -6.04389625 15.26066237 17.59102628
v -9.64811731 13.54330497 16.95106628
v -8.36705570 14.94646819 17.14526845
v 0.67133948 18.32791653 15.48896792
v -13.97177099 11.50831454 16.57579403
v -16.31693620 11.34488627 16.69829255
v -18.61548368 8.60136180 15.75262649
v -12.98735441 13.85888573 13.41403041
v -14.39164815 13.17890712 11.99858747
v -55.26318865 -12.97300396 9.96877823
v -2.55287131 17.42315836 9.71358019
v -52.99076341 -10.91336647 10.53987388
v -53.99591095 -10.68991206 12.28037533
v -17.84240915 12.23735210 8.35395505
v -17.66825584 14.29577436 9.14341082
v -14.99518867 15.58545681 7.65623824
v -19.69531316 12.29399211 8.15273315
v -6.89651491 19.56427136 7.25842842
v -4.34184145 14.74501407 5.90527548
v -14.31619300 15.40833080 4.74293844
v -20.71121378 10.56581783 6.29491249
v -51.59930847 -12.12295640 7.28952421
v -3.85437520 14.26932179 4.45717486
v 0.08372400 13.03136131 4.54153851
v -2.00192796 12.99418589 3.37270146
v -2.39120106 12.42615950 1.09839766
v 3.16918810 9.31017164 0.14855726
v -9.67702824 14.06594631 -2.01657032
v -8.70692792 -11.44473603 11.52830530
v -5.46563377 -11.46907150 9.35424474
v -1.16865393 -9.76357498 6.97769506
v -17.06402409 -8.74283704 7.84240942
v -12.39877527 -10.71801568 9.11940531
v -8.64090711 -11.16023550 7.76422932
v -14.76276400 -10.43418518 6.57741688
v -3.53146657 -10.32482505 6.68496937
v -13.74197581 -10.98531998 5.31960374
v -17.65175478 -9.18271319 6.34723019
v -18.95712150 -9.65895188 4.96191814
v -25.33641942 -2.93424410 4.10505329
v -24.87042685 -39.28921609 33.25705290
v -24.59753179 -39.74598083 29.99121532
v -27.90372543 -39.51462061 29.22826404
v -25.62095925 -39.93244797 26.75006748
v -19.36982680 -40.11119380 25.72025386
v -31.19339241 -39.32497093 26.01128930
v -8.12155582 -7.98872709 28.14879107
v -27.24654681 -38.48897141 24.49897001
v -31.78218565 -39.56274253 24.08176597
v -25.52086951 -39.82290158 23.93075560
v -20.87130490 -39.91814893 23.15420789
v -22.07097554 -39.98343673 20.80692177
v -36.63029842 -38.42199075 21.17828712
v -37.47647412 -39.51261885 18.67986144
v -14.04455129 -6.75148779 21.98345826
v -23.66282876 -39.46648773 17.75755123
v -25.13502276 -39.35836282 19.62214408
v -22.49427472 -38.85533440 16.17118138
v -45.52255443 -39.59154118 14.22885431
v -17.30668096 -6.09982751 13.45282001
v -3.71804563 -2.18295297 32.90641038
v -4.14396350 0.79765286 31.80845782
v -4.09127697 3.01748108 31.00387157
v -6.34423912 -4.31407829 30.69342668
v -3.31912874 -7.61714465 32.19832305
v -12.47605036 6.53829991 25.29070230
v -9.64108157 -5.73478417 27.68471870
v -12.35168910 6.24202354 24.41750210
v -12.75960147 2.93730560 25.07113282
v -13.17890082 -1.99855230 25.38837659
v -14.14384106 -2.86062649 24.18018909
v -16.61196997 6.05160692 19.53102047
v -17.39970667 -0.11370031 21.94403654
v -16.32977197 -3.39626408 19.91475326
v -16.55979819 1.00979016 21.50079059
v -17.88651333 1.38455939 18.35672593
v -16.19688157 10.72222492 15.62266158
v -15.61938489 -5.81338579 18.61518912
v -19.17552491 4.97788906 15.96929818
v -17.59390082 -1.10783247 18.28401590
v -19.43723358 -0.51270386 15.16848210
v -19.57958745 4.60702949 15.40788399
v -16.72737940 -5.68610485 16.61481092
v -19.59236457 -0.50628940 13.74804121
v -19.17499844 -1.92727029 14.76696895
v -20.14638471 9.21032083 9.99854550
v -21.05011138 8.04625950 9.40436251
v -17.00471251 -7.15947876 12.24842738
v -21.12938239 1.88100470 10.38450912
v -19.42647455 -4.83174089 13.23779352
v -21.66208994 2.65024785 11.37403787
v -21.03270895 -2.20415493 10.59205030
v -21.23962832 0.56662860 9.85579665
v -22.72939592 2.96714442 7.94967044
v -22.47706699 8.47196306 5.38046084
v -23.38920676 4.95987887 5.74079004
v -22.78317683 -4.58793479 6.27462360
v -24.17810785 -3.69559319 5.19527626
v -25.15486417 7.45197016 1.09070707
v -22.90768232 -5.66936651 4.34754429
v 0.35260346 15.75929119 12.54212663
v -31.43933316 -39.03854788 28.72899209
v -21.45459861 -36.30593719 22.10780602
v -35.52014069 -32.31980479 19.59098124
v -31.38746823 -31.84865525 22.75650711
v -28.55299204 -32.20063445 21.17977403
v -24.15641566 -34.68867166 18.57264054
v -30.45236225 -31.32128260 19.02114669
v -28.37988778 -32.30768241 16.38703937
v -34.52532847 -31.10546399 14.35041031
v -22.51965542 -34.43850228 16.90341117
v -25.22273185 -33.32459470 16.78825204
v -28.56237768 -30.59079285 12.41262868
v -17.37602706 -39.10648346 25.65442812
v -14.56473556 -38.71077150 20.04400853
v -18.91807708 -37.34772638 15.78074687
v -17.81614178 -36.51820204 16.71670475
v 2.82169183 -1.30488693 -0.06258961
v 3.35747461 -2.65161721 -1.04141005
v 1.43503657 -4.66452206 -1.81740724
v 5.36875706 -2.53736422 2.33733815
v 5.50075186 -1.31656732 3.92739508
v 4.57433925 0.82243653 2.34828247
v 4.26935691 -1.37568739 0.04893627
v 3.49101224 1.48449935 -0.85135391
v 3.54026950 0.79752936 -2.66600256
v 3.07120859 2.48866255 0.34999512
v 3.67320035 3.71469915 1.49272206
v 3.51769707 7.46615760 -1.75446102
v 0.62440566 4.80945413 31.69935285
v 5.27246889 12.62597487 12.60289210
v 6.28431242 9.38679032 9.92787160
v 6.35428932 -3.79051527 4.47451623
v 7.54771526 -1.92442515 7.43295613
v 5.59301406 7.92409313 28.30265457
v 5.27020759 11.00263422 24.67456268
v 3.99903977 12.37066678 22.67819515
v 4.71627044 14.60261353 21.48554368
v 5.59378808 15.28919538 20.27319043
v 6.07163991 14.58168298 18.37795369
v 5.69933730 8.89336659 9.75208430
v 7.69771208 7.39053763 13.33033565
v 3.38220493 9.39643400 4.53408836
v 5.30340431 7.59622478 6.82095842
v -0.53761933 -10.33860968 6.21182171
v 2.10341704 -8.05919905 5.91159655
v 2.41718272 -6.88950907 4.59043459
v 1.33749068 -6.61383604 4.05674354
v 5.27025151 -4.51110816 5.82154430
v 2.14959666 -5.47290847 3.19933512
v 7.42815869 -3.66924902 4.73487489
v 6.86976977 -0.92184264 3.52833780
v 5.38079045 1.12088564 4.08166032
v 6.14677775 4.44481732 6.48067301
v 6.91301822 7.63217907 9.40430790
v 5.25187946 11.47493817 11.01775671
v 2.50305187 7.05968975 30.66992457
v 4.34732017 6.05971786 29.95080335
v 6.99897608 13.62839000 16.15099111
v 4.78566096 12.75929481 16.12618179
v 3.75835332 12.53686660 14.30390009
v 4.16431377 12.36489284 13.22635114
v 7.54374868 8.52296279 12.38158291
v 4.70528946 11.05591747 11.34020203
v 8.35410726 4.67208739 9.90890806
v 7.32028402 4.29470431 6.41958987
v 2.98635964 -10.67494208 9.02452985
v 3.13852041 -3.02428634 1.67814475
v 7.62169061 -0.83648609 8.85255913
v 6.69718957 2.69643909 4.42439775
v 4.41542032 2.47380550 0.92953209
v 4.50111726 4.73869920 3.29827785
v 6.68004835 6.25914990 8.97014193
v 3.96007586 8.20874599 2.39287507
v 7.18161011 7.69374152 12.06688818
v 7.16939184 10.27328748 14.87016195
v 7.45535753 8.87022912 13.58596221
v 6.43905129 10.02145184 13.32427575
v 6.29542451 12.69084407 12.68273848
v -9.19671749 2.31903497 -16.88681697
v -9.46045412 1.72887498 -19.11864161
v -26.67418383 -0.52057982 -24.82043154
v -32.01122057 -23.83969765 -30.63843649
v -17.15122809 -13.04007447 -25.33287005
v -26.23934074 -18.66232960 -29.45217140
v -11.84928271 -8.24561853 -21.68901879
v -10.52417891 -12.95003320 -11.03785924
v -9.82251886 -12.56727368 -15.40922134
v -13.27450959 -17.87321416 -16.93182793
v -1.22853048 -3.61510455 -6.60861870
v -17.11582487 -3.60612276 21.08642378
v -27.37239206 1.95839812 -0.42831586
v -26.50589052 4.73425186 -0.50513668
v -24.16461665 8.70640201 -5.55093187
v -26.56347260 5.79929378 -10.56242003
v -29.16834861 -7.60946477 -1.37125946
v -11.88347475 11.46535223 18.65495630
v -3.62757963 -9.54124524 32.54906265
v 1.98417755 -0.50866853 -2.71369536
v 2.81903677 -0.01472703 -2.39013616
v 6.29795020 8.95301337 12.74242065
v 6.82795670 1.52299539 5.77201243
v 2.62808345 0.73336397 -5.23600597
v -0.96125357 -7.34342639 -1.01636455
v -1.98201437 -9.48662183 2.92545740
v -2.46767433 -8.38851527 2.58812454
v -6.54679030 -9.46212095 -9.04583687
v -4.19304413 -8.16592980 -9.97263891
v -7.18859433 -12.55240217 -10.29764956
v -6.99790344 -2.44947909 -16.72367062
v -9.14305945 -11.44187599 -18.59681793
v -8.14540425 -10.81952081 -15.08784469
v -40.60923672 -22.67347495 4.15069739
v -39.30897750 -23.24663026 1.74660622
v -55.38763478 -4.74774636 -15.65443520
v -29.93090593 -22.43760741 -8.26114609
v -30.53912880 -24.20813750 -10.04345644
v -33.04398910 -29.06733567 -18.48252220
v -40.43151379 -32.38613455 -24.59091996
v -40.57422523 -30.66961217 -21.16642946
v -46.45508530 -30.39229566 -17.99717495
v -42.64124499 -30.46474332 -18.18229089
v -61.97631012 -22.53227005 -17.52888531
v -46.57441087 -26.59304872 -8.04592249
v -36.65938897 -29.73021695 -11.25897271
v -34.33154496 -28.35138997 -13.74821084
v -37.57620393 -27.68751425 -6.43284011
v -38.10131460 -26.34180510 -5.74135889
v -70.30927085 -7.99663015 -10.26080758
v -57.04420736 -26.43081706 -19.86136481
v -55.90429788 -16.72423923 -25.11913511
v -55.74638895 -16.27057352 -26.67746873
v -44.18765658 -18.08431307 -31.55259530
v -70.04914221 3.09779287 -21.49803882
v -70.78925661 2.15460511 -22.40861826
v -19.60232289 -12.59931872 0.67748733
v -15.56299909 -39.23846899 -49.04747130
v -44.25125033 -22.09592445 -41.30867944
v -22.32428826 -33.16398415 10.86970546
v -26.49196577 -31.13478696 12.93695641
v -25.86021606 -31.55727122 10.97580155
v -54.06579462 -26.14968399 1.31516159
v -53.16965707 -32.39257851 7.13016745
v -49.58092038 -25.35813885 -3.31733192
v -54.04167022 -20.67055688 0.47968966
v -56.09539622 -21.06774779 4.00363151
v -49.70778250 -39.99723765 11.65638822
v -55.72260327 -39.44608307 9.92313043
v -60.99379807 -39.59248957 6.25226488
v -26.39013388 -34.08467059 18.01450358
v -22.07669240 20.47685658 -12.53434123
v -83.57757712 13.53759710 -19.83194883
v -86.01145492 21.26383243 -19.36251531
v -86.33327171 20.39631065 -17.40093969
v -88.80641755 24.16110796 -17.38933603
v -91.39832999 25.84530748 -15.97198642
v -90.08558738 26.21317062 -14.07862933
v -98.50125506 27.27998449 -16.69854206
v -85.20736063 35.03514485 -16.33798838
v -87.35741058 30.10037247 -16.69329014
v -65.23945821 40.28214633 -17.60583347
v -65.29527814 12.61894102 -14.99048881
v -64.35448721 15.43768876 -17.31616562
v -65.41048952 22.33908111 -17.69975869
v -67.65976771 29.73290971 -17.73318153
v -67.14524305 33.96986915 -17.06059094
v -65.01236044 39.09936553 -16.19275645
v -65.03276371 4.36393751 -15.91623682
v -66.42607756 6.99250975 -17.38426584
v -58.52554091 14.52659528 -20.57990921
v -61.37608694 6.02773731 -17.59693251
v -59.95438755 9.68362522 -20.46812004
v -58.99739152 14.33539729 -21.39746601
v -36.75414883 -33.80876794 -39.70762846
v -36.18650879 -31.83471994 -40.73424276
v -25.21205486 -36.48502086 -38.15430305
v -23.35358807 -32.49436407 -38.82370135
v -18.48190362 -34.03551259 -36.30386290
v -11.51910425 -38.97884875 -57.08082313
v -15.92427999 -40.64626272 -55.41543954
v -36.68132820 -27.94369682 -37.66838828
v -50.38096634 -25.72823036 -27.65707994
v -16.84004997 14.65172370 -7.12602965
v -18.67560302 14.57286616 -6.40560614
v -21.61665920 14.31722853 -12.29438014
v -19.07519013 -39.15251731 19.40132902
v -19.85640737 13.12338909 -5.07014138
v -49.60305875 -24.57844453 -29.28897325
v -53.95058863 -21.69122494 -27.41987201
v -46.52123613 -31.41518852 -28.09569309
v -49.46378375 -27.33356811 -31.33782596
v -49.36670235 -27.29655359 -28.93671788
v -48.90862151 -23.07978661 -31.98698220
v -49.65587855 -25.03787550 -42.60545110
v -80.61341092 11.45842706 -22.74130901
v -81.08594252 11.28595432 -17.78913033
v -74.91036133 2.20232279 -13.12240226
v -72.55139188 5.93121903 -13.74789073
v -60.45798063 3.64441965 -17.89989822
v -80.41979187 23.52591705 -15.21634829
v -81.75940274 26.89575757 -16.14822092
v -73.18910077 29.51983883 -16.78796418
v -15.87795999 -37.88172813 19.53795251
v -18.66713430 -37.11044665 14.49635235
v -27.53306347 -31.04829299 15.25512539
v -16.89111854 -34.55941616 10.98659392
v -45.32551904 -26.55027675 4.63822125
v -47.21672198 -22.29424009 7.60553171
v -45.08610296 -26.75376856 6.13991831
v -46.63937155 -28.03491045 3.32109035
v -48.66695414 -36.25466091 7.52459081
v -50.92518296 -35.02437121 8.33535867
v -31.97470247 -35.91415944 25.68096622
v -30.07378211 -38.50254625 31.57142728
v -33.21017304 -39.38922929 21.46233530
v -22.35310987 -38.58245925 19.72254573
v -24.71725799 -38.23349970 18.66960706
v -22.42353121 -38.93119493 14.32219600
v -56.03941065 -39.63394918 1.98946789
v -22.35751594 -39.69322083 25.39647855
v -24.10202526 -39.34583408 28.03403802
v -24.02458833 -38.38307663 30.71548629
v -26.56406683 -35.18958592 23.16327330
v -24.46680675 -39.73256285 24.86649674
v -25.30886146 -38.83941669 25.37996055
v -25.86786609 -35.55947096 26.26093501
v -25.39613627 -35.63530218 24.19490060
v -27.74192186 -39.30418376 31.85571081
v -27.74655536 -38.51074702 32.62698317
v -24.66468967 -39.16146039 30.78592920
v -24.20480167 -37.55538664 35.42199549
v -20.98009099 -38.70370950 21.14326206
v -20.16845688 -38.78738833 22.99288291
v -48.22970611 -17.76546645 -6.10714630
v -49.22113919 -22.29689430 -4.97069661
v -50.98942865 -17.57282129 -7.37088854
v -53.27805030 -17.74396787 -8.72447065
v -50.68279933 -19.27278771 -5.40834523
v -41.00482656 -26.67571846 -41.78028366
v -15.81588357 -35.00943304 -45.66586536
v -16.41993720 -35.83175603 -50.21045555
v -40.28755688 -34.77575606 -50.60972314
v -40.53477013 -34.73771642 -48.56493608
v -50.28897384 -39.42224305 -51.54760020
v -42.81047575 -38.29891863 -47.17384573
v -35.74729265 -39.11540657 -47.31457849
v -39.48916542 -38.61619360 -52.98725888
v -51.59746684 -40.26545362 -53.79700714
v -11.75900499 -40.23850579 -52.21482592
v -10.03010602 -37.61255919 -55.17147490
v -11.35113775 -38.79109368 -52.95974297
v -8.58151882 -37.63946912 -57.08862362
v -11.96101368 -38.80262800 -50.91808295
v -10.78373026 -37.27395951 -44.73388151
v -9.39061011 -37.89373964 -45.40677279
v -9.97629227 -38.59468338 -44.60561018
v -5.11330528 -36.92813612 -48.56249598
v -8.90680174 -39.86863329 -41.79649585
v -10.38454046 -39.88704300 -39.35261438
v -8.74110967 -38.17418787 -41.30004329
v -8.71704013 -38.72207089 -43.30183704
v -14.33664833 -39.63182918 -39.45341653
v -8.90620907 -36.80857445 -34.11179385
v -13.20751962 -39.85582438 -37.05989556
v -38.43278958 -29.14322307 -38.38573123
v -37.92176838 -29.24047738 -39.11203186
v -38.63947433 -29.67071976 -41.43052525
v -37.24026628 -27.74829400 -35.50443495
v 25.76994867 -14.39579433 1.75837029
v 24.81908750 -13.01688524 1.19786005
v 30.19123471 -15.55609554 5.51272951
v 24.17418274 -13.94891582 0.71835469
v 15.15697608 -16.54457634 4.27869327
v 24.73408088 -20.00729212 -4.53298504
v 25.79806750 -22.19482062 -5.37422059
v 26.93763202 -26.64824445 -7.26089288
v 23.21803577 -22.16145683 -7.44221909
v 25.72761519 -27.46027094 -8.67496894
v 18.11017004 -18.01020616 0.02233619
v 15.56845675 -20.23904051 -1.29235838
v 18.77851915 -28.49137034 3.89277440
v 16.60288019 -29.02065410 0.44535974
v 19.96576068 -30.14726397 1.17033240
v 60.03168695 -38.40780683 -3.26199983
v 22.89310964 -12.77782920 -1.24209485
v 19.46737784 -23.12203107 -7.63068358
v 28.02043041 -25.43632672 -4.22769898
v 21.41649452 -21.36730493 -6.91559972
v 23.02250318 -17.86409055 -2.06151697
v 23.50782217 -16.52351279 -2.79626934
v 29.31327147 -18.21177613 1.94602707
v 30.10508005 -21.17129701 1.79690012
v 17.83401100 -30.77038807 -6.25160008
v 39.89973268 -38.62056916 -7.96314627
v 55.17383959 -39.93652722 -9.24222104
v 40.81081437 -37.16447261 -10.19993189
v 21.05769396 -28.85661285 -8.90223932
v 21.22781950 -24.83526625 -8.89876310
v 17.43076700 -26.68897360 -7.28285635
v 17.40015762 -22.79891988 -6.84610639
v 16.20403776 -21.31151746 -4.48426430
v 19.42500589 -19.74744291 -4.38453923
v 16.44271528 -18.87359657 0.68027887
v 27.70726428 -20.11422728 -2.60624169
v 22.08795240 -19.15277092 -4.09353186
v 25.36185920 -17.52774886 -2.64053927
v 16.05812687 -17.77627576 -0.25248707
v 25.80734122 -19.17469188 -2.35952980
v 27.84999308 -17.46989624 0.85290576
v 24.48720821 -17.10085868 -1.01219982
v 17.95288358 -14.09327844 -7.12157807
v 17.13394162 -15.72004730 3.57036031
v 19.77183961 -14.28541781 -8.98125684
v 19.15814694 -11.05478567 -11.24251020
v 57.18866694 -39.14871858 -4.01562512
v 30.61949348 -13.87729166 7.83697266
v 15.10933520 -18.14667933 4.44202735
v 19.01943072 -24.52135707 7.83700363
v 24.42199245 -26.40093300 6.55951275
v 20.89867948 -26.89343752 6.97776097
v 17.71885910 -27.26349193 4.65544614
v 26.97692154 -24.94801529 5.53681044
v 25.91676051 -26.34314115 3.82681401
v 21.35955926 -28.77534145 3.52424414
v 57.16073210 -38.68872625 5.37417735
v 49.91526226 -38.73140887 5.79542504
v 55.60244173 -39.11536337 4.79607998
v 53.22882153 -39.19224957 2.99623852
v 22.81102541 -28.35143545 2.14861982
v 22.23150702 -29.74353270 1.55525943
v 50.01430865 -39.23682356 3.87562807
v 47.40557197 -39.17402746 2.32999610
v 38.99276436 -38.06235343 2.12359329
v 41.64109318 -37.30648138 2.39674155
v 35.96793136 -38.35191591 3.14467503
v 45.15606115 -38.20255298 2.60428218
v 55.76825092 -39.28552149 1.93218861
v 21.79505516 -31.47782239 1.01811084
v 24.11185846 -34.73688272 0.87913381
v 50.66288395 -39.29166727 -0.02853721
v 47.57253591 -38.63224106 0.18136728
v 37.59868362 -38.37229685 0.67132562
v 45.22661340 -38.72596681 -0.13223131
v 51.84691972 -39.76567478 -0.94528221
v 35.33408073 -38.36342439 0.17713813
v 20.70740026 -32.52147103 -1.56849704
v 32.12693748 -38.69410411 0.62340976
v 25.98927826 -37.30699817 -0.70220706
v 41.30002774 -38.56920322 -0.01632463
v 30.62774426 -38.73319408 -1.67585852
v 36.70993996 -39.25514072 -1.22325224
v 39.03558741 -38.77420583 -0.11613718
v 56.86335026 -39.55518986 -0.77274392
v 33.58979825 -38.73648977 -1.37093031
v 23.64973886 -35.74662984 -3.55872709
v 55.91978807 -40.17240346 -4.07466369
v 44.42133360 -39.35144968 -3.72358942
v 51.55981263 -39.51310630 -2.73811477
v 38.88997804 -39.67024165 -2.59475646
v 33.14825306 -39.80280408 -2.25629942
v 40.72796931 -39.38827595 -4.04645642
v 51.64572314 -40.25301030 -3.68122632
v 49.66217898 -40.00691223 -3.98546024
v 28.65108882 -40.24463945 -3.19379119
v 30.16734005 -40.05291744 -3.09878179
v 46.67878359 -39.50998538 -4.12288580
v 32.53602721 -40.14922236 -3.71270415
v 53.28126295 -40.21305604 -4.61304115
v 35.84005684 -40.26170514 -4.27685866
v 25.88235441 -39.93739495 -5.33569004
v 25.58790622 -39.82599820 -3.92617304
v 23.46723724 -39.95736533 -5.63580904
v 41.20296378 -39.04109677 -6.53666006
v 33.56339473 -40.11946677 -5.47032362
v 44.87873398 -39.45826697 -7.37889014
v 31.80264267 -39.99819276 -6.73552448
v 19.93872780 -39.84150858 -5.16336352
v 29.08084529 -39.74023095 -6.35853453
v 57.45002407 -39.32338111 -8.63393644
v 13.55700617 -39.74501321 -6.50410572
v 15.62910082 -40.07011104 -5.86951562
v 26.82640717 -39.46897303 -6.30928851
v 21.23423266 -39.85995894 -6.50174456
v 49.03769031 -40.22972225 -6.65746161
v 52.51935952 -40.57141444 -9.95411822
v 43.89451496 -38.48557832 -9.39215519
v 46.81648217 -39.94477121 -10.18239473
v 28.72701690 -39.97233076 -8.29344125
v 25.48053376 -39.98952142 -9.02723284
v 17.75244391 -39.94118688 -7.60962433
v 20.99915160 -40.20385994 -9.10799998
v 12.95093762 -40.17380506 -8.81847184
v 24.86833309 -38.15448954 -10.26021149
v 15.25405892 -40.32544075 -9.07902283
v 48.61872563 -40.47522470 -10.85318143
v 46.65877538 -40.16054410 -12.32353914
v 53.42628019 -40.18670032 -15.83055419
v 51.64547480 -40.56524056 -16.96586568
v 15.12471886 -28.71017892 -2.87603609
v 15.24314991 -27.14061177 1.15088222
v 16.14234475 -23.75605400 4.78425626
v 14.91558085 -22.91695823 0.71466198
v 24.38547364 -12.54222019 2.58845937
v 17.19722561 -15.51951991 1.20235063
v 21.57496697 -10.24547156 0.61397735
v 25.04788766 -14.94019297 -0.79180556
v 26.12236261 -16.86163359 -2.15869102
v 20.11826281 -11.37315362 -2.63472811
v 19.79396629 -11.31204548 -5.47435387
v 25.79106890 -20.60069241 -3.11655598
v 28.67297150 -19.12928299 1.30260916
v 52.51521541 -34.19119500 4.36408583
v 58.08838152 -35.93094155 3.86353431
v 55.33921127 -36.21267632 2.51529148
v 55.06313091 -35.66214824 -2.72102426
v 36.75934275 -31.22959867 -6.36437133
v 32.94613267 -30.39014627 -4.24123684
v 29.53405768 -29.48795985 -4.62780760
v 52.02042543 -36.27786241 -5.30766473
v 57.30126370 -37.68856088 -4.82840634
v 28.77536835 -31.25343434 -7.50555643
v 31.82038195 -33.43756013 -8.09603763
v 53.26080248 -37.24730803 -5.94239395
v 39.16956172 -32.93544507 -8.63620049
v 41.65344908 -32.28590964 -9.22527341
v 44.05806295 -32.38066213 -11.46677604
v 35.25609129 -33.11314512 -7.77428488
v 49.85154568 -36.30285045 -10.14565572
v 48.59553690 -34.68887308 -9.23121220
v 27.29454254 -32.36448667 -8.33198217
v 46.23927272 -33.72681551 -12.52916772
v 55.89598401 -37.62155372 -9.75731070
v 41.42682065 -35.01073372 -11.11749900
v 52.94157728 -38.40362871 -10.68031159
v 33.72022058 -34.33440505 -8.87355139
v 25.32900979 -34.43773333 -8.29850623
v 32.20356444 -35.80412602 -9.50675646
v 34.23110223 -36.68552056 -9.75505184
v 28.26346499 -35.70449177 -9.40643506
v 29.82073595 -37.13750457 -9.88725950
v 22.48210120 -37.16543673 -10.29665497
v 24.67608706 -36.63423699 -9.92207983
v 15.73251145 -35.78376828 -7.72344087
v 26.87562111 -37.92974765 -10.07631533
v 19.61885592 -36.71562453 -10.03878788
v 44.59054998 -35.97883366 -14.17906100
v 13.00690207 -37.00323946 -10.19640093
v 48.54130007 -38.74419954 -16.97724696
v 18.84359901 -12.22329703 0.91438041
v 19.89061340 -11.01143375 -0.58364766
v 18.45688251 -13.62063142 -1.46625080
v 18.84393177 -10.30021962 -8.69305997
v 56.37464296 -37.64678041 2.26901092
v 29.52283031 -21.50156711 5.99890368
v 49.36529024 -38.61325396 0.36242398
v 52.92160620 -39.51025848 -0.68314632
v 54.76218194 -39.37932009 -5.09143709
v 30.77348347 -39.90721599 -4.71056194
v 27.88696429 -40.14330809 -4.68126925
v 51.39238426 -40.05023295 -6.95448546
v 29.85958059 -38.81395134 -5.51426317
v 35.53281454 -39.94548173 -7.18457303
v 24.50286693 -39.75894207 -6.56304889
v 22.66740804 -39.21769182 -6.53520755
v 32.46607165 -40.00787539 -8.60955836
v 48.48985676 -39.22914121 -10.20239212
v 16.91003290 -40.46984327 -10.27291003
v 10.33182107 -38.37745154 -9.54271704
v 20.91515444 -39.93594604 -10.56716120
v 50.64372968 -40.37267814 -13.39394512
v 15.05898253 -39.40222411 -10.52268048
v 44.48022387 -37.77295172 -14.14177867
v 52.31594301 -40.37220483 -12.07272996
v 48.26597268 -40.36809077 -15.58537344
v 14.47524576 -24.49937968 -1.41735681
v 15.38979036 -24.86787745 -4.56755488
v 27.84138886 -21.68258690 -1.11962801
v 18.71017235 -38.83698511 -11.17068058
v 31.94838856 -38.81369095 -9.75152118
v 38.66532827 -36.79133093 -9.28546978
v 22.51561607 -34.91644762 -5.75003480
v 43.70839359 -38.47985610 -12.36829965
v 37.74897672 -35.16326655 -8.86787797
v 55.98101684 -38.87077031 -10.20266991
v 24.33880728 -34.48019224 -7.47953966
v 18.82757639 -29.52335246 -7.69465740
v 23.64787178 -27.43125974 -9.30219336
v 20.23824150 -18.16717601 -2.08829686
v 16.72923867 -17.19226478 6.46616405
v 59.60256073 -36.93038934 5.92650547
v 55.38317461 -36.09813489 6.03864381
v 52.86951423 -38.93649544 6.25842062
v 46.81236036 -35.22826019 3.19868896
v 46.69773942 -37.34900174 3.60590843
v 42.06862914 -35.65661501 2.97910824
v 39.44298007 -36.45939505 3.23459785
v 37.55178240 -36.26918200 3.64264896
v 32.99010299 -33.54399924 2.37209459
v 24.13612818 -30.87328860 2.02666114
v 25.73787072 -29.05703455 1.78771041
v 29.57258025 -31.82135159 1.47588340
v 33.53726711 -37.66838764 3.30802398
v 30.60058011 -35.03979000 2.51545482
v 26.99531854 -34.41553824 1.90351588
v 29.48018157 -37.62020980 1.42953863
v 20.34987705 -33.08178386 -4.30689628
v 26.56069726 -37.82681451 -2.97757402
v 28.97329122 -39.32829531 -2.14551873
v 24.47717526 -37.69384661 -2.85081136
v 24.39624648 -38.89910511 -3.31811360
v 51.58156004 -39.33721298 -11.03489762
v 18.61380237 -39.37633077 -4.50507729
v 15.53151239 -38.57662945 -5.02860227
v 58.83029803 -35.64190120 5.39823620
v 21.82311980 -12.18370396 -5.24446563
v 49.25920116 -33.71095246 2.24625528
v 38.97640297 -30.74372109 0.48683834
v 46.99468593 -31.91570053 0.25487335
v 20.63600173 -10.51455518 -10.78235789
v 44.28904174 -31.23941858 0.29473541
v 39.05669971 -29.87704948 -1.25318746
v 50.29520582 -35.16765099 0.25667999
v 53.11228002 -35.82102473 0.96456414
v 49.36074042 -33.48935243 -0.96725646
v 54.96375407 -37.32470735 1.22003508
v 27.36909684 -24.93693531 -2.63938878
v 44.48102824 -30.83194509 -2.11822297
v 55.08294383 -35.86301127 -1.48144367
v 54.02763235 -37.44211709 0.14700629
v 40.91174429 -29.97442242 -3.52498815
v 29.72550847 -29.45874609 -1.70338723
v 32.69180928 -30.36838189 -1.49131385
v 51.17804851 -34.06194281 -2.99869334
v 44.49438173 -31.55518902 -3.59059592
v 59.55509654 -37.29606446 -3.57601720
v 38.96295308 -30.42808476 -4.84822432
v 48.09421743 -32.48529120 -3.74203761
v 42.13485764 -30.97954905 -6.75658328
v 49.80855846 -34.22147732 -7.81649753
v 46.97808058 -32.32101369 -9.30487203
v 47.02264548 -32.11145428 -7.07046279
v 53.45829473 -38.16918803 -5.84039117
v 47.81024282 -36.28850744 -9.76428011
v 47.94496779 -35.21344529 -11.87715045
v 50.14995043 -38.14045415 -10.96599158
v 53.04890017 -38.93297738 -13.74933465
v 47.88736915 -35.68118645 -14.39925976
v 51.47521988 -36.63605096 -16.09747125
v 51.50816357 -37.54543786 -17.32050372
v 51.92123996 -39.22072472 -17.89454019
v 44.44507486 0.84338036 5.39776803
v 33.33950330 -0.07018913 29.40653148
v 33.86440138 0.94232953 29.47017170
v 43.70405873 -37.50424554 66.06053045
v 28.58166154 -39.14109155 60.53294191
v 39.23968575 -3.40949748 36.69989545
v 43.70776957 -0.94019590 35.15542132
v 42.46642192 -0.14353330 34.41347869
v 35.34886206 0.11779014 31.01680536
v 39.05703892 1.24866718 32.86399777
v 35.66345998 -3.48921084 35.17567446
v 31.32477960 -3.98927720 34.42157076
v 31.90510207 -2.39405909 32.59747358
v 30.64477863 -1.08591470 29.94994116
v 26.67093710 -2.45229109 11.83484007
v 32.64872268 5.08997717 21.27706211
v 46.29581697 -17.76255735 36.21868151
v 46.47798393 -18.97202371 13.41675995
v 46.86532660 -15.29793735 10.95334131
v 52.46886264 -15.33623624 14.45050110
v 44.85275489 -15.77163819 10.77166800
v 59.30918199 -12.35494539 16.85063185
v 60.76648934 4.75123371 7.00025704
v 54.09750063 -1.20987462 7.23842194
v 52.53859103 -1.29096430 7.13375698
v 49.10107745 0.09684138 4.25513482
v 54.41148452 1.08527367 6.03450346
v 26.18889048 -10.68819441 42.00462124
v 29.17651981 -9.39010074 41.33505079
v 43.76087882 14.72652889 29.67757647
v 44.53936477 15.91344772 21.16926203
v 43.41245367 14.26019269 16.00669956
v 45.05866509 35.89098663 10.61763454
v 36.94915510 9.16256807 27.96221987
v 37.70544940 46.26136206 8.53713152
v 39.30286559 48.30330117 7.26732900
v 39.32198696 12.11354734 11.78734385
v 39.06721843 9.91007235 10.42053462
v 35.85089262 6.19608840 10.93827014
v 45.30029633 5.35296209 5.75200692
v 26.59568242 -7.82043640 10.21018718
v 25.31792628 -7.59579248 8.99710857
v 29.31929665 -8.08500401 10.77956726
v 25.51933603 -9.85874351 5.67666898
v 24.43119195 -6.83293825 10.09235066
v 19.78732076 -10.50577728 10.18019135
v 26.64076265 -10.38900360 7.20549679
v 21.34773234 -9.87032789 7.07147954
v 20.90827278 -10.19613619 5.42391265
v 23.34291789 -10.71311712 5.08229001
v 17.06012766 -14.67849476 5.93817508
v 35.47461841 1.95809545 28.88879277
v 21.62110592 -2.75194662 34.52476760
v 22.64432667 -1.72177994 33.36637992
v 23.54401688 -1.50073801 31.70813790
v 21.95406164 -0.52281195 31.76620208
v 27.37882951 -0.89054475 29.32462315
v 29.51502509 0.70964766 25.84194115
v 55.98313918 -10.26420764 31.95640539
v 49.25181858 -18.18493631 33.56965541
v 58.51364161 -13.86961128 25.36992587
v 39.64576326 1.61734927 31.47325835
v 24.30529729 -11.90389427 41.98356878
v 20.44253278 -10.49693865 40.10390086
v 26.44677817 -8.88455769 39.58544591
v 17.88699497 -9.74217217 39.79020968
v 23.92001159 -7.94138017 38.18222610
v 21.80054926 -5.41634343 38.39473967
v 28.82991480 -5.85288287 36.58479985
v 30.91362961 -6.35145452 37.11240039
v 33.11325013 -5.61060615 37.43788823
v 26.38773672 -3.56022404 33.99995696
v 33.00819484 3.43682610 30.70632573
v 26.98512044 2.65478873 25.45199562
v 31.29497279 4.30547770 24.78064087
v 17.36768656 -26.81433959 30.36610830
v 15.19484698 -26.70013379 28.51268193
v 33.43972110 -38.65904389 61.35635941
v 61.53699345 -38.74134533 76.94782482
v 50.86787360 -39.29532596 68.95818331
v 47.29505046 -39.07586828 66.22612197
v 21.32144676 -22.14409142 49.47210695
v 23.16286735 -15.19467322 44.08186974
v 26.29493585 -23.79203170 43.73946298
v 25.47605625 -23.04959081 41.50347189
v 25.17641720 -24.29344452 38.58329081
v 28.41298308 -24.61461021 40.43388684
v 21.59088834 -1.30938059 18.76417289
v 23.16003287 -3.30597312 16.83010166
v 24.99890830 -2.56825951 17.45336335
v 20.23796530 -4.26920136 14.07076017
v 23.69001717 -4.70572094 14.93195259
v 25.32497227 -4.39744319 14.97855157
v 23.56836429 -5.50652449 12.74572844
v 19.08045263 -5.97315429 13.58200501
v 22.06177200 -6.56430496 13.31186641
v 21.87641245 -8.25590182 11.60676487
v 19.95905517 -8.86778423 11.33590353
v 38.24659694 -25.97196119 16.69089926
v 15.48400459 -19.77517779 10.64771159
v 40.64227188 -23.18533543 15.06052517
v 38.77284054 -21.56158869 12.71297334
v 36.62433722 -18.42176044 9.98403334
v 43.65251551 -18.17761353 12.15168774
v 34.47758238 -15.37741545 7.50873406
v 40.56524729 -10.16873608 7.56103948
v 46.32501244 -17.48464798 12.32841154
v 43.73520602 -11.29263308 9.05477342
v 45.51433474 -9.81754996 7.93163885
v 54.07113384 16.16827543 5.99636577
v 57.65545301 14.28071326 4.68782570
v 50.90202266 13.11669178 4.43482634
v 63.87919691 4.47877728 3.69698415
v 64.34083754 1.22420302 9.74241719
v 39.92760703 -6.01901318 10.01360798
v 35.99474339 -4.67242461 12.29639917
v 32.86729636 -4.33772924 12.25143758
v 41.68008943 -3.58585552 9.76702640
v 36.32743297 -2.68476928 12.10113551
v 48.45802520 -1.97068611 3.83238896
v 44.65421770 -3.51488198 8.75627700
v 38.91639907 -3.92790953 10.77321528
v 46.10551696 0.78974488 3.60674745
v 37.58015790 -0.84693493 13.20478711
v 43.24857376 -0.26911903 10.51580803
v 43.56946537 0.76567150 9.60563768
v 52.23545518 -0.54946261 6.31401868
v 50.99626277 -1.96504368 38.43632199
v 30.07049081 -3.33799123 32.96950182
v 28.47965578 -4.84547771 36.41015783
v 28.43518627 -1.69595927 30.79097831
v 51.95144628 35.69764801 37.17272593
v 40.64779751 2.67241722 31.78756974
v 41.19804174 -6.89813621 38.26345273
v 35.15442333 -5.32459862 37.81090848
v 37.12457820 -3.50258724 35.58815706
v 39.97107879 -5.39014160 38.49392093
v 44.95127695 -3.89991851 37.07331211
v 29.86286240 -2.48499071 31.20065860
v 30.17172770 0.43900170 28.12517524
v 31.88054808 4.02128777 29.60383080
v 43.83852094 -16.75122870 37.94856007
v 26.84797891 -1.73999654 31.75072305
v 30.40332479 1.80686793 12.47351798
v 40.39992382 -6.31787890 9.10610258
v 38.98767372 -5.49141104 9.82521863
v 33.79839972 4.31570310 11.35060776
v 47.14239279 4.26496398 3.89862527
v 41.36708387 10.48744265 10.03694521
v 44.23677004 20.62157146 6.26743495
v 59.64134301 -4.02999517 32.36343333
v 59.37241731 -0.32887391 34.28831070
v 70.05221305 2.35401132 27.02048081
v 61.48449198 -5.69689801 29.84874431
v 53.27468138 -18.62879918 29.56947205
v 60.12100038 -7.49568470 30.50285050
v 61.03892099 -2.42208051 32.39085326
v 58.06711100 -11.44337604 30.92722359
v 63.42206206 -3.03583365 29.48577120
v 64.60476611 -3.35892406 30.02912573
v 65.95899237 -1.96192907 29.42844352
v 71.19493321 1.49934148 28.86748282
v 51.29061025 -18.72147322 30.44573727
v 60.12257310 -10.90407281 28.97890944
v 53.10823116 -18.00023434 28.85899915
v 59.88498077 -10.50477890 27.92760355
v 66.21518045 -0.65821643 27.36521880
v 56.05769688 -14.95064141 28.90730608
v 48.54891761 -21.95893538 28.23059209
v 55.79670731 -15.13606931 28.21119803
v 54.38978258 -17.39308911 27.22173945
v 63.88880659 -5.98648926 27.11617515
v 58.52065243 -12.56041579 26.56290010
v 60.82211714 -11.03500380 25.35759598
v 50.38823217 -20.65210089 28.60017835
v 62.68419974 -7.83160940 26.55792497
v 55.36676947 -16.85269043 25.60608665
v 57.01498883 -14.86009834 25.54937504
v 51.40736814 -20.40011525 25.83509407
v 53.69852012 -18.31346428 23.00178233
v 61.26739421 -5.98787574 12.60075177
v 43.90294466 -18.23188751 11.41499522
v 52.60313214 -12.60821922 9.97623303
v 47.61652725 -10.11837030 5.18959781
v 52.97211605 -10.38645222 9.77393277
v 47.73487909 -8.45618503 4.49251035
v 50.87784478 -7.40078204 7.97914109
v 47.69732081 -5.13978743 4.26889044
v 57.87152888 -7.92136831 10.49313520
v 53.64640297 -8.17998328 8.99502351
v 55.33595980 -2.01513909 6.06512370
v 57.72654598 -1.26695895 7.53153255
v 60.04199735 -0.39954045 8.13219614
v 57.91124271 3.43497075 6.55148236
v 52.82405942 8.24897855 4.15496941
v 52.04469148 6.68799596 4.30534600
v 56.09933072 8.86529414 5.49659708
v 54.18965036 10.61664101 3.82899735
v 24.20040661 -10.06450985 40.20122405
v 29.62203928 -10.39312409 42.96826193
v 55.38754722 -37.79423064 74.41346895
v 53.86164332 -34.47406370 71.81588476
v 46.30152523 -35.94083386 67.90382118
v 51.60736393 -33.49599597 69.38329100
v 43.35287436 -34.04648131 65.85880042
v 39.38967040 -34.36695628 64.31014666
v 48.09541470 -33.52829422 67.75031756
v 49.70794359 -32.49372338 67.60899119
v 44.26722482 -32.68105150 65.22790341
v 37.07840387 -31.33077668 62.05923829
v 39.61241009 -30.47971074 61.54736108
v 42.84342903 -30.94085640 62.72931263
v 36.14351147 -29.17882258 60.20716711
v 21.09918866 -24.12895538 60.93551886
v 63.37182646 -32.95526927 59.38659284
v 22.62905396 -20.70859715 58.11535308
v 23.30439925 -19.54640771 54.84399687
v 22.77629207 -13.93161001 44.25460951
v 23.65611782 -11.55452038 42.00216139
v 36.85389460 -9.49952362 42.13566251
v 47.43126678 37.67952601 11.58551500
v 47.31062380 8.27720586 4.73917848
v 49.63101823 9.49623982 3.73486481
v 50.62225835 22.82081505 6.87498853
v 52.32832231 5.94610573 36.98969185
v 53.77342845 7.86608634 37.12096111
v 51.18509873 1.54357772 37.26146924
v 51.94899647 18.31984146 34.60087989
v 41.92150071 44.59419212 41.52358864
v 47.77868178 13.46939048 34.26129160
v 48.75209387 6.84916513 31.71505933
v 43.25395845 5.08158983 31.13567210
v 39.65749515 11.45148971 29.42067249
v 37.64302953 36.22885322 9.15088976
v 39.06932607 30.65249473 9.11922165
v 42.78097890 46.42336095 41.06103758
v 50.25773271 36.17033734 34.98794804
v 48.51586673 34.61782853 33.08857462
v 47.92277905 32.69278128 33.63106662
v 48.25692143 27.53489914 31.55016463
v 54.31170456 29.30079422 29.09956347
v 54.74480452 27.46822244 27.03497812
v 53.44664896 25.43982751 27.23950272
v 51.31777418 20.75809616 28.16705686
v 51.67852821 22.87856259 26.39476047
v 48.28152328 19.75218827 26.26276653
v 45.64744805 17.69307924 27.54633798
v 40.50529937 13.18479564 27.65634925
v 53.91851708 28.31332294 24.50642423
v 40.21359340 11.24109857 25.72542339
v 50.89256659 28.27306356 22.93181122
v 34.98298635 6.04012960 26.97290970
v 44.80354564 11.31233232 24.30689616
v 40.60321079 6.60468739 25.26280565
v 41.30193553 11.70370974 22.98299401
v 50.38122225 28.12707365 18.82542684
v 39.10854249 11.51457247 21.84156524
v 42.90406974 15.07087601 20.41048289
v 45.81041875 17.17571228 18.76651925
v 49.35992443 18.86392228 18.62479283
v 53.10758217 26.09006643 17.40814111
v 39.09447042 10.63582080 20.40819242
v 47.18599499 17.70050093 17.24003411
v 44.27695415 13.41451352 17.77975102
v 49.74774043 24.29727068 15.45732366
v 42.65525206 11.34004045 16.12040448
v 39.80478042 8.27421769 18.65264366
v 37.23112307 44.43197221 6.46327236
v 37.01331592 39.00155379 4.38330720
v 36.03741758 39.45735238 6.51640221
v 37.60705795 34.72210338 4.28613946
v 48.12029818 22.69076978 12.06218278
v 20.28368879 -10.50201115 6.54361666
v 25.28006896 -12.33914356 3.93125482
v 37.03812716 -15.87927544 9.65211223
v 25.71427460 -11.50924631 5.48629200
v 38.32399528 -12.96387225 8.78768667
v 28.92697194 -12.44257771 5.89910164
v 35.20592311 -13.36556133 8.76399738
v 36.21364351 -13.80406204 9.47659976
v 32.84697722 -11.48688504 8.23567936
v 34.55962869 -8.35131764 9.10667279
v 29.20945340 -9.38125548 9.67952245
v 35.97307094 -10.63290522 9.16491454
v 36.50704735 -7.81695790 9.42609757
v 33.56355276 -9.07122686 10.17916146
v 30.50789194 -10.05877571 9.34567537
v 35.78640682 -6.73284674 9.99671673
v 32.25118478 -5.33547642 13.16539653
v 61.01034592 -39.74583571 74.72639243
v 52.09353431 -38.69711932 64.04223293
v 61.70911485 -37.79330491 61.23653918
v 60.20375067 -37.68894957 59.47962716
v 52.92142463 -38.00263038 61.60042206
v 56.02722432 -38.05097384 61.23113797
v 50.16555933 -37.76259671 59.87957912
v 61.83287478 -36.86729140 57.34929481
v 56.96564207 -37.60604504 57.94558645
v 64.44008385 -34.96016503 57.97231487
v 58.44600550 -37.45450954 57.25853512
v 57.80700897 -36.31969684 56.25682145
v 54.94978351 -37.99363257 57.65876888
v 50.90738986 -37.24911181 56.78970434
v 57.73056082 -37.08028709 55.33057071
v 58.78241168 -36.73732950 53.16611898
v 61.27309590 -36.45254795 54.52505399
v 62.96150252 -35.50548324 51.14686568
v 48.89532206 -35.57693621 53.90586431
v 41.74659008 -38.40580084 55.57721233
v 55.69852769 -36.77441903 52.71050126
v 57.71702502 -36.44958593 51.10060580
v 46.36596227 -34.74461164 53.68424528
v 44.37895712 -34.94982260 53.36372868
v 42.72068220 -37.85724726 53.84163736
v 61.97511270 -35.07228927 49.23237034
v 37.53896613 -38.43405228 54.91976070
v 33.68776177 -37.63470891 54.61648826
v 31.71429859 -35.74908157 53.36865265
v 36.49724337 -37.08627674 52.94113056
v 38.45501823 -35.59340907 51.74712334
v 32.57102246 -33.63099771 51.38244806
v 29.21998881 -30.86021347 51.46027983
v 25.45293033 -29.20153280 51.01694332
v 36.11856710 -25.11827001 47.54700451
v 27.96493382 -28.85705044 49.24347270
v 36.54567896 -24.71107921 48.40536975
v 30.38377205 -27.32151927 48.35931186
v 41.66004458 -18.72038183 38.85819085
v 37.70564168 -21.66866655 44.75119341
v 33.64382221 -22.57265806 43.02162642
v 37.10146626 -21.08093782 43.80544932
v 39.67486957 -20.81281014 41.82824023
v 31.14625232 -23.53854768 40.69628455
v 48.35731486 -0.22641383 36.25452842
v 50.77787975 -0.11457386 35.41376343
v 55.24604782 -3.63706851 34.64043133
v 52.44917082 2.90292864 38.36676558
v 57.32016647 -4.23399487 34.14006981
v 58.90278649 -1.59832918 33.23456706
v 51.91889614 2.95059840 34.32948325
v 33.38159075 -8.88241979 41.68322108
v 21.16252668 -8.00891229 38.91367174
v 20.34942878 -5.55149055 37.67247760
v 22.74937458 -7.08689239 37.93629896
v 24.60754903 -6.93074720 38.40939541
v 23.39791020 -5.04569986 36.56947110
v 33.18511391 -5.49006110 37.78846034
v 23.45751210 -3.12815328 34.36362237
v 27.15428594 -6.96603057 37.73556039
v 27.00692331 -3.26004853 34.53936868
v 25.39229744 -1.53966304 30.57315765
v 32.58758373 1.52955936 30.27535531
v 24.55968474 1.78140392 25.95459068
v 47.21265001 32.36174660 39.84308853
v 53.53151365 34.47779671 37.54938096
v 24.90343403 0.01685629 26.92684790
v 18.98471743 4.02900392 27.12772372
v 24.14211151 3.43092304 24.55165622
v 43.39190795 -15.61394609 39.75858362
v 42.56758298 -19.06667531 39.04122722
v 42.03656025 -20.79019051 37.10443486
v 34.90234111 -25.24452402 36.93640835
v 53.24466045 -13.24520953 35.43706004
v 33.68106031 -24.87250969 34.95127958
v 39.16637190 -22.36403153 36.44933487
v 44.09502633 -20.84008898 34.92187058
v 35.43278146 -25.57566389 35.13057222
v 36.54432771 -24.73058556 34.86295667
v 38.13158809 -23.61166873 35.41079879
v 43.25616480 -21.79993283 33.43396998
v 41.54340956 -24.75024716 32.49260543
v 29.35288656 -27.20737129 34.94792342
v 45.36096926 -21.28665740 33.62998552
v 55.80878326 -7.78815780 34.20920075
v 33.65245197 -27.83435196 31.47885186
v 35.02799137 -26.30629990 33.32494280
v 39.87031739 -23.94819904 33.14773448
v 26.95300125 -26.80160196 33.02811408
v 30.90328826 -27.93796426 32.92586792
v 42.89901183 -23.36112488 32.74573278
v 48.10221875 -20.44421607 32.08786910
v 50.33545729 -18.69730013 33.18994572
v 47.35467207 -21.72484139 30.47898281
v 44.12905751 -23.19522607 32.08300523
v 37.63091537 -25.90476499 31.56816431
v 35.95412391 -27.21067486 31.60050984
v 44.20575714 -23.43015084 30.46899512
v 24.08235054 -26.71740905 33.17072819
v 41.01900063 -23.86469534 31.83265398
v 31.76762651 -27.20066890 31.73858734
v 29.36051623 -26.58599824 33.29559655
v 35.91660858 -27.17425214 30.49156464
v 41.14891551 -25.08201694 30.07407554
v 57.99756570 -11.18543903 29.51546662
v 44.88693303 -23.88106854 28.67344854
v 22.85831426 -27.59419030 31.53175404
v 34.40339736 -27.53036277 29.74185993
v 37.63123176 -26.96837228 29.28229896
v 25.58285237 -27.83371467 30.42924010
v 31.67366536 -27.60864476 30.19873593
v 39.81178654 -26.95396944 28.90047238
v 27.85183575 -27.91518167 29.97448773
v 24.65923104 -28.53639314 28.15334259
v 40.93950016 -26.48231686 26.77731835
v 21.33714949 -28.44175774 28.53976739
v 47.77305537 -23.14528034 25.20672509
v 35.48200082 -27.16670291 28.04180920
v 18.91818029 -27.73552995 29.56632641
v 39.22333998 -26.89501690 26.05520662
v 44.14853370 -24.90996445 26.49614809
v 32.97172526 -27.51381540 24.51635903
v 28.37416930 -27.93215905 27.25461486
v 29.70384101 -27.80282084 23.34666245
v 39.29861500 -27.27321322 23.90864045
v 35.65470952 -27.35964512 25.06011977
v 25.20699424 -28.35389296 24.68358371
v 44.00129779 -25.17614352 24.44411106
v 41.12994040 -26.02059853 21.92338603
v 17.73131183 -28.14402345 26.01437245
v 22.50313438 -28.64542268 24.12993335
v 44.48012831 -24.56142191 22.84749993
v 36.53998684 -27.11327594 21.80526648
v 30.16555090 -29.49301268 22.70889904
v 27.93404041 -29.92588355 21.86792085
v 33.35854422 -28.31774300 21.74847605
v 34.26629923 -27.31431805 21.96499828
v 48.63909143 -21.88493603 22.08942904
v 27.12354957 -28.12576940 22.13914783
v 18.33136496 -27.94316050 21.61162179
v 16.28136754 -27.30865783 20.88993548
v 24.75129269 -28.13176229 20.78586473
v 39.09957277 -26.33497009 20.37230906
v 19.57954808 -28.03689017 20.92365916
v 35.92913168 -26.99406347 20.21489932
v 15.58523218 -27.51384851 20.85343093
v 30.28948755 -29.43154314 21.92092256
v 37.07020215 -26.21661858 19.25914691
v 22.82310609 -28.26531457 20.68685283
v 25.95625838 -28.77358207 19.74334936
v 27.76568217 -28.62802942 19.14477953
v 15.75604659 -26.44250117 18.34150275
v 14.90503360 -26.70874530 18.50608004
v 26.67395221 -27.80689364 18.52743588
v 20.57884485 -27.25442813 17.77536758
v 14.39589972 -26.01195217 19.40552951
v 18.09882142 -27.05729795 17.57849869
v 26.12095058 -28.28279947 17.87116397
v 24.23220827 -27.62916183 16.29530140
v 16.70094961 -25.60359442 17.20625562
v 14.20174286 -24.30565838 13.96664810
v 17.77238511 -25.61937909 15.43455777
v 55.15450443 -39.44448844 74.61898150
v 58.37318452 -39.21484439 74.33115283
v 57.06096451 -39.42089987 72.40539315
v 63.20798518 -38.50761713 64.96148339
v 57.84451069 -38.22556743 62.10009753
v 58.79828116 -38.58772914 61.44005238
v 57.13633562 -38.09202388 60.83361195
v 56.84811249 -37.15244878 54.33840988
v 52.12320921 -36.38021597 53.35705427
v 55.42516918 -36.90154652 55.43072173
v 62.76276918 -35.25521742 53.39171369
v 57.67676499 -36.21772979 52.84947444
v 65.89360419 -34.89852281 51.57996773
v 26.40704717 -31.32814880 52.28680795
v 22.93748658 -27.96089653 52.62914707
v 23.05639547 -21.62587019 48.17043793
v 24.53782962 -20.54921951 43.37504646
v 37.68957093 -21.70454333 43.90150853
v 27.33826160 -25.25227763 44.89469416
v 29.44967986 -25.06719448 43.11540411
v 39.54186992 -21.60084421 40.84546186
v 37.24675117 -20.01531694 46.88860931
v 36.42309711 -21.74366660 39.81661198
v 38.23484978 -20.98866273 39.13060949
v 33.69145396 -22.50384506 40.68319365
v 29.37855444 -25.47243648 38.78912247
v 35.05985774 -23.23660243 38.44150599
v 33.85301188 -24.45141319 37.97520351
v 32.23090779 -24.70871341 38.41344724
v 28.31223499 -25.01337776 37.64967896
v 37.61660179 1.92646548 29.04589082
v 36.72482789 6.34156814 30.73602865
v 19.71325173 -40.28538135 57.80351089
v 24.61457063 -37.83905262 60.10883135
v 57.98472915 -38.90450393 74.66325225
v 27.21150642 -37.00226546 60.72402036
v 36.21071900 -37.36992361 62.94629564
v 19.81654364 -38.86879917 57.07779951
v 40.78565073 -38.70443511 64.66366470
v 50.18684131 -37.12566426 69.88001309
v 53.07512932 -37.28691256 73.19791527
v 23.70367403 -37.52199344 58.26861573
v 40.23913305 -36.29072733 65.26694135
v 42.70556816 -36.25994404 66.43911596
v 36.60754307 -34.26721272 63.40116813
v 50.84680845 -34.50237598 69.49872678
v 27.89545449 -34.94362495 60.65355607
v 31.29055168 -35.05776399 61.69118779
v 34.31084168 -32.48296697 62.33636016
v 30.39260369 -32.26455685 61.87236284
v 33.29921839 -30.11998951 62.15669434
v 28.16183687 -33.09050688 61.14269082
v 28.00048536 -27.16422063 62.68401405
v 22.00321867 -27.21511521 61.84681096
v 22.63248916 -23.40444574 61.92279877
v 27.70393987 -22.77142594 61.88726265
v 24.24362058 -22.27910561 61.56038906
v 17.49672063 -21.28714801 38.92214536
v 16.87401810 -20.93282130 38.12988859
v 19.02042086 -19.99834620 40.30446905
v 20.82436944 -19.08086904 40.03699905
v 26.72417549 -14.94824567 59.33623464
v 26.63537953 -13.25006588 44.62777502
v 20.14552390 -13.01238642 41.11251915
v 20.08189844 -12.48416248 42.50098478
v 42.75699563 -7.50404446 40.43315103
v 38.02193619 -4.81791907 37.19378707
v 20.86842532 -21.05737681 41.52786472
v 21.32357999 -22.06934005 39.53976109
v 17.16282576 -24.29317285 34.59043510
v 26.28731854 -25.70669822 35.51084105
v 22.62230482 -25.14420202 35.61331758
v 21.06255756 -26.14142215 33.49475419
v 18.79563042 -25.00217842 34.07473035
v 51.04306758 -38.61050293 70.33257881
v 45.48321217 -39.42703710 64.28368345
v 43.04582078 -39.17230203 64.17734647
v 38.35145492 -39.64618764 62.22025073
v 26.87451188 3.31454198 24.12484220
v 24.92878551 2.60357523 22.94294814
v 27.89410516 0.15808561 21.15695859
v 25.01229159 0.18615393 21.88871077
v 24.43718098 0.23286385 20.83626789
v 20.84634073 0.21319416 19.77394120
v 24.15427713 -0.92762898 19.95618771
v 36.44912528 -17.89138211 8.89945049
v 46.97722491 -11.84350589 8.07877187
v 32.48485191 -21.66705780 9.82221255
v 32.17219997 -20.92928991 10.22799565
v 34.98400534 -17.89393665 8.61757969
v 32.15958363 -18.60197711 8.24731816
v 34.35211894 -17.64941856 9.51298285
v 28.85864683 -13.21754029 6.35791765
v 38.57535212 -16.67086181 9.20149028
v 24.47625978 -9.22576653 6.77607946
v 44.09546402 -12.12189296 8.42420941
v 39.66036503 -10.99664411 8.77950602
v 44.00490282 -10.44483045 8.44390986
v 47.20907107 -11.13744951 4.94344124
v 42.87233636 -9.94477767 7.11125282
v 22.97068505 -6.00611739 12.45436789
v 29.84206603 -5.98069345 12.81568086
v 23.96845855 -4.31454254 16.31616869
v 42.48708865 -6.07885598 8.64322592
v 30.55020818 -4.24172949 13.41360058
v 28.63114907 -2.70878911 11.54934418
v 32.53948107 1.13954483 10.93341619
v 43.59751111 36.39199609 37.14445153
v 47.10222582 32.95142461 37.59857684
v 44.72311047 36.41531102 37.33353101
v 46.01508794 32.16728867 35.49888891
v 38.71303240 45.63842243 6.00467173
v 38.08823597 42.00856022 4.65466278
v 45.55544985 37.96973348 7.42657791
v 45.70365623 35.66792613 5.03019183
v 33.07559722 -0.84151989 11.52357963
v 59.39391502 -3.31821666 9.45735785
v 61.42269843 -1.85777650 8.89433760
v 40.60144733 0.90612514 12.47645795
v 43.12234154 1.53410563 11.49055799
v 41.08877933 1.64377132 12.15968213
v 43.67107850 2.84035233 10.98694596
v 44.31969155 -0.82166525 8.79722414
v 35.77580678 3.33329230 10.46793469
v 41.39182253 3.07575441 13.16181707
v 49.71847406 4.19523492 3.98490443
v 54.27601980 3.27717955 6.83886747
v 55.55971510 4.01995180 6.20211449
v 43.48824681 6.60653957 14.34246057
v 43.24184000 10.07263839 10.16499693
v 44.67209515 5.62063448 12.79304947
v 63.33947727 4.97392234 4.27147892
v 57.57222814 6.35623157 6.62997337
v 56.95219046 7.27713052 6.55656164
v 46.17098215 9.80518842 12.88467416
v 58.24084835 9.56229920 4.97903226
v 63.75403911 6.46731050 7.75329672
v 57.01669658 10.60607182 4.52657028
v 47.04984328 9.44292820 12.09716017
v 51.79689939 10.11287238 3.43374714
v 56.74521616 11.50436928 5.12314500
v 46.03955221 10.97634917 11.11261160
v 59.24945280 8.60843083 5.34206766
v 61.71408351 11.32330653 5.95262464
v 49.56268716 14.17019784 13.17603765
v 52.74976242 11.63928978 4.32148155
v 39.06575741 15.56106962 3.88719259
v 48.94476439 14.78864401 10.93476040
v 58.14961870 15.17464925 5.73213380
v 61.86262963 13.84969371 6.18246934
v 44.76953186 16.03047796 7.55108460
v 54.59603203 14.24478927 4.39719591
v 48.97326846 17.68333088 6.69857143
v 42.27245532 18.52110429 5.10552457
v 49.65307259 16.15268349 7.48538885
v 50.22293811 19.18773899 7.54240161
v 42.68890803 17.95228036 5.25100723
v 50.70943416 18.84566898 6.62949976
v 53.27900060 17.91567464 6.09915735
v 48.91322405 19.54548095 6.56152859
v 48.65126671 21.64658167 6.36787394
v 58.46295426 18.45463942 6.61221294
v 52.71348263 20.65328296 6.92680443
v 56.21916441 20.91806447 6.64266344
v 50.46141403 23.73272054 6.92637049
v 54.15794205 23.33140522 7.13791996
v 45.56628386 26.60756437 5.08823087
v 53.04052815 25.17799488 6.50490818
v 40.26665737 28.59598036 6.25492015
v 49.70247351 27.50712719 5.84916020
v 51.04446190 28.70079509 7.11308040
v 48.04038841 30.00023671 6.53509076
v 46.40569405 1.63784125 33.70377965
v 49.97581397 6.21996184 33.19995486
v 50.89422982 9.79064739 30.82912853
v 48.54587813 31.74782112 36.55575217
v 49.87084375 27.04195405 13.54876493
v 46.04996358 31.62122931 10.10697555
v 35.05721770 -7.33558570 39.75455277
v 34.18757749 -6.58402834 38.13720922
v 38.68970797 -8.17732582 39.57803243
v 52.48741487 36.26065523 34.94238349
v 50.19234018 34.78767686 31.77566016
v 28.24429764 -0.83017614 28.52662017
v 42.32461599 8.74573347 24.77567430
v 48.89499834 29.67513017 21.54694209
v 47.64026450 29.99264718 21.10597726
v 28.87833876 4.10669667 23.67594344
v 34.90106604 8.68661532 22.48005395
v 34.48346782 4.15038734 20.14314736
v 30.99088194 2.56074539 20.72344535
v 31.80010466 0.94264126 18.89034356
v 29.29801671 -0.27383579 19.89774344
v 29.47385280 0.40003886 18.91210940
v 28.29952735 -1.73153243 17.73662259
v 29.82924250 -2.01090957 16.13485409
v 28.49908268 -1.72958168 16.34634724
v 27.47693506 -3.01886555 16.43056955
v 28.11736894 -1.07527074 13.83815457
v 26.64419549 -2.24651141 12.89163381
v 41.36801787 -9.35452056 40.87238193
v 32.70064712 -7.56176539 41.19567369
v 32.42810511 -7.00756312 38.42959881
v 37.12256235 -2.35361588 36.22464370
v 36.86849196 -2.43993755 34.91180774
v 37.57351630 -0.07811409 34.20632536
v 37.99459657 -0.04682824 32.81609769
v 29.91078359 -0.05643355 11.52598432
v 64.93323421 0.77015268 30.34397261
v 63.21532620 0.05918794 30.78843022
v 42.80855123 -13.97512738 40.83924658
v 56.65515935 1.39491119 36.65684409
v 43.19838767 -9.93565466 39.84638016
v 47.01677355 -12.35030226 37.48238196
v 49.39524679 -14.81017624 36.31453601
v 53.21229380 -11.24661091 36.27613408
v 49.56728555 -16.63104413 35.50701749
v 57.96861154 -7.18483187 32.54745469
v 55.95491208 -13.06867740 30.46041308
v 57.34032884 -12.82690933 28.97580477
v 61.90100211 -9.45493828 27.61809081
v 52.63171195 -14.23734406 33.12383598
v 68.68519377 1.87113989 25.22999414
v 65.83168662 -4.10403599 25.07364547
v 67.26385260 -2.20551995 23.58710034
v 70.43334377 4.21403696 23.64923048
v 68.24178601 -0.23457823 23.06462309
v 63.55893370 -7.73181241 23.85715228
v 60.06325362 -12.89954067 22.20666022
v 57.79242704 -14.55373570 23.20975981
v 67.68398768 -1.31007771 19.50933120
v 65.81242331 -4.56161175 21.91847622
v 61.88044064 -10.41973489 19.91295739
v 64.55423362 -6.28148662 18.92383766
v 56.96857082 -15.07316292 20.34919531
v 69.41581083 1.67419120 21.63408660
v 57.43122188 -15.29416492 19.91491652
v 56.67267708 -14.90942148 17.72479033
v 63.88300796 -6.16129362 16.07852096
v 50.98769830 -19.24071233 20.20063119
v 61.85489005 -8.94762222 16.32205098
v 53.23642725 -16.68234407 18.55258093
v 49.15966165 -17.01330277 15.82088292
v 52.87667194 -14.14841930 14.74143778
v 56.24017172 -14.08751206 16.91691829
v 47.28629992 -17.99792971 15.16444660
v 42.97032630 -22.23215875 15.82845796
v 54.71466278 -11.26030654 11.93284847
v 45.47680017 -18.40986828 13.85741796
v 63.51480847 -0.76499891 10.56318975
v 56.80250978 -9.77753543 11.56422198
v 59.26516094 -4.61084820 10.07507997
v 62.78913108 -2.30931969 9.55610475
v 56.81994625 -10.20466317 10.65941106
v 55.15617646 -11.65627505 11.01243636
v 59.83400884 -4.39980023 9.58518079
v 51.35511017 -12.63003059 10.92378910
v 42.52351263 -16.25764431 10.58060082
v 47.70124161 -12.78265938 9.63368739
v 41.11730706 -17.45945606 9.59753452
v 41.63334845 -10.94798557 7.64939945
v 60.56897632 5.40195854 34.16602272
v 65.74147580 -1.98651230 26.73939894
v 48.65642929 -9.65325206 4.95118836
v 28.53442824 -23.17861835 10.66791730
v 23.61741901 -25.19942090 11.20138552
v 22.22604608 -25.06117519 10.76516462
v 26.25159879 -24.36011334 11.84557874
v 17.76850335 -22.91618603 11.15572176
v 25.42646508 -25.20650152 8.70388343
v 27.37987837 -24.11454482 8.41503983
v 21.76562104 -26.01110668 8.38401179
v 56.01930149 -35.30936642 73.33459471
v 59.09455125 -34.28792931 65.45964904
v 53.99223367 -32.15028692 64.25678583
v 49.31967274 -30.97785369 61.34284982
v 45.16107118 -30.31723966 61.54243463
v 59.40818349 -34.04953738 61.61411544
v 37.20636549 -28.65936729 57.93173217
v 31.13944860 -25.11371879 61.77522481
v 33.86754569 -28.08990258 60.67537752
v 52.07759089 -30.85256258 60.90102629
v 40.67174665 -29.16096247 57.15470764
v 44.26160706 -29.57080795 59.66124280
v 29.52792532 -22.15432219 59.39602915
v 53.72956982 -30.26515115 59.20332528
v 58.45504714 -32.30514292 59.72155538
v 32.29519917 -24.29737184 57.77473190
v 50.07822053 -29.04291930 57.25860649
v 53.98995834 -30.02872418 56.88324125
v 57.69518126 -31.85541535 54.98462429
v 61.11688753 -32.26349476 53.52078618
v 31.85465287 -20.48600800 55.21661421
v 33.73055589 -16.33253857 52.32102189
v 28.44467523 -12.67547079 56.60233141
v 32.44503763 -17.55136627 53.88752506
v 29.47157931 -10.10647046 50.78781050
v 30.24509607 -12.26279900 53.26357001
v 32.81217528 -11.43852041 49.46740676
v 33.40405863 -10.16595630 47.41152981
v 33.14490492 -9.43189984 45.82502601
v 24.77567050 -11.36956345 40.87156196
v 21.18631374 -22.63961336 58.68902000
v 20.93136295 -22.59861431 55.70874590
v 22.91631971 -18.37023232 54.94267606
v 25.02982868 -14.17397544 53.78127149
v 27.71796733 -11.06181748 53.63122773
v 25.23596255 -16.01558107 51.09860574
v 27.59253735 -13.07265185 47.54054692
v 22.99473182 -18.90325627 48.73901707
v 24.20435023 -17.71318378 46.86230342
v 30.87862510 -10.27087224 45.57721581
v 20.50319262 -20.84126740 49.78765704
v 21.57631440 -19.95997966 46.77845921
v 25.09801668 -15.84113965 44.68111165
v 23.40641519 -17.92276288 45.07306733
v 43.92429945 3.85682644 31.44331899
v 45.64730420 3.70993597 32.14890956
v 45.22585396 5.56974502 31.12284785
v 46.29862536 8.29328874 29.10102388
v 38.51056594 -14.99141675 43.38338062
v 49.93554273 11.89964462 35.28574138
v 48.67872474 19.28304115 28.37435377
v 53.21236371 20.25979071 33.15846371
v 48.45508966 29.38203692 12.16555394
v 35.41523190 4.27385782 25.13063494
v 38.51484814 5.79911862 18.87853732
v 39.62538383 17.19756309 4.92496529
v 40.94470016 38.09154233 40.24869613
v 41.82127239 34.47258050 41.05144814
v 41.83530970 41.38290193 39.33606775
v 41.23093851 37.40439954 38.72166023
v 41.24250590 33.33209744 38.51641321
v 48.44985673 34.36970457 36.29282488
v 51.22671160 29.56528134 30.21347136
v 44.69838659 30.72283086 34.68024850
v 48.35173059 15.52277285 33.30285001
v 50.72084051 17.77770410 32.35142377
v 46.13196911 10.96311382 35.24286340
v 50.93353838 27.48260380 30.13023422
v 52.27352926 22.73993609 27.75203406
v 54.67855998 26.20001458 26.54950936
v 50.23351992 23.35144156 22.21246854
v 45.36623533 16.87087543 25.26476598
v 48.80003287 20.55098108 23.41728235
v 44.55783834 15.16523259 24.58549129
v 48.48280001 19.37097897 21.56409047
v 51.33047548 18.86740362 19.61124647
v 51.59316147 20.84517023 18.63542057
v 52.07504051 28.28968599 13.67963630
v 43.24811504 10.83082934 17.56043182
v 46.66033736 15.93566942 17.02812814
v 49.91308669 29.95186827 13.13918875
v 44.97524217 18.26265496 13.97088663
v 48.19238353 22.41166627 14.64765944
v 45.56366893 16.66823027 16.25541126
v 45.91993337 19.58061503 12.68139628
v 41.95248868 30.00772536 11.27763178
v 45.45041949 18.19766220 11.25931004
v 40.29791482 12.82393125 14.26549221
v 45.92994542 17.26766611 10.32665640
v 37.04390402 9.37239068 13.54799607
v 36.55612458 42.46360225 8.15098583
v 37.19333379 8.26711025 14.93149265
v 33.92779174 6.09860319 13.41452837
v 36.79224460 35.74290140 8.01095168
v 44.07930999 18.48134248 9.14800318
v 47.29634253 21.96946854 7.03921584
v 37.24115881 33.40977674 6.43578441
v 47.66096032 10.98141424 7.25007706
v 41.40878607 18.92229072 6.65406351
v 44.51609959 2.07233178 7.12400626
v 15.73493800 -14.08015356 6.89914684
v 18.24677005 -13.90705127 4.98542007
v 35.74298297 -25.98081230 51.11033235
v 43.91183756 -36.40184837 53.54249694
v 23.32978416 -40.51598881 59.17233641
v 21.80819693 -40.10433959 58.33758087
v 26.57237648 -39.99883694 59.94080388
v 25.66316973 -39.70785810 54.14421791
v 28.79268233 -38.26492367 55.30708666
v 42.81136362 -39.72738550 60.07602775
v 34.73315861 -39.45757384 58.32358079
v 49.49779805 -39.30017226 66.48037860
v 38.52329134 -39.21574747 57.11378744
v 53.69000318 -39.53222619 68.29009627
v 30.75077620 -38.61692197 55.92668442
v 49.17811343 -38.93626146 63.62864279
v 45.99749456 -39.28177378 61.67681698
v 56.36963115 -39.99300842 67.13843003
v 55.76840847 -38.93216450 65.57375646
v 58.53482474 -39.43780466 66.06939326
v 41.99236683 -39.36185669 58.29024438
v 47.34785019 -37.60871288 57.14881537
v 62.69808366 -39.44992757 65.53691352
v 58.96898377 -39.16155712 62.82006028
v 61.32290214 -37.90437768 74.22977560
v 59.37311272 -35.74112557 62.25296367
v 60.64839753 -37.75151257 62.13502434
v 59.35741690 -37.27872336 72.19726601
v 62.13808932 -35.57773288 64.66702540
v 56.19450280 -35.98152415 66.94497595
v 64.40785743 -32.93727680 51.97432412
v 60.25110142 -31.89706657 51.81555958
v 61.82061385 -39.53681373 68.03034245
v 57.79889336 -38.77900835 68.43678952
v 59.19603257 -36.48224416 75.08741355
v 34.19573833 -22.39277902 55.92365140
v 65.03900397 -34.37187078 49.84653311
v 61.62866740 -33.33677160 49.85629451
v 41.68723476 -29.69019428 54.91118601
v 64.13597868 -1.55791471 30.47036745
v 55.02751716 1.51043551 38.06646965
v 42.45195169 3.60895075 30.41256763
v 38.00991619 3.08366462 28.40290150
v 49.87951411 4.52522498 32.49998879
v 53.77151804 2.19463802 38.52283810
v 47.53978117 4.86916453 33.30994729
v 69.83952687 0.35557435 30.40372471
v 54.60376194 6.04131718 37.74439022
v 51.69671260 4.22619955 34.90237667
v 62.79134379 1.66402702 31.78308872
v 60.47092988 0.62969489 33.17863535
v 57.84869833 6.33266985 36.51105800
v 59.90471201 7.64467614 35.17861544
v 60.40493396 5.25222173 32.89058329
v 41.56459640 6.22631547 28.32215657
v 70.01722987 1.43700648 31.26613634
v 63.17974355 5.57339159 31.35719813
v 69.23914894 2.78110431 29.57982889
v 67.58812372 4.42897482 29.04849650
v 70.01430670 5.08273227 26.69127274
v 47.83622940 10.37780872 35.19365299
v 46.23139794 10.60518819 34.43140509
v 65.34657096 6.04821048 30.48436884
v 57.89318564 7.46916805 35.59198699
v 40.50051230 9.92529723 30.74873940
v 57.66764150 8.06117696 36.28504089
v 68.67490431 6.84004053 28.36011207
v 58.51630662 10.10154793 35.04298167
v 64.14826622 8.41154680 32.07348741
v 61.28111770 7.90568103 33.51717632
v 62.89332425 9.60875967 32.89680465
v 58.63569120 11.23988051 35.14110848
v 55.83966236 11.45095753 35.42448887
v 68.66505469 10.48885447 28.73943982
v 52.66224598 13.48944335 35.63185595
v 50.07674307 13.67533746 33.83023742
v 61.77113073 10.69861425 32.99565067
v 65.69428120 10.18752112 30.41833326
v 59.97324376 11.81955952 34.05503103
v 46.64459435 15.50854785 30.03173095
v 65.07094305 12.45692535 31.25407360
v 61.50811626 13.56525497 32.58944060
v 62.53990888 12.14939982 32.74855590
v 54.89760544 16.89738636 32.78217245
v 56.19261489 12.81943288 33.35525521
v 59.24130269 13.21259198 33.42892234
v 54.56426413 18.47682724 34.98803613
v 55.63400413 16.30501555 35.03665456
v 61.12847389 17.18377968 32.56138110
v 62.45254593 14.89267766 31.72947682
v 61.04818638 15.51563007 30.72954622
v 57.91481201 18.47175395 33.63851596
v 60.28492842 19.11458729 32.87585590
v 55.99959628 21.75588319 33.98851050
v 59.09355814 21.90896741 32.63420166
v 53.12973913 23.35702094 36.52521311
v 52.86855979 -16.23877558 31.72186707
v 48.02446062 27.38359325 39.79670889
v 53.86937609 25.01193677 36.43330611
v 50.25151888 27.97676597 38.57867807
v 53.69382949 27.03497388 35.45797828
v 44.31019679 31.25957652 41.40181509
v 55.55201272 27.75081891 35.53992914
v 56.77274306 28.46315399 33.93289080
v 51.26197277 31.03267434 38.12088512
v 44.04235905 36.62332003 41.93672400
v 49.81763647 30.40276876 36.65940542
v 54.81136216 30.82419818 36.46986991
v 51.12056465 33.84653370 38.13787826
v 51.82561072 32.40868412 38.38620538
v 41.91905169 39.28843143 41.83091334
v 42.94168224 42.00949907 42.12249229
v 47.53816593 33.90890630 12.50356703
v 49.83535390 34.16663928 12.21537005
v 41.14224170 39.14629693 6.88848814
v 40.17087227 44.11686473 8.63378580
v 39.79660875 41.11168912 8.33094509
v 58.98824849 -37.67903097 67.50704446
v 25.83953380 -34.87794159 57.45497700
v 62.58560529 -38.56371167 66.33138368
v 26.51254753 -35.85191770 59.70526871
v 63.36541229 -37.98391488 67.18804156
v 58.56445337 -35.92185848 67.55573267
v 53.62954064 -34.86555740 66.36441664
v 55.84507368 -32.46696817 61.06485802
v 67.45424568 -33.69276349 51.22810040
v 55.94810548 -30.86586354 54.74647143
v 33.16438692 -23.48223366 55.48840246
v 25.97890798 -20.57634861 59.28311095
v 28.42397762 -19.56174503 55.75247355
v 34.34476260 -22.26968463 53.76270516
v 25.65307621 -19.10830217 55.03858731
v 26.81519383 -18.54515018 53.87329182
v 32.40822937 -17.31390725 52.26361741
v 36.05938858 -20.53563098 49.67375529
v 29.39566197 -18.21037393 53.56608459
v 35.23597083 -18.90285343 50.65893732
v 40.34962100 -24.31690002 35.21567548
v 23.38289322 -20.00063279 40.79942460
v 29.23273963 -16.56345028 56.30885721
v 25.20693065 -11.41464004 61.28881431
v 36.16905690 -15.38812777 46.98582492
v 40.41514525 -22.95759074 37.43960137
v 28.74065381 -14.53424987 57.76539181
v 36.51330143 -17.61308164 47.48202249
v 30.96336842 -16.37406776 54.49983638
v 37.79374509 -19.36327781 46.95455214
v 37.63373973 -15.80179473 47.61268331
v 40.43001460 -19.45604943 38.67446002
v 38.37848767 -19.50536161 43.73488126
v 19.07423672 -14.66579460 41.53138074
v 32.42304983 -13.54921245 51.34043438
v 34.17916760 -15.81713435 49.58601851
v 40.08720366 -17.50636511 40.96514775
v 37.77189698 -12.89067727 46.01416712
v 39.17685369 -16.30189633 42.52148104
v 36.45460088 -13.88021310 45.90209126
v 45.10661839 -17.17471802 38.16296203
v 39.39339768 -14.17158402 42.87096905
v 41.94827386 -14.77174295 39.78784613
v 41.18895151 -11.81722297 40.80378459
v 36.37352953 -11.18093777 43.98951792
v 34.93932848 -9.70629874 43.77475735
v 37.48310993 -10.53907893 44.11084623
v 40.11908471 -10.60875924 42.91251782
v 53.92561133 -15.33826986 31.41894855
v 40.75754286 -10.10917201 41.56843919
v 33.40074229 -7.61763463 41.64235358
v 42.03025320 -10.84674599 41.11982095
v 48.96055805 -12.12476863 36.43062099
v 51.05226899 -11.04246169 36.04262434
v 52.29360657 -12.19813165 36.66850818
v 46.09449511 -9.80641836 37.81470054
v 48.03556405 -9.41428338 37.45277283
v 50.12616201 -8.23729242 36.52495960
v 45.16814815 -8.78030432 38.83985397
v 51.46116030 -10.59832774 37.30543981
v 44.67315604 -6.03570699 39.36537908
v 50.84584239 -7.70883606 38.34791842
v 46.90019268 -6.76478305 37.81391917
v 53.39909373 -6.45926366 38.14467938
v 51.90032764 -2.88314439 38.80708086
v 56.40118327 -9.51599529 33.35079961
v 46.51507334 -5.31426420 38.40909870
v 47.67860470 -3.76674442 37.10971081
v 58.98903756 -9.64345644 30.41686644
v 37.90325287 40.80713984 9.01960415
v 44.81512694 40.08388622 39.28894933
v 54.43303054 34.92824701 34.73646312
v 52.25297847 35.26296639 32.27416165
v 52.85654796 31.18353958 30.75612062
v 54.59079653 30.96900846 31.57756998
v 23.99187452 0.82638988 29.09072649
v 24.07343450 -0.70517453 28.23880275
v 28.82187590 -1.46721086 27.71829351
v 31.23569189 0.05370886 26.68862097
v 22.46848636 -0.14598645 21.68938775
v 20.20433623 -0.21859867 20.69502887
v 38.01490308 5.79735620 17.56617440
v 43.41835042 31.84692151 10.80298518
v 43.56985481 33.75976814 8.43296211
v 25.98212997 -5.29148081 11.10401113
v 46.56092501 38.89196843 8.77352266
v 41.31075795 36.95886118 8.45762994
v 45.40410916 32.03947730 6.16875773
v 17.34803647 -12.66958584 7.82208394
v 18.88334058 -12.85127221 8.70285239
v 38.59590844 15.13314681 5.18862657
v 69.37264753 3.98380484 26.49960776
v 58.34010455 -15.27058881 22.57603395
v 44.64904218 -22.84475425 19.37357397
v 42.29363216 -22.58961679 16.74070311
v 40.02689963 -24.47852323 17.67278192
v 37.34381861 -25.42009373 17.38660707
v 32.91811888 -27.52292072 18.66841739
v 39.92240004 -25.30666395 17.01725141
v 43.78782135 -21.19647271 15.96100804
v 56.45080224 -13.09334301 14.73862646
v 35.53051559 -26.24410844 16.02454358
v 38.87758296 -23.31007244 15.07787985
v 66.54363981 -3.13956299 18.50030002
v 33.47867340 -25.75575397 15.67646523
v 23.44318278 -25.36580475 13.79767981
v 28.02568500 -27.54494636 16.74640128
v 33.00055896 -25.57111668 13.77462208
v 19.18201976 -25.68797164 14.71729382
v 66.78828066 -1.19316288 14.10655703
v 20.81791493 -25.14751774 13.21809228
v 27.71816911 -24.35050281 12.60682774
v 69.09776524 3.31221748 12.42506361
v 25.57454440 -24.76584118 13.58579923
v 32.45698778 -23.49694753 11.36429160
v 17.67407439 -24.04973538 11.72395813
v 31.53947163 -23.84624914 13.06599355
v 42.75605892 -15.73582725 9.73718406
v 49.68568027 -13.22017375 9.25080627
v 15.60855204 -22.59235937 13.48058362
v 38.15998754 -17.95169599 8.82839009
v 67.02617221 5.39370442 9.47777260
v 29.69859529 -21.86287271 8.71759255
v 64.82114651 5.55261018 8.27486532
v 63.98413255 3.28188935 4.21987465
v 56.19458756 -36.26423435 56.39702803
v 33.27724021 -24.21457731 36.27599248
v 46.32078851 -16.34288008 37.73181701
v 31.72135448 -26.08403683 35.95508697
v 20.55083274 -24.00892671 36.76599032
v 54.93904201 -39.31192959 71.83614761
v 56.96928420 -39.66051243 68.77537469
v 59.38510212 -39.73306355 68.01155299
v 43.39340847 -39.86402765 62.15682649
v 41.12381512 -39.81502226 62.72898412
v 36.49562745 -39.48039777 61.67142650
v 34.02068254 -39.57731436 60.50058500
v 31.54957187 -39.73595050 59.72081217
v 37.46116947 -39.45081526 60.06854482
v 29.00007161 -39.62858513 57.53412417
v 24.43970111 -38.98404970 53.83962766
v 21.11869438 -40.44756772 56.25241487
v 26.84454521 -39.76042938 56.16904655
v 23.37167663 -40.24732377 54.46408569
v 23.76275072 -20.64337963 46.10698828
v 23.14471313 -12.63562181 61.03875322
v 42.58792005 -6.74051181 38.73279747
v 26.59312751 -17.56757312 55.13731925
v 22.81556613 -11.32692717 60.43875825
v 24.82919128 -15.78731546 54.35235044
v 25.39942178 -16.72397298 55.55738352
v 20.49211421 -26.15823873 60.92167710
v 27.87343360 -34.36731942 57.93206637
v 24.43984060 -31.97470403 59.70714405
v 21.59034073 -29.02508604 60.91115126
v 28.23147048 -35.10991363 56.07142031
v 21.69013351 -29.14614160 57.33123201
v 20.18753031 -26.34670930 58.23549406
v 20.75845976 -26.12550575 55.06066797
v 20.72851183 -21.43406349 52.08668153
v 24.71762083 -15.75178004 43.36721234
v 35.40224008 8.34820690 23.83394632
v 24.33613017 -18.37166627 43.73435210
v 20.65631293 -14.70919675 42.70146354
v 22.97162625 -15.93456158 41.58121057
v 24.39305616 -21.91725418 41.70626374
v 21.20740203 -17.18712898 40.39047510
v 20.92235913 -13.56461973 40.30470763
v 21.22654157 -19.77150509 41.47373768
v 22.98390436 -23.98205453 38.42899435
v 21.84911740 -22.45901235 37.97214690
v 15.78040586 -28.12307515 24.25575186
v 29.40158963 -3.47780179 13.98895337
v 26.74522768 1.61251971 22.51161017
v 38.65909012 2.37435878 13.74603966
v 39.75089824 2.84108739 14.19225706
v 41.16458232 4.39105112 14.03629161
v 45.12957992 17.63081031 8.13743204
v 32.08359589 -2.84399875 14.27844502
v 44.13756533 29.97008354 4.20171010
v 40.30496496 30.94706593 4.09410151
v 46.39563446 33.72882732 4.93290785
v 39.81360803 34.88866278 3.49632753
v 42.32619960 35.35172879 5.04220876
v 39.02052069 40.15973079 4.01559448
v 40.97950064 40.30428237 5.61479565
v 40.34900787 44.21977527 6.08367236
v 48.28101299 30.42092417 34.16901505
v 47.90868176 -0.71647123 35.13899504
v 50.39351160 2.40364663 33.67988114
v 33.98399985 2.60878246 27.36162901
v 33.42781264 1.19698816 27.96895198
v 33.90341831 0.80175070 26.91906864
v 35.13771613 3.55591201 25.09378259
v 35.38696973 2.50384803 17.97031122
v 37.59847226 2.70056851 15.70066140
v 31.85826649 -0.85116105 16.66426375
v 31.86348842 -1.94851307 15.01712215
v 29.15343947 -4.08131619 14.72476012
v 47.19105503 13.07142740 29.92952867
v 53.96013994 19.96537052 31.64113331
v 44.56804613 -3.87793012 4.73236263
v 59.60043567 5.24353235 35.00281383
v 55.02170637 -1.57442347 37.31429262
v 54.05886260 -6.18558863 36.66403906
v 56.75886810 1.90538253 34.87074227
v 54.63615418 -1.31587487 35.24141016
v 53.60271078 -7.83860966 36.08111979
v 55.53043244 1.05863506 34.79768330
v 54.93357483 -7.80550468 33.40594429
v 51.71277175 -10.80044372 35.24253961
v 53.73787968 -10.21666919 33.40928635
v 58.34872510 -7.97769413 31.23528538
v 64.68187698 -3.55654851 27.38323608
v 58.00421898 -4.47690227 7.74467234
v 51.84492092 -10.21971721 9.12038758
v 49.27390579 -2.71128820 6.59578207
v 50.41298810 0.98190952 5.83308379
v 47.86111994 -7.22247147 7.26315383
v 49.22193833 -4.40467958 5.49027560
v 48.78481912 -11.09386597 6.06531856
v 17.02793333 -22.05467360 7.76298924
v 16.47179923 -20.36332367 7.22423995
v 59.26685293 -39.39985467 71.02122949
v 62.10292831 -38.20592109 76.64117964
v 58.36727076 -38.04331508 68.41224387
v 54.38475000 -34.58443664 68.27710659
v 63.94047190 -35.49249576 67.15430601
v 51.29085576 -32.17492236 66.80250943
v 55.84384436 -36.16735710 67.24897528
v 51.93800940 -32.58291049 65.68588248
v 47.61864600 -31.93675459 64.42806728
v 56.71007743 -33.11405608 63.33699732
v 52.26433617 -31.63393263 61.17965256
v 56.75399792 -34.43548234 61.73320530
v 50.89575012 -29.55879834 58.48015447
v 57.47252477 -31.88944567 58.07167603
v 53.26233441 -31.20503181 57.66458872
v 55.88177675 -31.18766066 57.44089885
v 24.86544825 -10.61378780 60.03121107
v 24.50633976 -11.76646145 56.58964365
v 34.41495524 -27.13387139 57.42459537
v 46.20989130 -29.36681624 57.18309838
v 58.04033226 -34.10302016 55.63063879
v 26.70757193 -11.25779931 56.80167818
v 36.67072463 -28.79014007 54.75789589
v 53.52196886 -29.24051263 54.90614719
v 49.42080855 -31.35501654 54.40249056
v 27.22715822 -11.77232985 51.83501591
v 53.85558606 -30.52308129 53.20882193
v 35.37818303 -24.68282943 52.47371470
v 55.67188387 -32.09508269 51.05310850
v 21.64404589 -20.94455993 52.22192362
v 21.81457090 -19.23368735 53.68296299
v 21.48614019 -20.56493674 51.18405512
v 22.87990327 -18.53016418 51.47767386
v 22.48043133 -20.09046434 50.04262249
v 30.90285809 -9.70025256 48.32727788
v 38.58622254 -11.61762240 43.37804584
v 42.85128664 31.10606047 40.90323442
v 43.07864193 28.42435159 38.42518555
v 43.16305032 28.36207152 36.15059496
v 46.66541056 23.87277218 34.28032687
v 46.65845047 25.79255444 32.36574556
v 53.40414477 6.51496837 33.12336417
v 50.06419524 -6.34513547 37.23859501
v 51.50505856 3.03556876 33.53369256
v 56.29295707 12.56538757 29.71905653
v 51.78100441 24.86592968 22.75678563
v 44.69966826 13.34045924 16.54035171
v 48.42731321 24.88469452 12.97367784
v 43.12185057 8.20442552 15.74451268
v 43.34022465 26.26129691 10.46624805
v 39.44902274 35.96788789 9.58074014
v 41.45238419 28.84766743 10.58303864
v 40.22829207 5.22726848 15.56723678
v 48.94627808 23.02821351 8.19031913
v 47.04298586 21.42025686 8.97655571
v 44.44386092 15.64101462 10.33819305
v 30.75304725 -15.67009093 7.22794479
v 32.66088392 -13.66307345 8.97994260
v 59.74253490 -38.24373254 72.31099491
v 25.41609420 -35.63700738 55.82562027
v 28.61328537 -36.79747461 55.12657470
v 62.51808277 -38.97648039 63.22100472
v 66.31838495 -36.50619422 67.48095731
v 61.79921962 -37.50501841 63.49577925
v 65.98145160 -36.81569637 66.13993331
v 36.44134702 -33.43485886 51.65120730
v 62.87791960 -36.65611208 58.26875590
v 60.84738905 -35.10159899 56.75261300
v 35.95232260 -31.18970982 52.17121807
v 42.10401453 -32.80167111 52.91741880
v 33.87120379 -31.07131075 51.57934763
v 45.96672436 -32.29425203 53.75565891
v 50.72716645 -33.50586609 53.02321604
v 58.37593816 -35.33887299 48.94120576
v 26.80546534 -30.04841948 51.42086100
v 29.70098663 -27.65998498 52.61731666
v 31.26792202 -25.89697573 55.95400428
v 33.49399463 -19.55932613 55.95438065
v 40.94937818 -26.47200631 28.11321211
v 40.51734188 -25.13047547 29.20069424
v 38.14975286 -25.32534619 30.76062808
v 41.79767261 -23.92209296 31.16718259
v 25.27016753 -29.23264693 20.00624591
v 23.66922326 -27.33989445 17.47878147
v 38.24841253 -20.55476866 40.16825916
v 21.68393955 -23.40305985 36.54475917
v 36.59041861 -3.20720328 11.48479992
v 24.25818851 -8.07013832 11.22099829
v 24.53833256 -6.84785235 12.63425562
v 24.28804312 -9.91584145 7.78240728
v 51.43070976 -8.80346112 9.24854148
v 48.54111928 -15.70633101 35.54841076
v 57.51386736 4.37388070 36.12297025
v 63.87123533 6.28677790 31.66163514
v 20.76612741 -36.07345097 -6.50714665
v 30.55619359 -19.18756937 5.81087026
v 67.71082714 0.44215462 28.09717188
v 37.31517835 -33.32632058 2.62412423
v 44.20282493 -33.45119641 2.32746098
v 52.59925209 -37.89497894 6.43204572
v 49.93238000 -37.26409618 6.03881433
v 49.21268746 -34.37678030 -4.96157125
v 52.06288695 -39.49177382 0.24038801
v 57.53868557 -38.13015155 -1.66664058
v 55.24289034 -39.07345966 0.42811293
v 45.30782683 -30.32584120 -8.76584208
v 45.94500814 -32.51572823 -7.54345346
v 43.40248785 -31.60376654 -5.87725088
v 55.50006957 -38.89971844 -7.61074812
v 57.68173101 -38.11876893 -9.18738909
v 54.36862310 -36.78411705 -8.43710859
v 55.02110418 -40.31864069 -6.41211772
v 21.93560051 -39.99368957 -7.47261425
v 19.49384936 -37.82157559 -4.14412550
v 10.38413989 -38.52799633 -8.27194636
v 19.88810396 -35.55632787 -6.46987266
v 10.52629599 -37.38020862 -9.42649104
v 33.39914774 -15.58956015 8.72609073
v 38.35454689 -9.50088825 8.08256639
v 55.36439185 -3.42024899 7.94649182
v 53.94974996 6.59776874 5.58703301
v 60.27381369 7.89906730 6.88207769
v 53.65665174 5.47409992 7.11528373
v 50.64276310 1.13746201 7.35083166
v 51.84254733 3.87188099 5.73089402
v 58.40998173 -2.24280608 8.78688451
v 49.72811195 -17.78582905 15.03230798
v 57.63811789 1.11197349 33.52306064
v 58.91121890 4.30336436 34.02427962
v 53.49028478 -4.78375273 35.75651439
v 51.85222695 -8.39568901 35.63458489
v 52.42125325 -9.25166614 35.20425083
v 60.82214244 -35.71482702 61.54125899
v 55.29806040 -32.92151731 60.97811063
v 62.84832397 -35.88767487 58.82033262
v 62.81567472 -36.07135032 60.26953600
v 66.22920055 -33.41723275 60.30668150
v 67.16491775 -33.44235819 59.52007556
v 55.91378412 -32.54121048 56.40240663
v 60.01723858 -35.71362186 55.98984165
v 59.36219334 -33.49476106 56.91279495
v 62.18600149 -33.84237920 53.88670828
v 18.12642485 -14.79854280 1.28250037
v 17.86731493 -14.10602117 3.07011059
v 22.47330555 -14.22998462 -5.54142761
v 20.19151006 -11.55163320 -11.45940178
v 21.72543098 -16.31393857 -5.63929504
v 17.91588056 -13.33124461 -4.72362093
v 20.79325818 -17.43287011 -2.90089132
v 19.17953519 -16.38992093 -5.53197960
v 18.80704834 -15.44228759 -2.03616707
v 16.19202518 -18.88304674 3.71835968
v 16.14864393 -15.32360589 8.74316744
v 15.85570028 -15.83952594 7.69345421
v 15.00662451 -17.45044712 11.15392436
v 26.10872612 -32.38807298 54.00111245
v 24.18214753 -25.80112942 49.00517589
v 21.36751245 -22.06992699 52.09840894
v 22.46233495 -20.73961499 45.79374150
v 21.85890254 0.68201381 29.22638708
v 34.72587214 -24.23524533 47.53453317
v 30.37886529 -27.24475872 54.10620635
v 33.62063185 -27.95127797 53.52347775
v 34.91458033 -24.74292377 54.13873088
v 27.36783573 -28.83909252 51.54369269
v 29.21337943 -28.18750240 52.82939716
v 33.10445994 -25.73206695 56.71832802
v 33.71812952 -25.37744516 50.58938603
v 30.94955640 -27.40865373 50.94492031
v 33.39870084 -25.21184095 52.96748466
v 23.80250750 -39.54095137 60.43790882
v 24.02406441 -35.61380341 56.73231339
v 28.53478172 -34.53113304 55.20284795
v 27.17079035 -35.15382458 56.73634130
v 53.52445444 -39.49897884 69.67681152
v 54.20758468 -38.96539785 69.56585375
v 54.85790411 -38.94067843 67.72272777
v 43.31646212 34.44186226 6.11986199
v 43.72469268 43.77772699 39.76209780
v 45.16828046 38.64820822 40.65114170
v 44.32152916 40.49226161 41.71810264
v 43.90564063 44.23470190 41.81956273
v 31.84930529 3.14838822 28.51282719
v 36.04329031 3.79892696 26.29163261
v 48.65028240 16.98344794 21.43723671
v 47.15577913 14.79781305 23.05148938
v 50.03835872 22.30524699 19.39652911
v 25.73070810 2.39434841 25.12502021
v 44.68983486 34.55602007 10.14176671
v 39.98559352 49.42993587 8.91745903
v 40.78888630 48.42090510 7.72856385
v 38.88843795 46.36112037 9.25052264
v 48.38486244 23.47916032 11.03395444
v 45.33982803 24.54422076 7.68571865
v 41.09062776 5.27743601 27.62900833
v 23.91036840 -28.09640249 1.31581949
v 26.35218055 -26.26318673 -0.58322123
v 28.40879218 -29.18945087 0.39885908
v 30.55571039 -31.30351283 0.81196305
v 27.16182791 -23.00882182 -3.08102974
v 29.11014868 -22.27820861 2.40663890
v 90.54540023 31.36041367 4.38520481
v 52.39965948 36.92463436 12.68228217
v 92.30530815 33.87039288 5.04127444
v 53.54565311 31.32870634 7.70401602
v 86.35726786 30.38193797 5.28234156
v 71.50877666 4.92294615 6.36117209
v 74.66575883 6.57634117 6.18718104
v 68.09954272 5.86571788 5.95409904
v 78.33019951 36.51494357 25.88519939
v 83.43864721 39.43808264 23.62980470
v 88.17584124 40.32494524 16.04503235
v 85.45045634 40.45301422 10.24707718
v 71.95886987 37.55077726 9.01652282
v 67.58286467 39.48967273 7.84965025
v 87.06178137 40.07228536 11.94369580
v 53.48733959 32.01488618 12.29147207
v 51.38390476 32.83796806 11.64968663
v 57.55159065 33.42719784 10.42727960
v 74.11191791 37.55837795 7.03986844
v 80.56570535 29.09724161 12.65927108
v 85.38088181 31.00626015 11.83441175
v 83.63395399 -14.42926714 10.84070397
v 86.89519975 -9.32365598 9.57489674
v 80.45414362 -2.30238919 5.71111435
v 90.89650304 -6.41153970 6.04990272
v 73.81716240 15.25068719 5.68771844
v 77.02396608 17.51120234 9.97908470
v 73.73611029 19.65645824 6.07304053
v 75.17241043 21.27697250 6.13743835
v 77.46279023 22.48293302 6.38128361
v 94.96468819 26.99274642 3.14188722
v 101.30069613 29.04983091 8.96282822
v 90.37862919 -0.62164516 5.23254818
v 81.00646433 7.02729713 6.87878393
v 85.65536033 8.42248736 11.94420773
v 77.87564841 12.84283508 8.86710076
v 84.68404569 14.55105282 12.04318768
v 75.87358793 12.85136179 25.94971442
v 79.40404959 17.23442776 21.83540850
v 96.05649283 7.93696640 12.11228651
v 96.30293397 -4.10907564 5.94254937
v 87.20513049 -9.98840885 12.51345854
v 85.24172253 -11.83513860 13.05899552
v 84.00181681 -14.67795007 12.17019176
v 85.97207770 -12.14235466 11.08161275
v 82.33403251 -18.62892533 12.80088827
v 57.93986018 28.86735478 25.29958876
v 56.70187823 31.99417227 27.24609179
v 55.69924884 32.19135096 29.75745814
v 61.35453381 31.90095258 26.91913552
v 59.10240044 32.07361711 26.87520427
v 63.99036763 33.12346133 25.17241040
v 59.17485390 31.15601441 25.80288715
v 61.73997811 31.85134805 24.56053979
v 70.29351200 33.92368563 21.68950299
v 66.25953178 33.48707508 23.31707756
v 57.78083414 29.41721828 24.59625716
v 68.27901544 34.38076455 19.65236684
v 65.05791688 34.81209145 19.26510714
v 65.71613467 33.99825135 17.85887045
v 53.43067682 28.79705340 17.83281342
v 67.73113985 34.79195116 16.19872283
v 62.28774482 33.77096996 18.59784910
v 56.31377063 29.74000915 19.90753031
v 61.82918183 33.38606689 16.00526473
v 72.70590332 35.07913910 14.75915184
v 56.83634789 32.24565930 15.96523067
v 59.28867818 32.99223057 14.66476020
v 69.41201151 35.54429810 12.86831241
v 63.17434544 34.03214547 14.88329067
v 58.60441820 33.21706104 12.96741220
v 61.91484519 33.91237713 13.13830695
v 55.48273043 33.67399136 13.18092865
v 59.64476161 33.10713683 12.23004154
v 57.53317670 36.40869014 20.66101757
v 59.32948088 31.95140584 29.60471006
v 56.75198723 34.73550913 30.37929911
v 60.91800979 32.16387641 28.08500353
v 75.04665858 23.46782207 23.93516732
v 69.66212623 37.73674465 28.92141127
v 78.00826589 25.62232022 21.24067455
v 80.45879940 27.05616758 18.78221747
v 62.94085947 44.59550211 28.89581060
v 60.28430407 31.19448559 19.08627082
v 64.26321272 34.96173412 21.29291132
v 93.70793226 31.57545074 20.39618347
v 55.55385474 32.90273857 14.61566504
v 53.56856694 34.24813181 13.95286312
v 51.46869656 34.25752853 10.67712932
v 49.03558758 35.16366050 11.74306531
v 54.66445203 35.55159654 11.81066411
v 99.08024009 29.58630774 17.16170232
v 90.06388599 39.75840452 19.95817392
v 93.76982932 34.54050141 19.37616713
v 97.96170040 33.01103045 14.71337429
v 99.55589080 30.46470392 15.24199170
v 49.23614065 38.53639983 10.50725357
v 93.56053461 40.03545705 15.33486084
v 99.50557639 32.69904299 11.84755745
v 96.66319713 35.50153903 12.56840510
v 91.35515467 41.10555346 15.35317831
v 70.07847022 36.35381101 9.94029706
v 66.43789685 39.94606217 8.93997753
v 90.32454228 42.26728514 14.76627199
v 93.34708476 40.18438274 14.28723989
v 61.32803479 45.40039354 9.02334455
v 92.87687758 41.31603165 13.14319239
v 86.67295495 -2.92800618 20.18394615
v 86.24266542 -8.80739815 14.95141103
v 93.83478001 -2.74412616 14.36308381
v 89.92640172 -7.34697163 8.51886962
v 89.81507356 -6.23015506 6.82340262
v 98.32515694 24.17338947 3.77650567
v 65.00774649 42.75200277 27.49186367
v 56.76426784 33.08224276 28.79907092
v 59.12240781 48.87064341 9.05322643
v 91.98904958 41.48129255 13.32236308
v 95.00810497 37.63184901 11.77124771
v 92.22736292 40.67708734 11.69790149
v 90.65526401 38.80507506 9.40489173
v 54.03925380 32.23403700 10.78545622
v 77.80209377 31.60708581 14.39675282
v 93.88416780 35.62273151 8.71482532
v 47.28965307 37.88973254 5.79495789
v 91.60712706 35.76234138 6.44881199
v 54.28831138 35.04217227 10.65481299
v 55.06442035 31.75462174 9.89273915
v 98.95000435 31.38772920 8.89258748
v 89.01767281 31.85082808 5.68250475
v 73.83723998 -1.71107947 4.73632831
v 76.29699068 0.49433647 5.25161741
v 80.39753268 -1.18796909 5.31182954
v 83.38521976 0.16912487 4.77640735
v 79.32893744 0.63725256 5.05842530
v 92.01354306 -1.03601561 6.66589454
v 81.82923177 2.15290449 5.88883382
v 86.14562417 1.54739470 4.73604819
v 87.71403138 0.56626824 4.81623605
v 79.06790534 3.35017167 6.17592440
v 89.60530068 -0.92449122 14.64733962
v 81.08685358 3.07726816 5.66909014
v 88.26349220 2.34262411 5.41579871
v 81.49939047 3.99795062 6.07435027
v 74.17286266 5.86039938 6.45789139
v 70.47667571 6.77098824 5.67657007
v 84.91744459 4.21203923 5.44280817
v 78.34746057 5.25386076 6.72962035
v 71.70166843 8.32522112 7.05676250
v 81.51121670 5.08963432 5.96983135
v 64.09975373 8.83474659 7.69144580
v 74.65338514 7.82959864 6.44049835
v 68.88746704 7.83027712 5.47913629
v 78.23281853 6.66608570 6.01465800
v 67.29813206 8.77710408 6.40831968
v 71.12665831 9.18437884 6.32510478
v 66.50623959 8.96375919 8.77753515
v 76.55202902 8.44730400 7.27158932
v 69.24002112 10.56353935 7.07300820
v 79.33351373 10.61532952 10.01422350
v 75.56400939 9.35678298 7.17617503
v 67.08690732 10.64389009 7.74041653
v 88.19828362 7.00546336 12.16111818
v 77.11839316 9.63847897 7.69668687
v 92.51835014 7.11576565 10.82811411
v 71.53072075 10.75447926 4.17209081
v 63.98790462 13.49887809 6.31510860
v 60.39674401 12.30462005 5.12161605
v 75.16044761 10.95862792 7.73303467
v 74.62388941 11.37015610 8.33738432
v 79.43016037 9.71584449 7.61396345
v 63.27833788 15.35696810 5.93979031
v 59.54550809 14.18788460 4.77907354
v 73.97501314 14.37174225 7.89755315
v 83.62750477 10.84081457 11.63138511
v 61.56335214 16.06910392 5.83711152
v 66.84336293 13.98079148 6.68808822
v 76.18667447 14.72713866 7.64644247
v 72.23705949 15.32695474 4.40243100
v 96.28261883 9.42012631 11.40141776
v 80.38481789 12.80997185 12.91061911
v 70.12412991 14.51315523 7.14911491
v 64.50077196 17.91551690 6.67996321
v 59.47372521 16.90124495 5.92597089
v 69.45481277 16.76896210 7.22550372
v 78.09542063 15.22686013 12.85066492
v 61.26246447 19.71144944 7.17134528
v 79.91802870 15.52252576 12.22882403
v 82.19915081 15.15176386 11.69478801
v 57.53243648 23.29782202 7.62651115
v 67.17053430 19.48711961 7.52634413
v 80.74754787 16.53595997 12.68837505
v 69.03000558 22.00135283 8.43634586
v 64.27696159 23.04988841 8.26683031
v 73.27053608 20.09693219 5.55164662
v 62.22988368 22.69330867 7.88932039
v 59.50662104 24.03015352 7.90569029
v 71.85468755 21.42803308 6.32726243
v 56.94065972 26.57139238 7.58469048
v 63.55020877 26.22119640 8.26371043
v 59.99365869 25.98382701 7.81489449
v 53.80473480 27.79618985 7.22070614
v 67.73292342 24.57448443 8.83862430
v 76.24162250 24.42711256 6.52364781
v 85.75047211 22.99911216 7.34493674
v 71.77305475 25.15645893 9.64641114
v 83.69334327 24.16262023 5.07001438
v 60.44716798 27.54973822 8.08510194
v 77.27219045 25.68316545 6.40229286
v 83.36648617 25.53227489 5.45099028
v 101.70807052 22.93616785 2.48507905
v 52.47014388 29.45751911 6.75823807
v 78.49734671 24.60532023 5.84605578
v 67.03402756 29.49159976 8.75512313
v 69.85402418 28.14305811 8.44151934
v 62.57083418 29.11330534 8.75308405
v 58.22318982 29.12239922 8.16958474
v 70.37151095 28.53992066 9.16330456
v 57.36250386 30.84576637 9.07571623
v 56.01258379 30.00355786 8.15190158
v 91.33166459 26.55913956 3.40926378
v 58.80075840 31.16296188 8.95728202
v 65.50221300 31.40140734 9.43007098
v 99.34576120 25.27025534 2.53830927
v 88.62081708 27.94296582 3.86384439
v 89.49346110 26.85020661 4.07029589
v 76.61533814 29.53795524 12.21773927
v 83.07275887 28.27284680 5.35251112
v 97.65010257 27.45999589 3.67540858
v 84.83113262 26.94332010 4.74255762
v 94.75388502 28.87042605 3.09142103
v 97.35978947 26.01824181 3.07953470
v 88.23050189 29.35879299 4.24681119
v 78.30240133 30.92937694 13.52288893
v 91.35350473 29.95893106 3.44595798
v 76.22444189 32.29257712 12.90503222
v 92.84660895 31.31631429 3.73097995
v 96.64323816 30.70735881 4.62915530
v 88.09758033 31.05524593 8.24403193
v 89.36381938 33.79748623 6.15675749
v 84.56619134 33.09170728 14.13067009
v 95.79767304 33.29611476 5.78958990
v 66.86449697 33.09971290 25.67273226
v 69.53675403 33.21738845 26.24157979
v 62.86637690 33.28883118 23.27505494
v 82.18046419 26.54205669 23.65222409
v 84.01474412 27.01558033 18.38646438
v 85.46756505 33.06702361 15.85974644
v 72.46894624 36.60643427 27.49157612
v 74.09430799 35.85305772 25.74099603
v 58.63161559 32.09221057 28.68529335
v 78.32678601 36.18980583 23.56049379
v 73.39650239 34.02455671 24.53068913
v 73.55678891 33.62924074 24.51845490
v 83.67529233 39.34948907 20.47441153
v 58.95672741 32.12129049 25.07783636
v 87.03812446 40.63751339 19.88138475
v 65.24420723 34.26482183 22.82169685
v 90.89974607 38.97888758 17.63766726
v 60.95205923 35.03706373 21.33461830
v 63.66371360 34.16200153 20.02440801
v 75.02980886 33.69880835 20.81307388
v 79.38673535 30.81172024 17.52942431
v 73.55155016 33.06616915 18.41988482
v 84.04646027 37.02349693 16.57585936
v 69.94452668 34.26289829 17.24171698
v 86.36797321 39.54110439 15.70804160
v 61.18954623 34.51678404 17.75615776
v 63.47052179 34.81289565 16.92105551
v 88.02897872 40.87410786 14.31820778
v 74.48302250 32.80383167 16.70567666
v 83.38869659 37.31394210 14.72742320
v 80.27381275 39.06957844 15.85140735
v 88.44897964 41.78884090 13.59920416
v 86.94466135 40.47134480 12.89906293
v 89.83101794 41.61145086 12.47073516
v 80.10985181 37.04390934 14.08885160
v 83.69503299 37.05670752 13.16845655
v 88.22049950 39.55099770 10.42754903
v 73.13328009 34.87705340 11.73892533
v 86.71435003 40.89744872 8.51583446
v 77.74363889 38.23277502 9.72630446
v 82.32236426 40.82556420 8.66462897
v 76.37259209 38.34898567 7.98125065
v 59.35413389 45.84521850 7.52309310
v 60.25239090 33.79023650 11.44929329
v 63.26970888 33.20185857 10.25654463
v 65.47540439 32.95461421 9.86770930
v 62.10821150 31.12101264 9.14700037
v 83.50375474 32.34333263 13.82275561
v 79.10097155 34.33264074 27.04946640
v 86.20651582 37.89180457 23.56682817
v 70.37441857 9.20861387 27.05288287
v 78.66088496 -1.87005896 24.01339727
v 95.99977427 -4.74943702 17.21962688
v 72.58010533 2.43884532 25.95005083
v 76.43026612 -5.42181746 24.17257053
v 77.15542086 -3.57333530 23.48369696
v 79.18053584 -3.36751198 22.00708412
v 95.94831567 -6.49644902 16.10475583
v 101.30786418 -3.41357995 14.97452468
v 92.89857598 -6.68670103 16.92811163
v 89.84673303 -7.02162867 16.11099482
v 98.41001100 -6.03736034 13.27510138
v 97.91257503 -5.17727168 12.41296689
v 92.14950371 -7.76201886 13.40994293
v 89.22651462 -8.17728597 14.67862659
v 94.14624676 -7.36259218 13.49349532
v 89.29613728 -7.75192512 14.03881587
v 70.13684800 2.96747098 18.82920459
v 100.07067971 24.43579308 13.08217507
v 89.24839144 -9.20378749 13.15628954
v 93.85913959 -7.92086953 12.52245233
v 91.90507071 -8.31681638 11.60595686
v 89.68540922 -8.63236661 12.02704241
v 95.49792521 -7.14636638 11.66405282
v 89.55933226 -9.11357057 10.74895901
v 93.19698581 -7.45875355 8.30100544
v 88.40721942 -8.83406122 10.13460194
v 97.80313378 24.31230734 8.28722628
v 90.17979182 -7.98879224 9.28206182
v 88.68710051 -7.70607899 8.70662076
v 92.36749814 -6.25492907 6.64085360
v 95.47313497 -4.89686853 5.58561280
v 81.01799133 -3.75848692 6.77201711
v 96.31218840 -4.42555102 3.36344174
v 76.26150620 -2.51605990 6.49038685
v 74.13326131 -3.15856205 6.32270958
v 74.49022913 -2.57879457 5.10480272
v 93.44546816 -2.65168854 17.37445361
v 91.60486797 -1.74187944 18.36897556
v 94.17000393 -2.18225813 15.78403244
v 88.83330603 0.10640053 19.33913351
v 92.59898038 -0.27506326 16.34532395
v 93.65170556 -2.54142199 8.94892974
v 96.04555790 -2.99281821 5.97605626
v 94.23608643 -2.16990299 5.15090972
v 83.62608557 6.26064176 17.72788557
v 89.02422412 0.52389389 8.74591851
v 82.28496217 7.35984829 21.58023627
v 86.35344147 6.43254763 15.55120079
v 80.03344452 12.47443780 21.51103388
v 79.39728113 14.88564914 20.12727173
v 95.76835987 8.67324360 13.27442375
v 86.34671332 13.99840852 15.03766183
v 83.94250793 12.12519775 17.04695432
v 84.56823900 14.65970972 17.09415541
v 96.10311302 -3.04613997 13.50430833
v 89.74638988 -1.81918017 4.03195443
v 86.33038672 13.35111525 13.07488822
v 76.99307998 12.70610259 24.77885637
v 79.18204668 16.85211648 23.72629620
v 77.31316479 15.61638201 23.24416438
v 76.13779263 9.25917561 24.85068025
v 75.98738859 11.87647796 23.83494160
v 101.90133699 -2.05889573 14.67516805
v 93.88903388 5.86178716 12.89407868
v 91.49727343 4.59102941 10.69858119
v 95.71338413 -5.62313621 10.43143931
v 94.95106501 -6.11946177 9.28344646
v 94.22275566 -3.57542539 8.73323646
v 57.87329511 36.07775640 22.02260618
v 57.20857660 31.20385705 24.56609127
v 58.10618093 33.35341689 20.19447015
v 59.81308971 34.74643313 19.15305673
v 57.00977199 29.85150088 16.78737726
v 55.72664946 29.42110669 15.03450492
v 55.08464090 28.09370560 16.56669916
v 51.60136420 34.47832427 13.04468362
v 82.15785264 -12.43925987 13.71054065
v 83.31837920 -13.52650713 13.32504810
v 87.42623818 -6.82209787 17.35150947
v 71.21141310 3.11639178 29.54812250
v 88.18426440 -5.05191085 18.66050135
v 76.86217157 -1.27989577 24.26561758
v 91.95595039 -4.35444569 18.40361811
v 83.57843842 -1.31368217 21.34250302
v 87.14734266 -1.77231018 20.03112036
v 71.88645671 4.26177411 22.82011308
v 96.80909644 -3.44921278 15.80074299
v 85.96331147 -0.43699265 20.48540478
v 79.83107891 0.07918962 22.85728677
v 99.34606200 -3.11992021 15.66581455
v 90.81198935 -0.06963748 17.17236333
v 70.51403819 5.36898021 28.18587141
v 80.53789513 1.26535102 22.44170708
v 82.99600083 1.24781126 21.28559873
v 75.79559029 5.50751928 24.51941625
v 75.25554420 2.81075992 24.07271872
v 72.96804333 6.57091002 26.70069545
v 93.44329825 -2.82385158 7.23384816
v 80.18353947 3.16446840 22.46075909
v 101.65589089 -1.58852184 13.93142767
v 79.98356295 4.13765730 22.31860480
v 72.59653466 3.78221278 27.65942065
v 85.01536149 2.24498452 20.59146985
v 71.18513188 7.11033217 26.18157029
v 71.65694239 7.04434383 26.51148980
v 87.57273229 2.20351462 19.26575953
v 74.25133193 6.49554178 25.00141129
v 74.91349221 7.72693907 24.53007235
v 80.11144246 5.23924926 22.72029443
v 98.19010163 -3.06193292 2.57827841
v 78.61430993 7.09535513 23.00230948
v 74.51654105 8.66232818 24.91966094
v 72.40699222 10.47417454 25.92516772
v 74.78213413 9.16986451 23.86023610
v 83.71327771 5.70379432 20.96208822
v 76.45412543 8.76328869 23.68338480
v 66.65335085 11.19542045 30.10319842
v 83.69377157 6.06268193 16.15171509
v 77.63361234 9.02715758 22.52075499
v 90.11886347 5.27929518 14.20061521
v 68.91502948 15.21196594 28.88783432
v 90.59062922 7.09095328 14.04888456
v 72.39621023 12.52196276 26.66419298
v 66.52441439 14.49411616 30.18576341
v 78.31248315 14.15111754 22.55554490
v 74.28581235 14.13803134 25.52469086
v 75.03993835 13.01263593 26.13301202
v 82.64283023 10.43238616 16.10602956
v 72.33547244 16.82339209 26.81928638
v 63.10045110 18.44222529 31.55508802
v 66.58493362 17.23364312 29.11380946
v 75.76713956 17.24450281 26.12275968
v 78.08641855 21.16090156 25.10862447
v 68.96417816 19.44657038 27.75192588
v 66.90980236 20.17005280 28.87147671
v 79.53797726 14.04101326 19.39775011
v 71.21786228 19.72098041 26.66253633
v 73.38877887 19.72923554 25.34317509
v 81.75336967 16.32932104 18.04856064
v 63.44754589 20.85464509 30.57945857
v 63.44871752 24.43455784 29.98028446
v 76.30695572 20.63812986 25.71839170
v 79.98799245 20.20793766 24.83093233
v 59.56504629 27.18205655 31.70462218
v 59.35556559 24.28424353 32.54404121
v 72.30980351 21.96018726 25.63176216
v 78.91227645 23.50524857 25.28573975
v 57.44895294 25.51782246 33.53490946
v 68.83114200 23.49465225 27.30045759
v 71.94150417 23.95226588 25.54526380
v 67.00617257 26.01070400 27.98850962
v 61.86088206 28.30600589 29.88325434
v 62.47345576 26.00197049 30.49256185
v 68.88984650 26.49926505 27.03023350
v 71.64531012 26.23821350 25.97968982
v 57.52511752 29.57676064 30.02046924
v 82.47700368 24.62115160 24.05503711
v 66.62642905 27.30302102 28.40232088
v 64.30001125 28.25970235 28.98136489
v 59.85773880 28.69718531 30.33452459
v 85.71994024 23.96622724 23.46385196
v 87.23722401 23.57820617 22.56846570
v 103.14735180 20.98033815 15.37568515
v 99.90348600 24.63282028 14.67678819
v 62.50787421 31.05390603 29.12104943
v 69.82736510 29.57250918 27.76077270
v 67.32720919 29.92131780 28.09838334
v 56.75558068 32.56302560 31.25745643
v 90.17387004 25.60589502 22.45515628
v 78.01753443 27.44094220 20.67294230
v 94.14611090 25.43926248 20.56843386
v 62.83101600 31.41792933 27.87308733
v 65.90987906 31.90500379 27.80863437
v 87.66340411 26.55850490 22.74808825
v 93.57616242 26.35047029 21.39267783
v 102.09599145 24.44256195 17.78474706
v 90.30022100 26.46610437 22.12259327
v 71.25709013 31.23530250 27.03873543
v 76.22093793 27.18709347 20.53948196
v 75.74339792 29.58387901 19.65241203
v 97.38802906 26.15922658 19.50311550
v 60.83339244 32.58863743 22.35034273
v 69.35963921 32.36668057 26.88705455
v 60.28348205 31.47736207 21.69129628
v 79.09801139 29.36201470 18.34338949
v 87.28140279 27.43917606 22.71652406
v 91.99352755 28.47284700 21.17810677
v 91.90568874 27.81273309 21.79544206
v 99.56958945 27.24083239 19.07130083
v 86.58018997 28.60240832 21.72984957
v 91.85751098 29.33573606 21.40488752
v 81.30258472 30.47151122 16.54431159
v 83.01115232 31.23267849 16.02692324
v 61.27122207 33.87436400 22.27464067
v 74.05777444 33.76457806 28.39897007
v 66.28952238 34.02103915 21.93580862
v 91.32660926 30.54838452 20.08175599
v 73.17029503 35.56834384 28.59667313
v 77.75597945 35.49291440 27.40450352
v 88.78129185 31.97211109 17.02568920
v 95.80056265 29.10010974 20.42704840
v 97.40988863 28.31981238 19.92066310
v 84.41011345 28.97551065 17.20591617
v 97.60041809 31.66067523 18.08368781
v 53.50790700 32.72288960 14.82105930
v 49.96349141 36.81088027 11.31334036
v 81.84815742 37.17622780 25.74914019
v 89.39394574 33.09981424 17.70857906
v 67.13181188 39.43320874 29.42714664
v 91.69900340 34.45148617 19.50132494
v 52.48400349 36.49034333 13.96405239
v 50.82114035 37.95159382 9.20702240
v 95.02362476 32.63225574 19.56028313
v 85.26298031 34.31664143 17.30245396
v 85.83839569 39.10933203 23.84516609
v 89.79412046 34.95939240 18.45469750
v 77.71954660 35.45510085 10.07608462
v 96.11480218 34.02266430 15.20265866
v 72.91365577 34.33487217 9.49121932
v 64.00088356 42.60479353 29.23261907
v 90.19232954 38.04747410 20.95606428
v 87.14176294 40.25146237 22.48612997
v 92.95669980 39.34042946 16.32777293
v 80.31729773 38.15879280 17.48372903
v 64.50672047 40.01434412 9.54319850
v 84.07292286 38.75884147 10.96277118
v 89.63572509 40.57079353 16.90108648
v 61.77004162 43.40814135 9.54079018
v 59.24340546 46.04057768 8.94613363
v 56.33125372 29.91201950 32.57433974
v 69.31117249 38.38850640 27.16100624
v 61.67523458 45.49315358 27.66839674
v 75.26515227 33.15488259 23.15293337
v 76.32450362 33.00005408 20.72052410
v 100.67342289 28.29043585 15.10176656
v 89.01368835 39.11969911 17.57959560
v 86.72918418 37.61669182 17.72220024
v 75.59449496 33.40640775 14.68422019
v 91.06222675 41.35709974 11.15299077
v 96.69544213 35.09174198 10.54953278
v 56.42598271 33.61477326 11.82761332
v 68.03123924 34.99169123 11.13091389
v 91.73530701 38.65891395 9.80912290
v 100.50556593 30.56553461 8.94695228
v 52.76602484 32.94870976 9.11773699
v 97.01173689 32.14143090 6.81298666
v 60.62544667 46.46521284 7.88190766
v 63.29143079 43.29315886 7.33076622
v 49.30781051 38.62356592 7.18603088
v 69.15753306 38.19223505 6.85640062
v 70.21332182 4.62032161 25.96071857
v 73.07048645 2.53547175 22.96509555
v 75.66083142 1.91555645 22.42374090
v 84.23458962 -5.31064558 20.09134434
v 81.47258779 -3.16463744 22.13869056
v 84.23590433 -6.36037789 18.80271999
v 81.64777016 -4.48707162 19.40465105
v 79.58863721 -2.43057998 19.54220072
v 76.37988095 1.34709220 19.96540269
v 71.05984780 3.81704375 21.32920445
v 73.54617823 5.50939910 20.56426871
v 78.78735904 1.26980963 15.30112187
v 80.50731354 -0.66446074 18.37297516
v 70.94910147 3.39963573 17.96657390
v 73.18999364 5.57538725 16.40454713
v 99.30800330 24.31312316 15.43854054
v 102.17180869 20.51213133 15.57714485
v 75.16257078 5.49574531 18.58109604
v 77.23987563 5.51565396 15.85908095
v 69.58072630 2.45282308 15.67583010
v 71.51918443 4.77618999 14.10447105
v 77.41042540 5.66172141 14.05625575
v 73.58221005 5.08420309 12.24375781
v 78.55345780 2.77233021 11.48213357
v 70.65918016 5.62744825 11.66929163
v 73.64601876 3.16908184 10.09341832
v 66.84363567 0.79324095 11.76181775
v 82.07255005 -3.71685176 8.61614340
v 68.24920459 5.75749649 10.41761691
v 77.32206906 1.90027854 9.46313773
v 77.12750550 -2.66408798 7.78161811
v 84.85061625 -4.74270389 7.40126654
v 73.00431911 2.85583965 8.19720304
v 70.26720730 4.50257586 10.51339945
v 86.01998353 -4.27650434 6.85376213
v 70.28719819 3.95835813 7.85454271
v 66.70313577 4.38238599 7.78603502
v 94.34602591 25.15676574 8.51688460
v 84.30871256 -3.98807435 5.88533739
v 99.86971447 22.68979954 4.91943423
v 66.09851682 4.66438252 6.33920933
v 101.48231130 20.70769631 2.92109444
v 81.82196669 -13.92044211 10.13021496
v 84.63172466 -8.62839686 8.96596125
v 81.15504147 -11.73029692 10.22202310
v 81.12617636 -9.31397180 11.72309107
v 83.48878528 -7.24326660 9.03809585
v 72.07872982 -3.78105648 3.97882156
v 87.45331926 -5.19878384 6.56172180
v 87.61062664 -3.67959797 4.05803261
v 90.78014732 -3.74887089 3.28559573
v 84.18996414 -2.12152699 5.27266945
v 84.84795002 -1.24082121 4.52544073
v 93.52091022 -3.17073922 3.06702211
v 96.14849832 -2.27310109 3.17506668
v 98.71901071 -3.21898840 12.33537115
v 102.28287644 -2.57363636 13.56425958
v 78.13415791 16.17000607 18.61013174
v 86.12435285 22.30354775 8.66036144
v 81.27394280 1.50629421 11.11669049
v 90.25192450 0.80282131 15.54395565
v 51.94560349 33.33487790 7.21914450
v 50.01004370 32.35281671 5.50874980
v 47.84093318 36.03461718 4.51822954
v 53.70031590 34.52571903 10.72285037
v 50.48177996 36.44309765 5.86774947
v 70.74539121 32.51945034 10.64624744
v 68.88162762 34.18112593 10.00447591
v 73.04972719 32.49693495 11.23910703
v 69.32773245 35.26664374 6.27003222
v 75.63992855 35.19617223 6.61490655
v 69.90845484 36.84892733 6.04814919
v 73.50117702 36.69132825 6.14079537
v 97.37163105 32.82540848 9.64445250
v 84.80896699 34.36807352 12.35412099
v 87.74852480 34.21895945 12.26927730
v 87.50411652 35.97646297 9.01384952
v 82.14563450 38.76215815 6.53397175
v 77.44798864 37.17230770 6.24471454
v 64.47113890 41.14009223 6.49472814
v 87.42665551 35.75759953 11.14309469
v 89.31892326 38.68570714 7.51103652
v 80.46367480 39.42025896 6.75848640
v 61.36885595 43.54833761 6.87574137
v 85.44018940 38.18683543 7.57229128
v 84.89255294 39.08223784 6.88750201
v 84.38744478 40.61489567 7.25040132
v 89.51420355 40.34820527 10.68690542
v 62.28715803 42.54487454 27.87773541
v 87.63146744 29.02473208 20.02326413
v 82.03450418 27.01545595 22.16723568
v 83.99249428 27.47356015 20.43694168
v 87.27928905 37.88197669 18.20901232
v 87.45486185 27.51256607 18.94430720
v 81.22920587 31.25774757 14.05583463
v 74.09542398 25.01238200 7.32563295
v 71.14780696 16.79158491 5.69662443
v 82.41581639 35.04064446 25.70972447
v 78.02221581 32.75477341 26.61162316
v 87.60831250 22.63733185 22.61118106
v 94.14616875 23.43930817 20.12278741
v 91.50240816 23.60168179 21.57988272
v 87.47698154 22.32612180 21.60546699
v 100.51608972 23.68732680 17.24030813
v 92.16964401 22.85758702 19.86505382
v 72.54009555 2.66835683 27.11610784
v 95.96064093 23.76732574 17.81477065
v 82.07335209 19.62375893 22.89610440
v 88.59180558 23.26092664 20.42403815
v 88.69928765 21.33256034 19.14807934
v 83.20386843 21.35718516 21.42012148
v 102.34888463 23.81056281 14.68509899
v 80.35619419 19.10203830 22.17596421
v 91.82075984 22.84994560 18.66817596
v 97.11640815 24.67387691 18.18010359
v 83.44771530 20.35530134 20.67617729
v 98.76831834 24.00842170 14.95439987
v 96.54997659 23.33481525 15.68733197
v 86.74332115 20.71415999 19.48739353
v 95.51737323 23.63118865 16.50975288
v 91.62066357 21.90896430 17.60062141
v 79.98678129 19.11726991 19.68274213
v 90.88061456 23.16179640 15.91569201
v 90.73172020 22.08639787 16.53836581
v 85.30347120 21.15853860 17.85627961
v 96.25557228 24.44589883 14.06687233
v 101.45963966 29.15465613 11.68723882
v 86.49258957 23.77041654 16.48270290
v 101.28298058 26.14410208 10.36704308
v 82.13816555 23.14324494 14.02352941
v 100.65252922 25.18025380 9.47187668
v 90.20489768 25.20269981 13.25185589
v 94.88753045 26.11271075 13.24148129
v 87.52801596 24.19778576 14.71483559
v 95.63678532 -4.88266400 12.18752151
v 94.34229384 26.62805289 9.26075978
v 89.17600244 23.91987323 9.10968968
v 98.69863676 28.09297895 5.60406423
v 83.80980108 24.07951568 10.68338669
v 93.86950680 24.00310253 7.21649183
v 100.46354920 25.40612596 6.07298151
v 95.66285115 24.79385916 6.52113906
v 79.67754366 19.56947153 10.32599358
v 88.54340656 22.85403732 8.32675878
v 93.19843955 24.94385979 4.71822004
v 102.33173155 21.65045227 3.55216116
v 83.39745719 21.51206253 8.12698483
v 78.05451239 19.38789169 10.19532457
v 91.36325693 23.80616632 6.99455843
v 88.16086351 23.86543581 4.97658415
v 81.26050595 22.75649982 7.31173464
v 76.54941983 18.27394821 8.58965693
v 87.21378394 23.91386162 6.47960670
v 83.47627787 23.20601072 6.09303288
v 78.08752080 21.52802259 6.90510840
v 75.04053699 18.47848914 6.83799876
v 79.75114281 17.68791190 20.76072468
v 81.13846912 10.63487091 21.41330856
v 80.43756568 10.64586302 19.24860762
v 83.08954331 7.55636932 20.29636331
v 84.45660026 7.01090900 19.82766778
v 81.38851729 9.60001561 18.62974046
v 82.33400261 11.59216005 17.86896096
v 84.49427985 6.77212553 18.51649905
v 83.96384138 16.47204240 13.27873321
v 84.11566370 16.62346484 15.91405146
v 82.72525910 6.77354366 17.47267933
v 89.22404509 2.36243907 18.39552245
v 85.28526679 2.94175332 16.24367940
v 88.17251323 2.62465474 16.72013065
v 86.74722639 9.89685181 14.71175166
v 86.91475398 8.60439100 13.11176685
v 85.75185031 3.05216744 14.53962481
v 76.84185100 15.53792570 10.66046668
v 92.44313142 -1.65652427 13.94460736
v 89.03670124 -0.53711688 12.22287360
v 76.59593201 12.43335201 8.03575445
v 83.37390996 6.64495286 9.56750456
v 84.19719132 6.18930578 6.69193231
v 94.51900430 -2.72738248 10.87022601
v 84.59116950 2.44038576 9.39469908
v 92.54945103 -2.57392424 10.22614739
v 86.13078942 4.57974590 7.59607225
v 87.34350300 0.10332506 9.04966941
v 72.83646748 11.70170734 4.59285519
v 85.55121601 4.93154017 6.79317234
v 89.34687454 1.93230807 6.69532159
v 88.41760145 1.51961217 8.28378541
v 90.05627300 -0.34348167 6.56122233
v 85.44523978 4.35532933 7.11033618
v 56.37140257 30.37706305 27.01637681
v 58.74956161 30.14512461 23.18548569
v 54.42992221 29.97116087 14.19798711
v 54.14901938 31.42315159 15.65193261
v 65.88784321 36.49604684 8.14339783
v 87.86071916 6.67352810 14.38044770
v 95.44514977 9.83704678 12.02056188
v 91.08614746 8.09744208 12.93713965
v 89.89600986 -2.14757915 9.17805024
v 91.01638148 -2.90629024 11.77696145
v 96.24737837 33.87883516 8.35669980
v 96.99480073 30.29638272 8.21330579
v 98.30844403 30.43534602 15.01379064
v 84.28418544 21.15097565 22.77347721
v 79.85720462 3.76024457 13.69850471
v 99.08972725 26.66312939 6.75350764
v 100.58971994 26.13645649 14.22891190
v 97.92745135 24.44714846 14.11027837
v 95.70080014 25.39609121 4.34642078
v 97.84042880 24.04684540 6.07481878
v 98.72806980 24.92755808 7.17121555
v 85.94000275 22.49263506 21.06075567
v 98.57235741 24.85800043 10.77036822
v 81.79911821 21.31909646 10.40709522
v 87.32631038 25.00225180 9.88546999
v 95.77990559 26.66401687 10.57314178
v 81.97518301 21.28039172 7.95831542
v 87.95355065 22.92451998 7.39929861
v 57.08595747 29.26150007 28.53573241
v 75.09837039 9.82753799 24.02749659
v 74.67011064 3.16985476 19.91479441
v 72.88109696 7.00917465 12.66050075
v 95.67582565 -3.60708500 12.76865431
v 80.51591408 1.67324694 21.51061987
v 66.54078143 5.99821167 5.39437244
v 78.25498452 34.88321628 8.74506298
v 61.51566770 41.29089772 8.42615936
v 64.30333038 38.31755908 6.65238388
v 72.10478663 34.08247113 7.45889177
v 69.32889712 34.49931961 8.68446742
v 66.42879887 37.18103296 9.39108681
v 88.40136880 37.67319817 7.23974315
v 86.49629130 37.13076768 9.49849720
v 80.05827451 35.90381894 7.69469402
v 83.61437389 37.25170784 10.40209281
v 79.82682654 35.79657246 9.36963126
v 78.41113542 37.17903109 10.36747217
v 77.70600314 26.71620366 11.38948800
v 78.19080082 27.72780700 7.18510573
v 82.53342587 29.42387058 6.37464876
v 85.03304071 29.34999520 10.58275328
v 82.92310527 28.69796040 11.36556044
v 74.77609564 25.31724364 9.90357314
v 71.66447038 20.56115658 8.64258367
v 80.93903511 36.39647381 17.36538370
v 83.79616151 36.10150986 17.39847655
v 84.14577781 36.13391200 12.19602445
v 79.17062083 36.60059625 16.68446220
v 78.67253423 37.77239811 15.03178902
v 80.88534443 34.70727674 15.85222746
v 81.19708515 34.89095346 13.60476202
v 78.49046430 40.98956344 18.17695113
v 79.10077000 41.71055021 17.54374870
v 77.95190839 11.79068565 11.07000836
v 78.02960027 12.04573147 11.82972865
v 83.08232062 7.39492128 15.86480361
v 80.97970146 11.81885303 11.90554831
v 79.25595233 15.81229937 17.55441605
v 81.83656558 17.37297300 14.19261677
v 77.60256882 20.12165162 17.78931796
v 77.59382137 21.45817185 12.81041243
v 77.71944740 15.67057642 15.16494965
v 78.81583364 16.83763457 19.60570156
v 76.56524662 19.93135717 12.83497242
v 80.75741622 -14.47509767 12.00515737
v 76.48908681 19.14739822 14.57670801
v 81.01137201 9.05902077 12.53260639
v 85.53234866 4.73892206 11.15036793
v 87.83898085 3.08861793 10.88720509
v 88.82957897 2.31381485 11.98414193
v 84.91026701 2.58847963 11.36713884
v 87.84202946 3.19469163 14.27838018
v 85.94109119 3.38182668 12.21762179
v 79.27605006 21.37410261 18.82274865
v 79.04704329 22.37836241 11.75774721
v 82.46476880 5.27132229 10.47262110
v 76.12101363 16.46428302 10.47158537
v 84.31030867 -8.75668917 15.03273223
v 79.41426429 3.11956782 13.54523250
v 80.93565731 -1.61482759 9.93405812
v 83.14631513 -1.46974291 15.96440187
v 82.22304928 -0.57183320 14.14170921
v 86.23877530 -6.68216479 15.80206126
v 90.58957190 -7.21485004 15.14091769
v 84.52046894 -6.16526934 14.19041159
v 83.42046012 -5.63500968 10.50373752
v 81.79229751 -8.61460670 13.52501424
v 86.52976257 38.83147040 10.94978407
v 79.75591566 20.92286299 8.33636021
v 89.92678610 29.56196211 19.10408769
v 88.04560621 28.83041110 18.30063625
v 88.77128539 34.05103554 15.71542984
v 83.03261138 25.16588002 20.07806932
v 76.07153689 20.93179006 24.23904556
v 75.27038010 18.24301834 24.58992259
v 79.17510466 24.92635971 24.07371571
v 80.85610766 24.02486116 21.41997710
v 77.91779084 23.35847765 22.77115357
v 98.11363782 -2.04554743 2.36785222
v 76.38265427 -3.55937603 25.08778501
v 93.54469863 38.27797768 16.76861766
v 75.36895797 -2.18302643 23.62947028
v 78.41580618 0.35507832 20.58574348
v 76.36448648 -2.15568460 22.10111230
v 83.52504575 -3.44147379 15.81080066
v 78.56519896 0.86953915 21.56192490
v 75.58747795 -5.09837374 24.70431464
v 81.77001727 -16.80715366 11.05456663
v 67.13248532 31.21062765 10.17358281
v 64.07984413 29.52217795 9.61522946
v 64.73977916 29.48038401 8.62984332
v 76.27531589 29.65234284 13.99797216
v 77.08091363 30.08972579 13.20637955
v 72.38756574 30.24340719 25.30013395
v 69.17787703 26.80731161 25.33181854
v 76.30561148 28.63048653 24.46916965
v 75.31696325 30.54524690 24.91692048
v 74.45231006 27.82106372 25.45845464
v 75.01133712 26.35327781 24.28634511
v 77.12347063 28.90966864 21.76998162
v 76.42014762 30.98087274 23.01828606
v 73.44712247 29.52678839 25.76060546
v 76.01123761 30.92757499 20.67262954
v 75.01723691 32.04027352 23.18809062
v 70.89191380 28.49179600 24.19313087
v 72.58522967 26.66944531 24.61283690
v 78.21859769 28.63677560 17.84278036
v 76.57947990 27.11051250 22.19147946
v 73.77985640 31.23540037 25.02889410
v 77.21513446 31.40028273 20.43463771
v 71.48731304 31.17583159 9.25204687
v 72.90259680 28.37152380 9.46232213
v 74.62671548 30.08771222 10.87001526
v 69.24884442 30.66189759 10.10485143
v 74.35824060 31.39442047 12.57722332
v 68.44929685 30.93208208 12.26674644
v 68.26940792 29.18025387 10.82286974
v 74.51179334 30.28089369 13.95388290
v 74.71121032 28.85342987 11.13221012
v 74.91572993 28.75951685 12.73548475
v 93.04011878 37.41018464 17.02387163
v 91.30001436 36.50661311 20.30758041
v 79.25719624 32.96544527 24.49924876
v 78.39893573 33.78367292 22.89351774
v 84.14367186 34.66383095 23.81036914
v 84.04874838 34.76963759 22.13398474
v 84.73992450 37.02489020 20.07929356
v 86.03838987 36.61963109 21.00044946
v 88.26059020 36.22168807 17.85024144
v 88.13388645 36.67452702 19.72920696
v 67.87927957 37.23649641 29.49219232
v 70.86066649 33.07108257 26.95939295
v 68.59672389 37.14935892 26.14952785
v 70.05752401 33.95892856 25.68705777
v 73.83658376 32.17510227 25.11966905
v 66.63287212 37.17455107 26.41222748
v 66.50155756 36.82586110 28.32504283
v 65.57613049 40.07142143 26.29995301
v 62.10656297 43.97105221 27.05594131
v 45.51948817 26.75218138 39.55332588
v 49.52387369 23.18526044 37.09873520
v 53.61036034 20.89868680 33.27765410
v 45.01730984 30.43488919 22.53664797
v 51.94950011 24.55144334 17.64388324
v 46.10733689 27.51459696 21.89908493
v 47.88805560 26.97299607 23.33231830
v 51.23391193 26.55788211 23.84139788
v 73.17099298 -0.69834182 7.32679121
v 72.26826466 -4.77029336 4.41479079
v 72.17201416 -2.02135304 4.90047411
v 72.60622464 -2.73650115 6.82672034
v 78.48967075 -2.05886159 8.76682080
v 37.73942886 4.03127988 15.93349261
v 39.32476867 4.55589943 16.22059267
v 30.39091101 1.63045182 14.42104428
v 29.40918122 -3.29444383 14.21931456
v 36.70527736 5.72171127 15.63830790
v 36.10454810 1.29668937 15.77634428
v 31.37919640 -2.62246644 12.50368641
v 38.31147242 1.54954572 14.52555616
v 43.76170090 7.49635685 12.79714234
v 38.34199808 3.29351797 11.31928728
v 35.56861528 -0.34682146 14.62328410
v 44.70870283 15.23321792 8.64852372
v 58.22649419 17.93152072 6.76066911
v 53.93055682 16.67744546 8.58947366
v 51.17537068 14.87872374 12.47807145
v 47.33579772 6.43335831 9.28638467
v 50.13324607 13.85003657 6.32520019
v 52.25547089 16.00334026 8.56094486
v 52.07143301 14.13982133 11.23012344
v 48.83206701 10.91218871 11.25414295
v 44.44464554 8.34413420 27.42274646
v 44.87086091 -0.68072520 7.28263508
v 46.60686859 7.04362486 10.71052552
v 46.42315892 2.70739140 9.10205410
v 41.59487560 15.64169306 8.55304706
v 41.77380843 15.27599389 6.40627362
v 45.27021059 14.63196339 9.98255030
v 40.23920196 14.71686113 4.45639660
v 71.74796600 19.58061728 5.54139394
v 55.17631260 12.79417582 31.87128848
v 53.13188504 17.99525759 31.42061651
v 57.19271219 16.26136208 30.30884678
v 48.43867698 13.31266638 32.01567167
v 53.90697810 10.22171473 32.71316015
v 64.62894926 16.83974906 30.27111737
v 57.64758383 15.08246704 34.92198583
v 52.70085904 7.89199266 35.00113303
v 28.82409994 -21.18745011 -1.32455341
v 45.46134333 6.27153388 11.69649162
v 50.80744666 15.31099320 9.65124697
v 72.05939538 10.43176649 7.66117482
v 71.84426827 11.61340770 7.70591115
v 54.28941846 26.19007093 24.69386281
v 49.88797828 26.80854265 19.46388397
v 51.53279392 25.18647513 19.70977884
v 48.55831656 19.67192270 10.38609097
v 51.39092666 21.73363461 10.47252689
v 45.64341957 32.24460781 6.82919432
v 44.29351373 15.93067313 9.59386381
v 64.29581166 7.14185060 5.29076415
v 68.49416074 10.68523393 7.90692434
v 64.55767765 7.14930454 7.83294624
v 63.84128609 4.18511534 6.17112868
v 77.90917937 2.16149031 5.66889801
v 75.51647034 0.89536294 7.76177414
v 76.54818531 -1.17541389 8.75906505
v 79.51251435 0.68756964 8.53309986
v 78.41666519 2.16742229 7.72989873
v 77.93276623 1.05885486 7.15211262
v 76.17707125 20.11150001 8.13341469
v 73.96802337 16.22206538 7.16430262
v 71.44116971 15.39396609 4.78588663
v 74.35570442 17.42416418 7.95988133
v 72.48973055 11.81449660 5.57761092
v 72.21959004 20.57330768 7.70441049
v 42.76943541 8.85449931 30.40397646
v 38.58545070 5.90793448 30.77186276
v 30.49664792 1.25348008 29.94342993
v 26.81059552 -3.80956718 12.75895090
v 27.03470165 -4.89944246 12.56593324
v 25.99294910 -5.22384795 13.14683921
v 45.23577874 -8.43489763 7.01064624
v 44.95420230 -4.35305495 6.59577606
v 45.11278376 -6.50950281 4.47828017
v 47.82819601 -11.83945000 5.90536273
v 48.20962134 -9.45239799 7.82742215
v 59.19078526 17.72654001 28.38835244
v 45.71595146 9.78019920 27.90304999
v 57.72536794 16.50430842 28.80604041
v 56.90959805 18.73767717 29.55521664
v 52.20971956 21.07786097 31.19975300
v 51.20372782 18.84631167 28.82230256
v 52.06496056 9.92181276 30.90499613
v 54.67608304 17.47397324 29.32357595
v 54.71390203 9.58730398 31.54416064
v 52.94320202 8.73825307 31.20509402
v 46.76924242 11.86650862 33.33233378
v 49.69304685 11.35451629 32.36976684
v 53.06681825 7.30402440 33.03504872
v 53.44714833 11.06794631 33.53385459
v 50.45847487 10.86964017 35.07186803
v -2.69774249 -5.93351911 33.80968986
v 0.43040262 -6.61969109 34.98869707
v -4.19550363 -16.38532067 22.97459947
v -2.19124251 -18.33761830 20.51600116
v -4.50899550 -15.53803763 20.85099080
v -5.60783309 -14.53181337 22.38201211
v -2.27437261 -17.64215286 18.03454834
v -3.33304393 -16.00168950 15.63015411
v -0.38484902 -15.00149985 13.23029961
v -3.07888881 -14.38665708 14.49106689
v -2.48863319 -12.50935277 32.51460893
v -0.20725419 -14.50024407 32.81703440
v -2.26408362 -16.64324219 28.25829293
v 0.67323712 -13.25802901 11.80201209
v -2.63246213 -12.03633537 31.58909062
v -0.72963330 -15.32923872 30.75841530
v -3.09719031 -13.61967432 29.74417404
v -3.34731877 -15.94048908 26.08156201
v -3.98089736 -15.63050977 23.65453715
v -4.08895182 -15.06257259 17.30819236
v -4.75257965 -16.75057713 19.20876587
v -4.40070941 -16.71039856 16.79051818
v 4.12446990 2.82891643 33.06398580
v 12.63108405 4.03581477 31.53644515
v 8.89878965 5.80070272 30.08558759
v 4.36722513 -16.96792200 12.86878035
v 2.54553155 -15.40514761 12.47289676
v 9.36362892 -1.12039544 9.26698214
v 9.31399862 -16.38451085 11.30243855
v 9.18534273 -14.63394360 10.90374987
v 10.48432839 -11.08066079 9.22606549
v 10.59041494 0.65688660 35.13491775
v 11.65127553 2.50773428 33.26762568
v 8.14046853 1.78564046 34.43162648
v 8.22388651 5.41029833 31.21955924
v 10.07266439 4.93274153 31.10900776
v 11.05942293 5.73323250 30.22965449
v 7.82578090 -10.17197766 38.19607376
v -0.48509655 -9.55765880 34.03032215
v 4.59824122 -8.72129849 36.53791913
v 0.77743045 -8.79551643 34.03475095
v 1.45267120 -8.30187790 35.52563973
v 5.17213951 -8.59761771 37.66154542
v 8.99371147 -6.75625002 37.99055296
v 1.09291684 -4.42073503 35.60044613
v 4.18137417 -4.56487130 36.54149217
v 5.81411359 -4.68502690 37.32810120
v 4.26019357 -2.84585955 36.48318681
v 10.88733810 -1.52236996 36.73977112
v 5.25888958 -2.44864388 36.62228149
v 3.44070434 -2.42182788 36.59411135
v 5.83808315 0.20291633 36.40150795
v 12.40133509 1.78106902 34.81582612
v 6.02976080 3.63120187 33.18125449
v 4.66407136 6.36734761 30.89488338
v 11.94830610 8.09160878 26.28857516
v 7.58589546 10.85030536 24.59527900
v 0.46706646 -20.22736781 24.18268605
v 8.10575449 -24.61623069 22.12542709
v 7.73351762 -22.43477704 17.67758852
v 9.71004306 10.71428417 19.17822512
v 9.39880336 6.94624144 16.25954501
v 11.93236058 5.17104396 15.88602367
v 10.82841645 -2.85981771 10.19754334
v 8.77164576 -20.42864422 14.29423467
v 11.51262911 -16.60784780 9.98600569
v 10.90309634 -7.81911845 8.41222490
v 9.56762444 -9.19604943 10.68415053
v 8.34574668 -8.63677264 9.31453234
v 11.26560936 -5.84908187 10.18951923
v 8.30773604 -3.10644201 7.19800154
v 10.06220521 -1.68003800 10.64163106
v 3.47378320 -6.07473405 37.44207150
v 4.38634704 -6.04950743 37.25674660
v 8.98578699 1.07552503 36.32510816
v 9.71595136 5.92144717 29.10037963
v 9.87156767 7.33204115 28.52669425
v 7.41535741 9.14609838 27.84809388
v 14.27234776 6.27977473 26.98183846
v 8.82461259 9.10974580 26.47212298
v 13.56513165 10.60297687 24.60902935
v 13.70258078 11.45834289 23.08393576
v 9.30196676 13.06089373 22.91778004
v 11.71556150 12.47063595 21.21196736
v 1.83876805 -21.04470692 21.04586357
v 4.60580911 -22.25317364 19.46987560
v 8.06660326 -23.02691649 17.36532172
v 1.35830974 -18.47601472 16.07784769
v 2.33258902 -18.12237595 31.95815582
v 8.42262702 -16.78971641 37.81813929
v 6.74272040 -16.94354183 37.20974970
v 4.56145368 -17.05310689 36.49192552
v 7.52337296 -13.25373536 37.85889951
v 9.81029784 -10.28160417 39.02143773
v 4.54356725 -12.04823705 36.18154837
v 0.56215605 -10.98553597 34.27124067
v 5.30714896 -11.38481287 37.69993916
v 3.34092586 -2.51252559 35.83863622
v 4.90278916 -0.87177178 35.40620201
v 8.42628468 -19.78211424 36.98961288
v 4.88437504 -18.65932251 34.23031636
v 3.08635246 -16.25691275 33.90034153
v 0.51800720 -14.91525619 32.41749521
v 6.88164649 -20.67468432 34.45173112
v 0.89427362 -17.24907746 31.09941956
v 6.01982203 -22.52540898 30.61870244
v 1.68452005 -20.47244151 27.09326137
v 6.29328490 -23.91314289 26.87785500
v 4.07908987 -22.63468845 26.86100197
v 10.70341420 11.65628652 19.97672041
v 13.88847021 10.92238644 21.60721409
v 12.26560175 5.58610699 19.03438234
v 13.31493375 5.74705399 17.68962731
v 3.28972361 -12.19899724 9.63866962
v 7.57772204 -6.38890298 7.53584163
v 11.12013621 3.65578618 14.19042933
v 9.44242112 4.36334729 13.85455724
v 11.25924247 1.78876121 13.03045032
v 9.58773097 -18.81831623 13.60809925
v 1.58321752 -14.05237218 11.85590347
v 6.64059522 -9.38707824 7.47404795
v 4.61146624 -9.24722264 8.55035362
v 9.92005261 -9.45027028 8.98118941
v 6.08006153 -6.78193210 8.04531080
v 10.76816539 0.39653417 12.82835437
v 8.62145572 1.06236007 10.00032397
v 12.21642553 3.57782693 16.42346412
v 9.42792510 4.34266124 12.12020935
v 12.34464395 6.67483220 20.40957125
v 7.43813355 12.60001536 18.54989282
v 10.98546858 -10.26832614 38.27112280
v 7.15377872 -10.09564613 37.25024665
v 7.62045662 0.55944552 35.07291395
v 8.91191835 13.63168643 20.44897346
v 14.03789804 4.80455276 20.47854893
v 10.63384972 4.35268837 16.07471660
v 12.07600378 -1.90310084 12.50007831
v 1.94839883 -12.53465388 9.47382703
v 2.33346098 -12.90407742 10.74994282
v 5.76683487 -18.13869556 35.66215830
v 7.64400454 -14.98651438 37.21762175
v 3.13844197 -5.50612332 36.30038989
v 3.95870640 -13.07937831 36.86079762
v 4.44029630 -15.86744208 35.25389476
v 3.08966269 -20.11812077 30.82041228
v -0.99599390 -16.11859829 28.93248558
v 6.73020210 -18.37168903 13.48153195
v 4.51277058 -10.18253477 8.00903724
v 13.67854553 7.77768063 20.72677169
v 10.10773847 -4.88184358 9.22627122
v 7.44374172 -19.64152997 13.65531369
v 3.52460416 -14.29757284 10.89084893
v 9.38967637 -9.82956438 38.32606989
v 12.45115305 -26.00594100 19.82396705
v 13.70030927 -24.32572257 16.65790783
v 17.19824268 15.32348804 22.55944160
v 13.63834660 -8.26329670 10.23348842
v 17.31146242 -9.88435770 10.44198427
v 13.73931157 -6.73153644 11.38021101
v 12.97177613 -2.19667935 12.14641520
v 16.36605919 -2.24250036 15.98795341
v 13.00895662 -10.20816227 8.73156150
v 14.54636848 -3.46946918 38.41079697
v 18.79369393 -3.47075206 36.37363310
v 20.48412376 -3.99979980 37.99691036
v 19.27589392 -1.55734006 36.43561063
v 15.88689862 -2.93669096 37.13495128
v 13.94582105 1.30645743 33.96295045
v 14.98185494 1.50235576 33.59781545
v 15.35333349 2.50383154 32.73378028
v 13.80864538 2.85633592 32.26039668
v 19.15143886 2.76942815 29.14944484
v 13.35189499 4.16422508 31.93589177
v 15.66090094 4.48332252 29.08243870
v 19.72679716 -12.21419451 40.96382767
v 11.48019602 -8.98738513 40.17793050
v 14.56622192 -8.93664037 39.40270588
v 13.73939632 -7.97955412 39.11001767
v 12.57064762 -5.53056845 38.97059454
v 9.65502776 -4.11566678 37.52802613
v 12.76230610 -0.51812050 35.70098516
v 11.26370889 -22.70681079 34.65414094
v 12.58341595 -21.04020708 36.54612230
v 11.53305238 -17.58937757 38.46061721
v 9.35032772 -24.72828753 28.92976199
v 19.15886254 -2.14340085 16.27031195
v 18.55827354 -2.95826343 16.44511450
v 20.26297225 -5.64194623 13.96561272
v 16.99632952 -4.86119078 13.53173346
v 10.21624267 -20.84781415 13.88969431
v 12.62712986 -19.98818716 12.73825169
v 11.19064714 -17.94059745 11.59900513
v 13.46949977 -16.10287668 10.33851971
v 14.54794804 1.32755689 16.86111220
v 13.05297993 0.48573882 16.30952983
v 14.20522686 -1.32474789 14.93447290
v 15.21082765 -11.29180049 9.25431088
v 15.15807297 -7.45901086 11.39318376
v 16.17345712 -5.54087629 13.44414647
v 14.82162043 -3.86691973 12.55238062
v 13.02293660 -4.08854489 12.29701435
v 14.11949123 -10.13200050 39.94398189
v 15.66167069 -7.14116367 39.15877254
v 21.46520129 -2.03734959 33.29455671
v 16.20378313 4.45202477 29.58779625
v 13.05040768 7.27104509 27.01404164
v 18.91082643 2.56834408 28.57551637
v 19.33489536 8.06031380 24.76837183
v 15.20497084 9.77224667 22.89583989
v 18.20083143 15.75793753 22.70056177
v 14.93988429 -27.06240917 25.17032072
v 11.48437323 -26.13866439 23.44772595
v 8.72070087 -25.09401605 25.74122713
v 15.66091347 -26.73424212 21.83668172
v 11.93110619 -25.31140680 20.18888785
v 18.56568832 -13.90158594 39.77402773
v 15.66049223 -18.65788234 39.08982859
v 8.91939236 -14.58345886 38.41898469
v 17.50163859 -17.21713783 40.25047207
v 16.98734406 -14.33746166 41.66543946
v 14.05037773 -14.51865908 40.84413232
v 16.68314041 -12.11350348 40.87346977
v 13.08856927 -11.43372723 40.72742888
v 15.02863113 7.72060428 25.85946084
v 17.69378252 9.63827334 25.44743401
v 18.06795437 13.03404523 25.01513653
v 12.95652330 -4.65435609 37.76620465
v 18.69097224 -0.33009490 33.47559482
v 14.96950818 -24.38066285 33.91720957
v 9.20319216 -23.18245923 32.80722695
v 14.41166555 -25.21155605 31.86280767
v 11.81126448 -24.64726352 31.95477106
v 12.03043803 -25.83174706 28.94861877
v 15.77350852 7.43796434 21.61689230
v 18.92848512 1.12442674 20.95008160
v 16.46649184 2.16974691 20.19110083
v 14.87520875 2.64794577 18.91787324
v 18.71918220 -1.62438589 18.06545663
v 12.89982865 -0.09928573 14.84236594
v 14.26353608 0.14645062 15.67799713
v 12.42096804 -15.43031029 11.54636109
v 15.51976630 -13.74210012 10.43042267
v 13.38977823 -12.51993731 11.07557356
v 16.52781557 12.73722890 24.39395032
v 15.00589883 9.16634992 24.46764468
v 16.18648607 10.71908817 21.94200056
v 12.06671123 -11.93856591 10.07322553
v 13.33268004 2.09870223 17.27212229
v 14.35307401 -13.42871998 39.56678461
v 18.74593799 -4.82480162 37.96783522
v 16.23443821 3.75432632 28.80431742
v 19.19965215 5.80191743 25.93521332
v 17.25072334 7.53168451 25.97426356
v 15.43386406 -3.31238501 36.91707079
v 19.81759415 0.47533937 31.67343760
v 20.35651423 1.19520121 32.35337780
v 21.44766372 5.39699083 24.90863031
v 23.21129103 3.53843791 23.63597313
v 9.78182808 -18.37023248 12.53731893
v 16.68524541 -16.34373237 39.62565946
v 16.37803604 -17.71651112 39.03758873
v 12.40884764 -11.60313072 39.55038544
v 11.51264514 -8.36869672 38.85102882
v 11.88019641 -15.52907615 38.94962965
v 17.54298598 2.68970286 20.81998163
v 16.10697899 4.29713117 20.34021229
v 20.39249598 2.76405481 22.42831717
v 20.12171822 5.98597969 22.68805662
v 17.13071787 8.91962770 21.07143169
v 18.98059000 14.56281041 21.81690655
v 19.77171992 8.95057938 23.06763862
v 13.92490309 -16.36694337 10.65852258
v 14.36998866 -17.66061871 11.12323458
v 17.01045523 -13.10247586 40.44566098
v 17.72138845 2.40714507 21.58066203
v 14.20493937 5.63720318 19.20665995
v 13.78806168 -16.10430707 11.83573940
v 17.94528772 14.15600200 21.51610380
v 19.69594383 13.71558581 23.67036875
v 16.14364091 4.55155703 21.26069731
v 8.42679884 -6.72084536 8.57987311
v 9.78949601 -6.60576857 9.23170279
v 8.18773014 -7.20022052 9.86229729
v 17.43291782 -11.04616858 10.58708840
v 14.80436126 -12.45986515 10.83403504
f 175 235 1
f 175 59 235
f 247 73 795
f 795 73 2
f 2 73 74
f 3 235 236
f 51 3 355
f 355 3 91
f 5 237 82
f 3 236 91
f 237 79 82
f 2 74 92
f 52 92 89
f 92 74 90
f 57 934 273
f 174 245 7
f 174 7 233
f 245 42 8
f 7 248 233
f 9 1172 48
f 215 11 10
f 14 518 16
f 10 15 17
f 518 12 16
f 13 12 214
f 10 11 15
f 12 13 16
f 497 146 213
f 214 150 13
f 497 213 183
f 19 16 21
f 16 13 21
f 17 15 20
f 1058 18 11
f 15 11 26
f 26 11 18
f 212 183 213
f 212 19 183
f 17 20 502
f 150 21 13
f 20 15 26
f 26 18 23
f 19 21 22
f 21 150 27
f 18 895 23
f 20 26 25
f 671 211 503
f 211 671 511
f 21 29 22
f 20 25 502
f 25 26 24
f 22 29 207
f 502 25 28
f 21 27 29
f 511 505 211
f 25 24 28
f 30 207 29
f 30 490 207
f 29 27 30
f 31 895 33
f 503 211 208
f 32 501 37
f 503 208 34
f 32 37 36
f 30 27 894
f 33 35 31
f 501 31 37
f 32 36 1931
f 30 894 199
f 31 35 37
f 205 35 33
f 36 38 184
f 36 37 38
f 37 35 38
f 36 184 1931
f 35 198 38
f 35 205 196
f 35 200 198
f 35 196 200
f 198 672 38
f 38 40 184
f 38 673 40
f 672 200 39
f 38 672 673
f 40 673 681
f 673 39 681
f 39 192 681
f 192 39 1376
f 7 245 8
f 7 8 248
f 1 235 43
f 167 9 44
f 45 246 47
f 63 167 44
f 234 43 3
f 8 234 3
f 5 67 237
f 795 2 47
f 43 235 3
f 9 48 49
f 48 1172 87
f 87 866 52
f 866 45 52
f 45 47 52
f 49 48 53
f 2 52 47
f 48 87 53
f 53 50 49
f 868 239 870
f 50 53 797
f 53 240 797
f 87 52 56
f 87 796 53
f 92 52 2
f 87 56 796
f 54 51 355
f 56 52 89
f 54 355 93
f 355 238 93
f 238 55 93
f 920 57 1934
f 794 58 232
f 288 273 60
f 180 167 63
f 175 792 59
f 291 62 61
f 58 60 232
f 68 232 60
f 291 64 62
f 65 232 68
f 61 62 69
f 68 60 361
f 61 69 70
f 65 68 59
f 1180 61 1927
f 62 64 75
f 66 6 923
f 71 66 271
f 62 75 83
f 6 66 71
f 1927 61 1177
f 44 75 64
f 69 83 70
f 69 62 83
f 67 77 237
f 44 9 49
f 61 70 1177
f 1164 3 51
f 71 271 76
f 6 71 80
f 70 83 78
f 71 76 84
f 44 868 75
f 71 84 80
f 67 6 77
f 868 44 50
f 78 1177 70
f 44 49 50
f 85 6 1894
f 6 80 1894
f 75 868 241
f 237 77 88
f 6 85 77
f 1177 78 81
f 1181 72 296
f 50 239 868
f 798 1523 86
f 78 83 81
f 75 241 83
f 72 1178 296
f 77 292 88
f 1181 296 1189
f 82 79 88
f 83 799 81
f 77 85 292
f 84 76 1141
f 249 252 804
f 82 4 5
f 88 292 82
f 54 93 90
f 236 294 91
f 82 292 295
f 4 82 295
f 1157 1150 1159
f 55 91 93
f 867 294 236
f 93 91 95
f 1159 1150 1153
f 91 294 95
f 802 298 256
f 95 294 96
f 90 93 97
f 90 97 94
f 101 295 353
f 93 95 97
f 256 298 100
f 295 98 353
f 98 295 1161
f 298 94 100
f 95 96 99
f 97 95 99
f 348 1159 1155
f 98 1161 103
f 100 889 888
f 94 97 102
f 100 94 889
f 97 99 102
f 94 102 889
f 101 353 356
f 353 98 103
f 356 353 303
f 102 99 104
f 889 102 105
f 356 303 808
f 102 104 105
f 99 96 357
f 103 1162 808
f 99 357 104
f 361 6 67
f 356 808 873
f 357 359 104
f 104 359 105
f 357 877 359
f 359 877 358
f 877 106 358
f 359 358 419
f 107 1519 855
f 326 324 358
f 358 324 419
f 1595 258 336
f 336 258 865
f 380 381 379
f 381 370 379
f 934 57 920
f 934 917 273
f 1062 1226 109
f 379 287 369
f 60 273 361
f 379 370 287
f 273 922 361
f 1193 1182 1190
f 112 259 468
f 468 259 473
f 112 468 113
f 463 469 891
f 459 891 461
f 891 459 463
f 114 466 467
f 466 114 1271
f 410 412 115
f 1265 118 116
f 415 576 882
f 115 412 117
f 120 576 116
f 1265 577 118
f 413 415 570
f 413 570 573
f 117 412 571
f 415 883 570
f 882 120 883
f 570 883 885
f 117 575 574
f 120 885 883
f 118 574 119
f 116 118 120
f 885 120 123
f 573 124 121
f 120 118 123
f 419 125 557
f 885 123 570
f 418 568 125
f 123 118 126
f 118 119 126
f 121 130 122
f 125 568 557
f 121 124 130
f 563 127 132
f 568 561 557
f 132 127 122
f 130 124 890
f 122 133 132
f 124 131 890
f 122 560 133
f 122 130 560
f 567 128 129
f 128 567 565
f 131 129 559
f 560 130 138
f 130 890 138
f 257 136 460
f 131 559 142
f 559 555 142
f 460 136 528
f 105 557 541
f 105 541 889
f 132 133 1880
f 890 558 138
f 560 551 133
f 562 137 545
f 551 560 135
f 129 128 559
f 889 541 888
f 560 138 135
f 133 551 1880
f 541 547 216
f 420 888 136
f 888 522 136
f 138 558 554
f 545 137 140
f 135 556 139
f 138 554 139
f 888 541 527
f 551 135 139
f 142 555 141
f 522 888 527
f 545 140 145
f 143 545 145
f 140 137 548
f 142 141 543
f 142 543 550
f 553 542 554
f 145 140 147
f 1240 1247 512
f 140 548 144
f 892 518 14
f 147 140 144
f 548 546 144
f 148 554 535
f 892 14 146
f 554 542 535
f 1240 512 674
f 11 215 1058
f 143 145 671
f 146 14 213
f 148 535 151
f 144 546 531
f 546 148 531
f 145 147 533
f 143 671 514
f 144 531 149
f 147 144 533
f 144 149 533
f 531 148 151
f 671 145 533
f 535 525 151
f 533 515 671
f 149 531 524
f 533 149 515
f 531 151 529
f 149 524 515
f 208 157 34
f 154 1087 492
f 1077 1083 500
f 1083 155 500
f 1077 500 495
f 1064 504 1050
f 1038 507 156
f 156 507 476
f 476 158 159
f 1094 1329 504
f 158 508 517
f 517 508 1882
f 990 1018 989
f 159 519 534
f 1909 537 544
f 517 536 161
f 532 536 534
f 1214 1213 479
f 162 579 1988
f 162 639 636
f 639 640 636
f 579 162 581
f 640 638 636
f 162 636 164
f 636 638 165
f 636 165 164
f 645 163 644
f 645 480 163
f 164 165 166
f 165 638 166
f 638 637 166
f 166 637 1116
f 1686 1533 1937
f 1533 2004 1937
f 167 1172 9
f 1539 169 168
f 169 776 779
f 657 169 655
f 179 778 170
f 778 172 783
f 778 783 170
f 170 656 171
f 657 171 173
f 242 172 1911
f 171 656 173
f 172 242 784
f 784 242 658
f 656 784 174
f 173 656 41
f 656 174 41
f 784 658 174
f 174 658 245
f 245 788 42
f 788 1 42
f 788 175 1
f 181 663 246
f 181 246 45
f 284 1535 1537
f 1537 1535 1643
f 664 284 1537
f 1537 176 664
f 1537 1538 176
f 177 176 1540
f 176 1538 1540
f 1540 178 177
f 177 178 182
f 1540 168 178
f 168 654 285
f 178 1606 182
f 178 168 285
f 178 285 1606
f 179 171 655
f 1176 669 180
f 669 670 180
f 180 670 167
f 181 866 1172
f 1171 1168 181
f 1944 182 1606
f 669 667 2034
f 1168 663 181
f 17 214 10
f 694 479 185
f 479 1213 185
f 186 481 686
f 1213 1992 185
f 685 187 686
f 685 185 1992
f 685 1992 187
f 186 686 187
f 186 187 193
f 684 2037 189
f 2037 1382 189
f 1327 191 483
f 188 190 1215
f 1382 2037 1394
f 482 1936 1398
f 187 1381 193
f 1215 1376 1979
f 1376 1215 190
f 191 1327 1386
f 1376 190 192
f 1382 1394 681
f 1382 681 192
f 1394 680 681
f 193 1381 679
f 194 1376 487
f 678 487 1376
f 484 153 196
f 678 1376 39
f 679 1328 197
f 679 197 488
f 1375 203 1328
f 1881 484 201
f 200 672 198
f 197 1328 203
f 199 1095 202
f 484 196 201
f 196 205 201
f 1095 489 202
f 203 199 197
f 199 202 30
f 197 199 894
f 489 204 206
f 489 490 202
f 201 205 34
f 30 202 490
f 490 206 207
f 34 205 33
f 204 209 206
f 206 209 207
f 31 28 24
f 210 505 208
f 23 31 26
f 895 31 23
f 207 497 22
f 208 211 210
f 497 183 22
f 210 211 505
f 509 505 511
f 19 213 16
f 214 12 10
f 518 527 12
f 10 12 527
f 216 10 527
f 215 10 216
f 527 541 216
f 1551 399 219
f 399 1551 221
f 1552 852 221
f 1552 1681 852
f 399 221 400
f 221 852 766
f 222 769 224
f 221 766 768
f 221 768 400
f 224 226 223
f 224 400 226
f 400 768 226
f 1264 224 223
f 226 768 225
f 222 224 1445
f 765 1901 227
f 764 1262 223
f 763 1444 228
f 229 981 761
f 65 793 232
f 794 60 58
f 1 43 42
f 792 65 59
f 59 67 235
f 5 235 67
f 237 88 79
f 53 796 240
f 772 775 1534
f 778 1911 172
f 179 170 171
f 170 783 656
f 1911 243 242
f 1556 244 1720
f 242 243 788
f 242 788 658
f 244 173 41
f 42 43 234
f 248 8 864
f 46 862 795
f 862 247 795
f 864 8 3
f 795 47 46
f 241 869 799
f 870 239 252
f 869 870 249
f 870 252 249
f 50 803 239
f 240 796 800
f 869 249 806
f 800 796 250
f 800 250 801
f 796 56 802
f 239 803 252
f 56 89 802
f 251 252 253
f 803 254 252
f 252 254 253
f 306 251 253
f 796 1913 250
f 796 802 1913
f 805 874 301
f 805 875 874
f 876 301 874
f 1913 802 256
f 881 1913 255
f 253 254 878
f 255 1913 256
f 256 257 255
f 255 257 887
f 256 100 257
f 880 255 811
f 257 100 420
f 811 255 1997
f 255 887 1997
f 887 460 1997
f 886 112 113
f 323 259 886
f 827 262 260
f 323 1968 259
f 258 861 865
f 260 262 442
f 264 265 263
f 263 2000 264
f 265 264 884
f 266 265 267
f 265 884 267
f 843 268 441
f 270 1965 1959
f 929 908 1934
f 1934 57 929
f 929 57 272
f 272 57 957
f 57 273 362
f 57 362 957
f 274 272 957
f 954 953 940
f 953 966 276
f 275 941 949
f 276 966 277
f 966 973 277
f 277 967 1005
f 1005 967 278
f 947 279 281
f 976 782 281
f 281 280 976
f 277 1005 1012
f 279 1925 965
f 278 992 1005
f 993 281 279
f 281 993 280
f 993 279 965
f 1134 773 907
f 1757 1568 1126
f 1568 1945 1126
f 728 1136 1135
f 370 374 1176
f 654 1575 285
f 952 288 496
f 496 288 789
f 370 1176 180
f 289 369 287
f 287 370 180
f 288 60 789
f 794 789 60
f 287 180 290
f 180 63 290
f 289 287 291
f 376 372 61
f 287 290 291
f 290 63 64
f 291 290 64
f 74 73 51
f 73 1164 51
f 80 84 293
f 1141 1140 84
f 85 1156 292
f 89 92 298
f 80 293 1894
f 799 83 241
f 90 94 92
f 89 298 802
f 298 92 94
f 1894 293 297
f 293 84 1140
f 294 867 295
f 292 1158 295
f 1157 297 293
f 1157 293 1150
f 296 1178 304
f 295 1158 1161
f 1178 299 301
f 804 252 251
f 299 805 301
f 1153 1150 300
f 1178 301 305
f 1178 310 304
f 304 310 807
f 308 1159 1153
f 804 251 306
f 1178 305 310
f 1159 308 1155
f 1578 1580 307
f 1153 302 308
f 304 807 312
f 304 312 1995
f 1580 309 307
f 305 301 876
f 1890 307 309
f 1155 308 1148
f 310 305 314
f 309 1137 1890
f 305 876 314
f 312 807 809
f 313 310 809
f 809 310 314
f 1890 1137 1891
f 312 809 317
f 1148 1145 344
f 809 314 317
f 314 876 318
f 317 314 318
f 1182 1184 1996
f 1137 315 1891
f 312 317 1996
f 316 1182 1193
f 1891 315 1797
f 318 321 1996
f 1182 1996 321
f 321 318 319
f 813 817 318
f 319 318 817
f 106 322 326
f 321 319 327
f 1182 321 320
f 1182 320 1190
f 358 106 326
f 816 323 886
f 816 815 323
f 321 325 320
f 1190 320 328
f 1190 328 1994
f 325 321 327
f 319 332 327
f 349 1149 322
f 325 327 330
f 319 817 329
f 326 331 324
f 320 325 328
f 326 322 331
f 325 820 328
f 322 1149 331
f 319 329 332
f 820 325 334
f 1146 1983 1149
f 325 330 334
f 330 327 332
f 1985 1982 1146
f 1149 1983 331
f 332 329 335
f 1146 1982 1983
f 332 822 330
f 332 823 822
f 820 340 826
f 823 332 339
f 333 336 337
f 333 1595 336
f 332 335 339
f 338 337 865
f 334 330 341
f 337 336 865
f 334 341 340
f 330 822 341
f 834 335 329
f 338 865 1949
f 335 834 339
f 339 342 823
f 1797 1509 1143
f 1509 1517 343
f 1143 1509 343
f 1517 1519 107
f 1517 107 343
f 1145 1892 345
f 1145 345 344
f 343 107 1143
f 1892 351 345
f 344 345 346
f 351 1892 347
f 1892 858 347
f 345 351 346
f 344 346 350
f 858 349 347
f 346 351 1154
f 1154 1893 346
f 351 347 1893
f 4 867 236
f 350 346 1893
f 1893 347 322
f 350 1893 352
f 347 349 322
f 1164 73 247
f 1893 322 352
f 353 103 303
f 1162 873 808
f 354 322 106
f 103 808 303
f 355 91 238
f 873 354 106
f 238 91 55
f 324 331 416
f 877 873 106
f 873 357 356
f 866 87 1172
f 903 360 1737
f 901 271 1737
f 271 901 76
f 360 903 1934
f 360 1934 908
f 363 2033 368
f 2033 667 368
f 364 1176 366
f 368 667 364
f 363 368 365
f 364 665 368
f 365 368 367
f 1176 374 366
f 665 371 368
f 366 374 371
f 1189 1186 111
f 369 289 372
f 1922 367 373
f 368 371 375
f 368 375 367
f 370 381 374
f 1181 1192 376
f 373 367 375
f 1197 111 1255
f 968 1174 984
f 371 374 381
f 379 369 377
f 376 1192 110
f 1192 1197 110
f 371 381 375
f 372 378 377
f 372 376 378
f 1197 1192 111
f 375 999 373
f 999 375 381
f 997 373 1002
f 999 381 382
f 110 1197 433
f 377 378 383
f 373 999 1002
f 380 379 1187
f 381 380 382
f 378 376 384
f 376 110 384
f 110 433 1201
f 1002 999 382
f 380 1187 385
f 110 1201 384
f 1002 382 386
f 383 388 1921
f 383 378 388
f 382 380 389
f 1187 383 1030
f 388 378 384
f 1187 1042 385
f 387 386 382
f 380 385 389
f 384 1201 1062
f 389 385 1042
f 1187 1030 1042
f 1201 1053 1062
f 384 390 388
f 384 1062 390
f 1258 1205 1198
f 391 1041 1035
f 1185 1188 1068
f 859 1624 1269
f 1726 393 1625
f 1625 393 396
f 1726 217 393
f 217 392 393
f 854 219 856
f 1624 397 1269
f 1624 1625 397
f 392 217 218
f 397 1625 396
f 861 395 398
f 393 402 396
f 393 769 402
f 397 396 401
f 398 395 1270
f 397 405 860
f 397 401 405
f 396 402 403
f 860 405 407
f 769 222 402
f 399 400 224
f 401 396 403
f 403 402 404
f 407 405 408
f 402 222 404
f 401 403 1266
f 405 409 408
f 1266 871 401
f 406 1983 1267
f 1266 404 871
f 401 1263 405
f 1267 407 406
f 411 407 408
f 401 871 1263
f 406 407 411
f 222 1445 410
f 222 410 404
f 411 408 413
f 408 409 413
f 404 410 871
f 871 115 1263
f 871 410 115
f 409 1265 116
f 414 416 406
f 406 411 414
f 412 223 1262
f 413 409 576
f 409 116 576
f 414 411 417
f 416 414 418
f 414 417 418
f 419 416 125
f 125 416 418
f 557 359 419
f 462 460 528
f 455 1247 1250
f 422 421 1070
f 1054 426 1217
f 1054 423 426
f 426 423 429
f 1217 426 425
f 1070 421 1219
f 423 109 429
f 1070 1219 424
f 429 109 1226
f 429 1223 426
f 423 390 109
f 424 1987 1218
f 425 426 1221
f 424 1219 1987
f 426 1223 1221
f 1062 428 1226
f 425 1221 1224
f 1203 1209 1053
f 1062 1053 428
f 1053 1209 430
f 1053 430 428
f 1226 428 1231
f 429 427 1228
f 1093 1225 1229
f 430 1209 1239
f 1225 1228 1229
f 431 430 1236
f 1236 430 1239
f 1237 1236 432
f 432 1236 1206
f 872 435 434
f 434 435 436
f 435 1314 436
f 435 437 1314
f 435 438 437
f 440 270 439
f 439 270 1959
f 438 1307 437
f 438 884 443
f 438 443 1307
f 441 440 1313
f 442 262 1958
f 442 1958 1301
f 441 1313 1306
f 442 1301 444
f 443 896 445
f 444 1301 1293
f 1301 446 1289
f 1289 446 1287
f 446 447 1287
f 1294 448 1295
f 447 1295 1285
f 1295 448 1285
f 1273 450 1277
f 1194 1271 114
f 1254 451 453
f 1254 453 455
f 456 452 454
f 893 1251 1933
f 1251 1258 1933
f 452 893 454
f 451 1257 458
f 1257 456 458
f 455 453 462
f 456 454 893
f 456 893 458
f 457 114 1932
f 893 459 458
f 453 465 462
f 1932 114 467
f 453 461 465
f 459 1932 463
f 1932 467 463
f 461 891 113
f 462 465 464
f 469 812 814
f 461 113 465
f 812 469 1967
f 465 113 468
f 463 1278 469
f 466 1271 1272
f 463 467 471
f 472 469 470
f 463 471 1278
f 1970 464 465
f 469 1278 470
f 467 466 471
f 465 473 1970
f 468 473 465
f 470 1278 1280
f 1970 473 1971
f 470 1280 1283
f 473 259 1971
f 547 545 143
f 1091 1103 487
f 474 1324 1320
f 1051 1075 1084
f 1066 1051 1084
f 1360 475 1320
f 486 152 485
f 626 1121 1316
f 633 2045 717
f 633 717 1121
f 1316 477 626
f 1121 717 1316
f 477 1316 1318
f 478 477 1318
f 1083 154 155
f 1318 1316 1323
f 155 154 1883
f 1023 159 537
f 637 1214 1116
f 1214 479 1116
f 1213 480 483
f 481 186 1398
f 186 482 1398
f 189 188 684
f 186 193 482
f 187 1992 191
f 1992 483 191
f 480 683 483
f 483 683 1327
f 1097 153 195
f 195 153 484
f 195 485 152
f 485 1881 486
f 487 678 153
f 153 678 196
f 486 1087 152
f 678 39 200
f 1881 201 486
f 40 1931 184
f 489 206 490
f 1087 486 492
f 492 486 491
f 201 491 486
f 491 201 34
f 157 498 493
f 500 155 499
f 155 1883 499
f 498 157 208
f 207 209 497
f 1064 495 504
f 495 494 504
f 493 498 499
f 499 498 505
f 501 28 31
f 498 208 505
f 28 501 502
f 34 33 503
f 22 183 19
f 499 505 506
f 505 509 506
f 1050 504 1329
f 499 506 500
f 212 213 19
f 504 500 1094
f 506 509 513
f 1094 500 506
f 506 160 1094
f 1050 1329 508
f 16 213 14
f 160 506 513
f 510 1094 160
f 158 517 161
f 160 513 510
f 513 529 510
f 671 515 511
f 159 158 161
f 510 529 520
f 513 521 529
f 510 520 526
f 671 18 514
f 510 526 516
f 513 509 523
f 511 515 524
f 159 161 519
f 509 511 523
f 516 526 530
f 529 525 520
f 518 892 522
f 892 512 528
f 512 1247 528
f 511 524 523
f 520 525 526
f 521 523 531
f 525 529 151
f 523 524 531
f 530 526 525
f 522 892 136
f 892 528 136
f 529 521 531
f 518 522 527
f 517 530 536
f 530 525 535
f 530 535 536
f 159 534 1884
f 989 1018 538
f 159 1884 537
f 538 1018 1910
f 1884 534 1060
f 215 216 547
f 534 536 1060
f 535 542 536
f 536 542 540
f 537 539 544
f 541 557 547
f 540 550 543
f 139 148 546
f 549 543 141
f 542 553 540
f 540 553 550
f 544 539 549
f 148 139 554
f 546 551 139
f 546 548 551
f 545 547 557
f 548 1880 551
f 548 137 1880
f 141 128 549
f 553 554 558
f 562 545 561
f 550 553 142
f 141 555 128
f 553 558 142
f 139 556 138
f 556 135 138
f 552 1017 1908
f 545 557 561
f 991 552 564
f 555 559 128
f 564 552 1908
f 142 558 890
f 549 565 1908
f 142 890 134
f 562 561 563
f 549 128 565
f 142 134 131
f 563 561 568
f 1908 565 566
f 565 567 569
f 565 569 566
f 569 1879 566
f 129 131 567
f 131 124 126
f 563 568 127
f 124 123 126
f 569 575 1879
f 567 131 126
f 567 126 119
f 569 574 575
f 124 570 123
f 122 127 121
f 567 574 569
f 568 418 127
f 1261 571 412
f 124 573 570
f 1261 879 571
f 879 1878 571
f 417 127 418
f 121 127 417
f 1878 572 571
f 121 417 573
f 571 572 117
f 120 882 576
f 577 1265 115
f 1265 1263 115
f 578 1086 1099
f 578 1099 1098
f 1086 1089 579
f 1089 1988 579
f 1086 580 1099
f 580 1086 579
f 579 581 580
f 1099 580 582
f 582 580 581
f 1100 586 1102
f 582 581 584
f 581 162 164
f 585 1332 583
f 582 584 587
f 584 581 164
f 1333 585 586
f 1102 586 1104
f 583 589 585
f 584 1109 587
f 585 589 2062
f 584 588 1109
f 589 583 591
f 588 584 164
f 589 1105 1340
f 583 1338 591
f 588 164 592
f 1340 1105 1110
f 1338 590 591
f 592 595 588
f 588 595 1112
f 1110 1105 1107
f 592 164 166
f 1107 593 1110
f 1974 1348 590
f 163 480 1213
f 593 594 600
f 590 605 591
f 2060 601 2057
f 1112 595 602
f 600 1110 593
f 1344 596 607
f 591 605 594
f 600 599 1110
f 596 1351 604
f 590 1348 605
f 1348 1344 607
f 602 595 597
f 592 166 597
f 2057 613 2056
f 602 598 1112
f 595 592 597
f 1352 609 1351
f 596 608 607
f 2057 601 613
f 1348 607 605
f 604 1351 609
f 596 604 608
f 598 602 606
f 2060 611 601
f 605 614 594
f 597 166 610
f 2060 599 611
f 598 606 609
f 166 474 610
f 600 611 599
f 602 597 612
f 605 607 614
f 611 600 620
f 594 614 620
f 606 602 612
f 594 620 600
f 166 1116 474
f 609 606 615
f 612 615 606
f 614 607 621
f 604 609 616
f 609 615 616
f 612 597 610
f 2056 613 1349
f 603 611 623
f 604 616 622
f 612 610 475
f 613 603 1115
f 611 620 623
f 621 607 608
f 1115 603 617
f 610 474 475
f 603 623 617
f 616 615 619
f 615 612 619
f 614 621 618
f 612 475 619
f 608 625 621
f 604 622 608
f 614 618 620
f 608 622 625
f 2053 1117 1347
f 1115 617 624
f 1349 1115 624
f 623 1119 617
f 616 2044 622
f 1349 624 1117
f 623 629 1119
f 616 619 2044
f 623 620 627
f 620 618 627
f 617 1119 624
f 1117 1118 1347
f 623 627 629
f 624 1119 1120
f 618 621 477
f 621 625 626
f 1359 2044 619
f 627 618 477
f 625 622 628
f 622 2044 628
f 621 626 477
f 628 630 625
f 1361 631 628
f 1361 1362 631
f 625 630 626
f 629 627 1357
f 628 633 630
f 1362 632 631
f 631 633 628
f 627 478 1357
f 1362 1364 632
f 631 632 633
f 1364 1122 632
f 1363 1365 1364
f 1364 634 1122
f 634 1364 1365
f 633 632 1366
f 1122 1366 632
f 1122 634 1367
f 637 638 1211
f 162 1988 639
f 1211 638 641
f 638 1989 641
f 638 640 1989
f 639 1989 640
f 1989 643 641
f 642 644 163
f 641 643 642
f 642 643 644
f 643 1991 644
f 1991 1330 644
f 1212 645 1210
f 732 1946 647
f 1945 1568 1641
f 732 647 1947
f 1947 647 651
f 646 1641 1536
f 650 1947 649
f 1947 651 649
f 647 1946 648
f 1946 646 648
f 651 647 1370
f 646 1536 648
f 648 1536 1371
f 1370 653 651
f 650 649 1418
f 649 651 652
f 651 653 652
f 1641 1535 1536
f 653 1370 770
f 1660 1372 1435
f 2006 776 169
f 168 169 654
f 169 779 655
f 657 655 171
f 1720 850 1661
f 1661 850 851
f 1720 244 850
f 244 661 850
f 662 244 41
f 244 662 661
f 41 233 662
f 662 663 857
f 662 233 862
f 662 862 663
f 663 862 246
f 669 2034 2035
f 246 862 46
f 1165 177 182
f 665 1175 371
f 851 666 1661
f 366 665 364
f 2033 2036 667
f 666 1708 1661
f 2033 668 2032
f 1170 2033 2032
f 1176 364 667
f 668 857 2032
f 667 669 1176
f 667 2036 2034
f 2035 1374 1173
f 2035 1173 659
f 2032 857 663
f 672 39 673
f 675 676 1235
f 674 209 675
f 209 677 675
f 1233 1235 676
f 675 1230 676
f 675 677 1230
f 677 209 1930
f 1930 209 204
f 204 489 1095
f 1382 192 190
f 1379 1381 191
f 682 1386 1327
f 682 1327 683
f 191 1381 187
f 1389 1383 1399
f 185 685 694
f 686 481 691
f 1393 2052 689
f 685 686 697
f 685 697 694
f 688 1406 2038
f 1405 690 1404
f 1401 689 1406
f 686 691 703
f 690 1410 699
f 686 703 697
f 1404 701 693
f 699 704 690
f 690 704 695
f 2038 1408 698
f 694 702 1325
f 1404 690 695
f 1404 695 701
f 1408 1409 698
f 694 697 702
f 697 703 702
f 691 693 700
f 693 701 700
f 703 691 700
f 701 708 700
f 698 1409 707
f 695 705 701
f 699 712 704
f 1409 2055 707
f 695 704 705
f 696 698 706
f 703 700 711
f 701 705 708
f 699 1411 1412
f 698 707 706
f 705 704 709
f 707 2055 1322
f 705 715 708
f 707 2051 706
f 699 1412 712
f 700 708 1319
f 709 713 705
f 1412 714 712
f 704 712 1323
f 705 713 710
f 709 704 1323
f 715 705 710
f 711 700 1319
f 1323 712 1318
f 708 715 1319
f 709 1323 713
f 1319 716 711
f 711 716 719
f 713 1323 710
f 711 719 2040
f 712 714 1318
f 714 1412 721
f 1412 718 721
f 716 1319 717
f 1319 715 717
f 715 710 1316
f 714 721 1317
f 2040 719 1413
f 1413 719 723
f 721 718 1977
f 718 2050 1977
f 716 717 719
f 722 1413 723
f 720 1413 722
f 723 719 2045
f 720 722 724
f 725 722 723
f 722 725 724
f 723 2045 725
f 724 725 1369
f 756 728 730
f 907 730 915
f 730 728 731
f 728 924 729
f 728 942 731
f 915 730 931
f 737 735 282
f 1945 736 1126
f 732 1131 733
f 1126 736 734
f 1945 1129 736
f 1566 735 737
f 282 733 1131
f 282 1131 737
f 1757 734 1125
f 737 1131 738
f 1566 738 1129
f 736 1129 739
f 1131 1133 2017
f 1129 738 739
f 734 736 743
f 734 741 1125
f 1131 2017 740
f 738 740 1415
f 734 743 741
f 742 1125 741
f 739 738 1415
f 736 739 1417
f 739 1415 1417
f 743 736 1417
f 743 1417 746
f 742 741 745
f 745 741 743
f 1417 2009 1419
f 744 742 745
f 745 743 1424
f 743 746 1424
f 1417 747 746
f 1674 744 749
f 746 1420 1424
f 1417 1419 747
f 744 745 750
f 1419 1428 752
f 1419 1426 747
f 749 744 750
f 746 747 1420
f 1419 752 1426
f 745 1424 750
f 750 751 749
f 2016 748 1679
f 752 1428 753
f 748 1127 1679
f 748 749 1127
f 751 750 1423
f 752 753 755
f 1127 1128 1679
f 754 1679 1124
f 754 1124 1554
f 751 1423 1422
f 1428 1940 1135
f 1128 751 1422
f 753 1136 755
f 753 1428 1136
f 1428 1135 1136
f 755 1136 2008
f 1124 1679 1128
f 1124 1128 757
f 1554 1124 727
f 1128 1422 1427
f 757 1128 1427
f 730 773 756
f 226 225 231
f 231 227 937
f 225 227 231
f 1843 760 759
f 759 760 1848
f 1848 760 1866
f 760 1902 1818
f 939 1439 925
f 1906 969 991
f 1439 762 928
f 921 928 1897
f 939 959 229
f 960 1906 981
f 991 981 1906
f 928 950 937
f 1440 762 1439
f 762 1440 1888
f 981 1259 1443
f 761 1443 1444
f 762 1888 1442
f 1260 1262 228
f 1444 1443 228
f 950 928 1442
f 1444 763 231
f 1262 764 228
f 228 764 763
f 763 226 231
f 763 764 226
f 227 225 766
f 225 758 766
f 226 764 223
f 765 766 852
f 767 765 852
f 852 394 767
f 758 768 766
f 1264 1445 224
f 399 769 220
f 769 392 220
f 769 393 392
f 1660 1435 772
f 1435 2007 771
f 1435 771 772
f 2005 773 774
f 774 773 1132
f 777 2005 774
f 773 1134 1132
f 775 772 771
f 771 2006 775
f 777 776 2006
f 775 2006 169
f 1132 1134 1912
f 777 774 779
f 775 169 1539
f 774 1132 779
f 1134 910 1912
f 286 778 179
f 1925 780 1926
f 910 781 1912
f 654 169 786
f 781 910 785
f 910 780 785
f 976 1915 782
f 941 275 780
f 781 785 790
f 656 783 784
f 780 275 785
f 783 172 784
f 961 977 941
f 786 169 657
f 977 976 967
f 954 940 958
f 917 920 913
f 785 275 791
f 949 787 793
f 496 789 787
f 275 949 791
f 786 657 1556
f 785 791 790
f 787 789 793
f 949 793 791
f 1556 657 244
f 657 173 244
f 658 788 245
f 788 792 175
f 789 232 793
f 232 789 794
f 659 1173 1172
f 659 1172 167
f 59 68 67
f 240 800 797
f 798 86 1798
f 50 797 801
f 801 797 800
f 81 799 299
f 50 801 803
f 801 250 803
f 293 1140 1139
f 869 806 299
f 805 299 806
f 249 804 806
f 806 804 306
f 806 875 805
f 306 253 878
f 875 806 306
f 306 878 875
f 807 310 313
f 807 313 809
f 810 880 811
f 810 811 1966
f 1966 811 815
f 1969 811 1997
f 318 876 813
f 1966 815 816
f 812 1967 813
f 811 1969 815
f 814 816 113
f 113 816 886
f 1969 818 815
f 815 818 323
f 813 1960 817
f 329 817 1960
f 323 818 1968
f 1960 1961 824
f 821 328 820
f 819 328 825
f 1960 824 329
f 328 821 825
f 820 334 340
f 820 826 821
f 826 340 1998
f 822 823 342
f 825 821 1955
f 821 826 830
f 1955 821 829
f 821 830 829
f 822 342 832
f 828 1955 827
f 1998 340 831
f 329 824 833
f 1955 829 827
f 822 832 341
f 340 341 831
f 826 1998 1999
f 329 833 834
f 830 826 1999
f 341 832 835
f 824 1962 833
f 828 260 261
f 829 262 827
f 830 1999 836
f 828 827 260
f 829 830 837
f 829 837 262
f 342 339 834
f 837 830 836
f 832 342 835
f 834 833 838
f 835 342 263
f 840 341 835
f 341 840 831
f 837 836 262
f 836 1958 262
f 342 2000 263
f 342 834 841
f 834 838 841
f 833 1963 838
f 263 840 835
f 2000 342 843
f 831 840 839
f 843 342 841
f 840 263 265
f 839 840 842
f 842 840 265
f 838 1963 844
f 841 838 844
f 1963 1964 844
f 839 842 845
f 842 266 845
f 1957 839 845
f 842 265 266
f 268 843 841
f 844 847 841
f 1957 845 846
f 841 847 268
f 844 1964 847
f 845 266 267
f 269 845 267
f 847 1964 1965
f 846 845 848
f 845 269 848
f 847 270 268
f 847 1965 270
f 849 846 848
f 851 850 661
f 661 853 851
f 852 1725 394
f 851 853 1943
f 661 662 853
f 41 174 233
f 1943 853 668
f 855 1519 333
f 218 854 856
f 853 662 857
f 1623 1624 859
f 218 856 220
f 856 219 220
f 855 333 1985
f 258 1623 859
f 219 399 220
f 392 218 220
f 855 1985 858
f 258 859 861
f 858 1985 1146
f 42 234 8
f 862 233 863
f 865 861 1949
f 862 863 247
f 864 3 1164
f 1154 351 1893
f 863 1164 247
f 181 45 866
f 4 295 867
f 246 46 47
f 241 870 869
f 241 868 870
f 352 322 354
f 331 1983 406
f 577 574 118
f 577 117 574
f 416 331 406
f 250 1913 803
f 876 874 810
f 875 878 880
f 878 254 881
f 1261 566 879
f 878 881 880
f 873 877 357
f 268 270 440
f 881 255 880
f 267 884 438
f 879 566 1879
f 261 260 444
f 441 268 440
f 324 416 419
f 415 882 883
f 260 442 444
f 435 267 438
f 264 443 884
f 264 2000 896
f 264 896 443
f 886 259 112
f 887 257 460
f 257 420 136
f 420 100 888
f 131 134 890
f 105 359 557
f 469 814 891
f 259 1968 1971
f 1240 1248 1247
f 146 512 892
f 461 458 459
f 1933 1932 893
f 893 1932 459
f 512 146 674
f 214 17 150
f 27 501 32
f 18 671 895
f 24 26 31
f 895 671 503
f 897 1735 902
f 899 900 905
f 899 898 900
f 900 897 906
f 897 902 906
f 1523 901 1737
f 1735 360 904
f 1735 904 902
f 1734 905 1904
f 1523 798 901
f 1737 271 903
f 1843 1903 760
f 798 1141 901
f 905 914 1904
f 360 908 904
f 905 900 909
f 1903 1904 1902
f 900 906 909
f 906 902 912
f 902 904 912
f 903 271 1934
f 1738 1578 660
f 760 1903 1902
f 1904 914 916
f 904 908 911
f 906 912 909
f 271 66 913
f 1134 915 930
f 904 911 912
f 728 756 1136
f 914 905 909
f 910 1134 930
f 912 911 927
f 1934 913 920
f 909 912 926
f 911 908 918
f 912 927 926
f 914 936 916
f 908 929 918
f 66 923 913
f 728 1135 924
f 915 931 930
f 924 1135 283
f 916 936 932
f 913 923 917
f 917 923 922
f 914 909 936
f 910 930 780
f 916 932 919
f 924 283 1942
f 921 919 925
f 911 918 927
f 730 731 931
f 918 929 945
f 917 934 920
f 923 6 361
f 923 361 922
f 931 933 1926
f 931 731 933
f 929 272 945
f 780 930 1926
f 930 931 1926
f 918 951 927
f 361 67 68
f 926 927 944
f 925 935 939
f 909 926 956
f 780 1925 941
f 951 918 945
f 1132 1912 1911
f 936 909 956
f 942 728 729
f 933 731 938
f 927 951 944
f 1901 937 227
f 941 1925 947
f 956 926 944
f 932 936 943
f 272 274 945
f 731 948 963
f 731 942 948
f 938 731 963
f 729 365 367
f 932 960 935
f 946 945 274
f 729 367 942
f 936 956 943
f 933 938 1926
f 273 940 953
f 273 288 958
f 942 367 1922
f 273 953 362
f 935 960 959
f 940 273 958
f 787 949 496
f 951 945 946
f 958 288 952
f 935 959 939
f 932 943 960
f 496 949 1914
f 942 968 948
f 947 1925 279
f 979 938 963
f 956 944 982
f 943 956 1905
f 952 496 955
f 961 941 782
f 958 955 970
f 958 952 955
f 496 1914 955
f 958 970 954
f 963 948 962
f 951 982 944
f 951 946 983
f 957 362 972
f 941 947 281
f 960 943 1906
f 957 964 274
f 953 954 966
f 943 1905 1906
f 968 978 948
f 956 982 1905
f 362 953 972
f 953 276 972
f 955 1914 967
f 941 281 782
f 982 951 983
f 977 961 1915
f 946 274 964
f 954 970 973
f 963 962 980
f 961 782 1915
f 948 978 975
f 954 973 966
f 963 980 987
f 1925 1923 965
f 957 972 971
f 946 974 983
f 946 964 974
f 955 967 970
f 959 960 229
f 964 957 971
f 963 995 979
f 963 987 995
f 962 948 975
f 970 967 973
f 938 979 986
f 969 1907 985
f 974 964 971
f 960 981 229
f 976 977 1915
f 968 984 978
f 962 975 980
f 982 983 1885
f 973 967 277
f 971 972 996
f 1885 983 1001
f 980 975 987
f 971 1003 974
f 982 1885 988
f 972 276 996
f 985 1907 989
f 983 974 1001
f 993 965 1923
f 976 280 278
f 276 277 994
f 986 979 995
f 995 987 975
f 988 1885 1001
f 989 1907 990
f 971 996 1003
f 986 995 998
f 1000 975 978
f 975 1000 995
f 978 984 1000
f 993 1923 1924
f 996 276 994
f 280 992 278
f 280 993 1009
f 994 277 1012
f 280 1009 992
f 1001 974 1010
f 991 969 552
f 974 1003 1010
f 986 1006 1924
f 995 1000 998
f 377 369 372
f 993 1924 1009
f 986 998 1006
f 998 1000 1004
f 997 1007 1000
f 1003 996 1008
f 997 1002 1007
f 1001 1886 988
f 1024 994 1012
f 996 994 1024
f 1010 1003 1887
f 996 1024 1008
f 992 1009 1014
f 1924 1006 1009
f 1001 1010 1886
f 1006 998 1015
f 1007 1002 386
f 990 1886 1023
f 1004 1000 1013
f 1007 386 1016
f 1006 1015 1021
f 1018 990 1023
f 1009 1006 1916
f 1259 564 1260
f 1007 1011 1013
f 1009 1022 1014
f 998 1004 1013
f 998 1013 1015
f 1007 1016 1011
f 1010 1887 1020
f 1012 1005 1026
f 992 1014 1005
f 1916 1006 1021
f 538 1910 1017
f 1010 1020 1019
f 1022 1032 1014
f 1005 1014 1025
f 1886 1019 1023
f 1003 1029 156
f 1012 1026 1024
f 1015 1013 1027
f 1013 1011 1920
f 1003 1008 1029
f 1008 1024 1029
f 1026 1005 1025
f 1015 1027 1021
f 1013 1920 1027
f 1018 1023 1909
f 1023 1019 1028
f 1019 1020 1028
f 1023 537 1909
f 1011 1016 1919
f 1014 1032 1043
f 1024 1026 1031
f 1011 1919 1920
f 1022 1916 1034
f 1029 1024 1031
f 1031 1026 1036
f 1025 1048 1026
f 1025 1014 1043
f 1029 1031 1038
f 1022 1034 1032
f 1016 386 1919
f 1887 156 476
f 1036 1026 1048
f 1021 1027 1916
f 382 1035 387
f 1035 382 391
f 382 389 391
f 386 1040 1919
f 1032 1034 1049
f 1919 1040 1033
f 1032 1049 1043
f 386 387 1040
f 1029 1038 156
f 1052 1033 1039
f 387 1035 1040
f 1034 1044 1045
f 1920 1052 1027
f 1025 1043 1048
f 391 389 1928
f 389 1042 1928
f 1039 1033 1047
f 1033 1185 1047
f 1036 1055 1031
f 1048 1043 1046
f 1027 1052 1918
f 1042 1030 1054
f 1036 1048 1051
f 1038 1031 1050
f 1044 1037 1057
f 1921 388 108
f 1042 1054 1928
f 1046 1043 1049
f 388 390 108
f 1034 1056 1049
f 158 476 507
f 1031 1055 1050
f 1040 1035 1188
f 1047 1072 1039
f 1051 1048 1046
f 1045 1044 1065
f 1050 1055 1061
f 1049 1056 1059
f 1056 1034 1045
f 507 508 158
f 1036 1051 1055
f 1035 1080 1188
f 1030 108 1054
f 1051 1046 1075
f 1039 1072 1052
f 1056 1045 1065
f 1047 1185 1063
f 108 423 1054
f 1046 1049 1059
f 1047 1063 1073
f 1928 1054 1217
f 1035 1041 1080
f 1044 1057 1065
f 1052 1074 1918
f 422 1069 1041
f 143 514 1058
f 1194 311 316
f 1884 543 549
f 1052 1072 1074
f 1069 422 1070
f 1061 1064 1050
f 1046 1059 1056
f 1047 1073 1072
f 1041 1069 1216
f 1061 1055 1066
f 1055 1051 1066
f 1884 1060 543
f 1813 1528 1675
f 1063 1067 1073
f 1063 1078 1067
f 1063 1185 1078
f 1185 1068 1078
f 578 1918 1074
f 1041 1216 1080
f 1057 1037 1071
f 1061 1077 1064
f 1917 1071 1037
f 1064 1077 495
f 1061 1066 1077
f 1065 1057 1076
f 1060 540 543
f 1057 1071 1076
f 1065 1076 1088
f 1198 1194 114
f 1046 1085 1075
f 1072 1089 1074
f 1046 1079 1085
f 1073 1067 1082
f 1056 1079 1046
f 1065 1088 1091
f 1072 1073 1988
f 1074 1086 578
f 1072 1988 1089
f 1067 1078 1082
f 1056 1065 1091
f 1077 1066 1083
f 1066 1084 1083
f 1079 1056 1091
f 1071 1917 578
f 517 1882 530
f 1075 1085 1084
f 1081 1069 424
f 1069 1070 424
f 1086 1074 1089
f 1988 1073 1082
f 1882 516 530
f 1882 1329 516
f 1088 1076 1071
f 1078 1068 1199
f 1988 1082 1090
f 1084 154 1083
f 1085 1079 1087
f 1216 1081 424
f 1084 1085 154
f 1980 1080 1216
f 494 500 504
f 1087 1079 152
f 1079 1091 1096
f 152 1079 1092
f 1082 1078 1090
f 1085 1087 154
f 1071 578 1098
f 1079 1096 1092
f 1090 1078 1988
f 516 1329 1094
f 1088 1103 1091
f 152 1092 195
f 1078 1199 1988
f 1216 424 1218
f 1088 1071 1103
f 1071 1098 1103
f 1216 1218 1980
f 516 1094 510
f 195 1092 1097
f 1092 1096 1097
f 154 492 1883
f 1096 1091 487
f 1883 492 493
f 1098 1101 1103
f 1096 487 1097
f 1883 493 499
f 1098 1099 1106
f 1099 582 1106
f 492 491 493
f 1101 1098 1106
f 1097 487 153
f 493 491 157
f 491 34 157
f 1103 1101 1108
f 1106 582 587
f 586 585 2062
f 589 591 1105
f 1106 1108 1101
f 2062 589 1340
f 1105 591 1107
f 1106 1109 1108
f 2062 1340 1339
f 1107 591 594
f 194 2066 1979
f 1106 587 1109
f 1339 1340 2060
f 1340 1110 2060
f 2066 2063 1979
f 1109 1111 1108
f 2060 1110 599
f 1108 1111 2063
f 1979 2063 2064
f 1109 588 1111
f 601 1113 603
f 1113 601 611
f 601 603 613
f 1352 598 609
f 1114 2058 2059
f 613 1115 1349
f 474 1116 1324
f 475 474 1320
f 619 475 1360
f 619 1360 1359
f 1119 629 1935
f 1322 1117 1120
f 1935 629 1357
f 1935 1357 1355
f 626 630 1121
f 630 633 1121
f 627 477 478
f 1123 478 1978
f 383 1179 377
f 1757 1126 734
f 1127 749 1128
f 1128 749 751
f 1945 646 735
f 1129 1945 735
f 1129 735 1566
f 737 738 1566
f 732 1947 1133
f 1947 1130 1133
f 732 1133 1131
f 2008 756 773
f 63 44 64
f 2008 1136 756
f 1134 907 915
f 1135 1940 283
f 333 337 1982
f 1797 1142 1891
f 337 338 1268
f 1586 315 1137
f 1797 1143 1142
f 1586 1137 309
f 1140 1138 1139
f 798 1796 1141
f 901 1141 76
f 660 293 1139
f 1142 1892 1145
f 858 1146 349
f 660 1144 293
f 293 1144 1150
f 1145 1148 1147
f 1144 1147 1152
f 1150 1144 1151
f 1144 1152 1151
f 349 1146 1149
f 1150 1151 300
f 1147 1148 308
f 1152 1147 308
f 1151 1152 1153
f 300 1151 1153
f 1153 1152 302
f 302 1152 308
f 297 1157 1156
f 1148 344 1155
f 1155 344 350
f 1156 1157 1158
f 1157 1159 1158
f 1160 1155 350
f 1156 1158 292
f 1160 350 1162
f 1159 348 1158
f 1160 1162 1161
f 1162 103 1161
f 350 352 1162
f 352 354 1162
f 1162 354 873
f 779 286 179
f 5 4 236
f 295 101 294
f 101 96 294
f 1575 1163 285
f 101 356 96
f 233 248 864
f 233 864 863
f 1163 1606 285
f 1163 666 1606
f 284 664 1941
f 664 176 177
f 284 1941 2010
f 664 177 1166
f 1166 177 1165
f 1941 664 1166
f 1165 182 1944
f 663 1168 2032
f 51 54 74
f 1944 1167 1169
f 1944 1943 1167
f 1169 1167 1940
f 54 90 74
f 363 668 2033
f 1168 1171 1373
f 1373 1171 2034
f 942 1922 968
f 1171 181 1172
f 2034 1173 1374
f 968 1922 1174
f 1174 1922 997
f 1922 373 997
f 1174 997 984
f 371 1175 366
f 299 1178 81
f 81 1178 1177
f 289 291 372
f 291 61 372
f 1177 72 1927
f 1177 1178 72
f 296 304 1183
f 1033 1040 1185
f 296 1183 1189
f 61 1180 376
f 1184 1182 316
f 72 1181 1180
f 1183 1186 1189
f 1183 1191 1186
f 376 1180 1181
f 1183 1184 1191
f 1179 1187 379
f 1184 316 311
f 1184 311 1191
f 1040 1188 1185
f 1181 1189 1192
f 1179 383 1187
f 391 1928 1041
f 1189 111 1192
f 1041 1928 422
f 1190 1994 1195
f 316 1193 1194
f 1191 311 1194
f 383 1921 1030
f 1191 1194 1255
f 1190 1195 1193
f 1188 1080 1068
f 1928 421 422
f 1921 108 1030
f 1194 1193 1207
f 1928 1217 421
f 1193 1195 1207
f 1994 819 1950
f 1068 1080 1199
f 1198 457 1258
f 1994 1950 1274
f 1195 1200 1207
f 1200 1196 1208
f 215 143 1058
f 1204 1244 1202
f 1244 1198 1202
f 1200 1208 1207
f 1201 1203 1053
f 1201 433 1203
f 1236 1204 1206
f 1198 1205 1202
f 1196 1274 1208
f 143 215 547
f 433 1204 1239
f 1203 433 1209
f 433 1239 1209
f 109 390 1062
f 644 1330 1210
f 644 1210 645
f 641 642 1211
f 642 1213 1214
f 642 1214 1211
f 1211 1214 637
f 1216 1069 1081
f 421 425 1219
f 1219 425 1220
f 1219 1220 1987
f 1095 1987 204
f 679 488 40
f 425 1222 1220
f 425 1224 1222
f 1221 1223 1225
f 1221 1225 1224
f 1222 1224 1227
f 390 423 108
f 1225 1223 1228
f 1223 429 1228
f 1227 1224 1229
f 1224 1225 1093
f 1224 1093 1229
f 429 1226 1231
f 1228 427 1231
f 677 1929 1230
f 1227 1229 1230
f 1228 1231 676
f 1229 676 1230
f 1229 1228 676
f 1231 428 1232
f 676 1231 1232
f 428 430 1234
f 676 1232 1233
f 430 431 1234
f 1232 428 1234
f 1234 431 1237
f 1234 432 1232
f 431 1236 1237
f 1233 1238 1235
f 432 1234 1237
f 674 675 1240
f 675 1235 1241
f 1233 1232 1243
f 675 1241 1240
f 433 1244 1204
f 1235 1238 1242
f 432 1206 1246
f 1235 1242 1241
f 1238 1233 1242
f 1050 508 507
f 1232 1246 1243
f 432 1246 1232
f 1244 433 1197
f 1242 1245 1241
f 1204 1249 1206
f 1242 1233 1245
f 1233 1243 1245
f 1246 1253 1243
f 1204 1202 1205
f 1204 1205 1249
f 1240 1241 1248
f 1245 1248 1241
f 1248 1245 1252
f 1245 1243 1252
f 1246 1249 1256
f 1248 1252 1250
f 1243 1253 1252
f 476 159 1028
f 1205 1251 1249
f 1248 1250 1247
f 1249 1251 1256
f 1247 455 528
f 1253 1246 1256
f 1250 1252 1254
f 1251 1205 1258
f 455 1250 1254
f 1244 1197 1255
f 1253 1257 451
f 1253 451 1252
f 1244 1255 1198
f 1256 456 1253
f 1252 451 1254
f 1256 452 456
f 1256 1251 452
f 1253 456 1257
f 1255 1194 1198
f 452 1251 893
f 1198 114 457
f 1258 457 1933
f 455 462 528
f 991 564 981
f 981 564 1259
f 981 1443 761
f 564 566 1260
f 566 1261 1260
f 1262 1260 412
f 1260 1261 412
f 417 411 573
f 573 411 413
f 415 413 576
f 412 410 223
f 223 410 1264
f 1265 409 1263
f 1263 409 405
f 404 1266 403
f 224 769 399
f 860 407 1981
f 860 1269 397
f 1981 1269 860
f 1981 1268 1270
f 1269 1981 1270
f 1269 1270 395
f 338 398 1270
f 1269 395 861
f 1194 1207 1271
f 1271 1207 1208
f 1271 1208 1272
f 1208 1993 1272
f 1272 1993 1276
f 1272 1273 466
f 1993 1274 1276
f 1275 466 1277
f 466 1273 1277
f 1272 1276 1273
f 471 466 1275
f 471 1284 1278
f 1950 1281 1274
f 1274 1281 1276
f 471 1275 1284
f 1278 1282 1280
f 1277 450 1279
f 1278 1284 1282
f 1277 1279 1275
f 1276 450 1273
f 1276 1281 450
f 1279 450 1286
f 450 1281 1285
f 1950 1951 1281
f 1280 1282 1288
f 1280 1288 1283
f 1282 449 1288
f 1281 1951 1287
f 1281 1287 1285
f 1275 1279 1284
f 1282 1284 449
f 450 448 1286
f 1285 448 450
f 1285 1287 447
f 1951 1953 1289
f 1951 1289 1287
f 1286 1291 1279
f 449 1284 1292
f 1286 448 1291
f 1284 1279 1292
f 1279 1291 1292
f 1953 1954 1290
f 449 1292 1297
f 1289 1953 1290
f 1954 1956 1290
f 1283 1303 1962
f 1283 1288 1296
f 1283 1296 1303
f 1291 448 1298
f 1956 1293 1290
f 1288 449 1296
f 448 1294 1298
f 1956 444 1293
f 1295 1300 1294
f 1290 1301 1289
f 449 1297 1302
f 1290 1293 1301
f 447 446 1295
f 1295 446 1958
f 1295 1958 1300
f 1294 1299 1298
f 1294 1300 1299
f 1292 896 1297
f 1292 1291 896
f 446 1301 1958
f 1298 1304 1291
f 449 1302 1296
f 1958 836 1300
f 1298 1299 1304
f 1297 896 1302
f 896 1291 445
f 1291 1304 445
f 1303 1296 1310
f 1963 1303 1305
f 1304 1307 445
f 1303 1310 1305
f 1302 896 1306
f 1296 1302 1310
f 1299 1308 1304
f 1299 1309 1308
f 1310 1302 1313
f 445 1307 443
f 1302 1306 1313
f 1304 1308 1307
f 1309 1311 1308
f 1305 1310 1312
f 1310 1313 1312
f 1308 437 1307
f 1311 437 1308
f 1312 1313 440
f 437 1311 1314
f 1312 440 439
f 1312 439 1315
f 1315 439 1959
f 1369 2046 724
f 2046 726 724
f 717 2045 719
f 1321 1360 1320
f 1978 1317 1977
f 1316 717 715
f 1977 1317 721
f 1318 714 1317
f 1316 710 1323
f 1358 1977 2050
f 1320 702 1321
f 2041 1321 711
f 1321 702 711
f 1320 1324 1325
f 711 702 703
f 1320 1325 702
f 1118 1322 2055
f 1324 1116 479
f 1324 479 1325
f 1325 479 694
f 188 1326 684
f 1326 188 1215
f 480 1212 683
f 508 1329 1882
f 513 523 521
f 1100 1333 586
f 1331 1332 1333
f 1331 1334 1336
f 1333 1332 585
f 1331 1336 1332
f 1332 1336 583
f 1334 1335 1337
f 1336 1334 1337
f 1336 1338 583
f 1336 1337 1338
f 1335 1975 1337
f 1975 1974 1337
f 1337 1974 1341
f 1338 1337 1341
f 2057 1339 2060
f 1975 1342 1974
f 1341 590 1338
f 1107 594 593
f 1974 1342 1345
f 1342 1343 1345
f 1341 1974 590
f 1974 1345 1344
f 1974 1344 1348
f 1345 596 1344
f 1345 1343 1352
f 1345 1352 596
f 1352 1343 1972
f 1972 1346 1350
f 596 1352 1351
f 1972 1350 1352
f 1350 598 1352
f 1350 1112 598
f 1117 624 1120
f 1120 1353 1356
f 1120 1356 2047
f 1935 1355 1353
f 1353 1355 1356
f 2049 1358 1354
f 1355 1357 1356
f 2047 1978 1358
f 1356 1978 2047
f 1357 1123 1356
f 1357 478 1123
f 2044 1359 1361
f 1359 1360 2043
f 1356 1123 1978
f 2044 1361 628
f 1361 1359 2043
f 1361 2043 1362
f 2043 1364 1362
f 2043 1363 1364
f 1365 2042 635
f 634 1365 635
f 1366 1122 1367
f 634 635 1369
f 2042 2046 635
f 635 1368 1369
f 635 2046 1368
f 647 648 1370
f 649 652 1418
f 1371 1536 284
f 648 1371 1370
f 1371 284 2010
f 1370 1371 770
f 1654 1658 1657
f 1654 1657 1372
f 1372 1657 1437
f 1533 1555 2004
f 2036 1373 2034
f 670 669 2035
f 1375 1328 1377
f 40 681 680
f 1375 1377 1330
f 1328 679 1381
f 1331 1100 1378
f 679 680 1936
f 1377 1328 1379
f 1328 1381 1379
f 1331 1378 1385
f 1330 1377 1379
f 1976 1331 1384
f 1330 1379 1210
f 1384 1331 1385
f 1378 2061 1104
f 1976 1384 1380
f 680 1394 1936
f 1380 1384 1387
f 1379 682 1210
f 1385 1378 1104
f 1380 1387 1388
f 1379 191 1386
f 1382 190 189
f 682 1379 1386
f 1383 1380 1388
f 1387 1384 1388
f 1384 1385 1390
f 1936 1394 1398
f 190 188 189
f 1385 1104 1390
f 1384 1390 1388
f 1104 1391 1390
f 1104 1339 1391
f 1383 1388 1399
f 1388 1395 1392
f 1388 1392 1399
f 1389 1403 1396
f 1399 1392 688
f 1392 1395 1401
f 2037 481 1394
f 2037 684 481
f 1395 1393 689
f 1973 1396 1403
f 1395 689 1401
f 2065 1402 684
f 1403 1389 1405
f 1397 1400 687
f 1398 1394 481
f 1389 1399 1405
f 1397 687 1393
f 1392 1401 688
f 684 1402 481
f 2065 1403 1402
f 1402 1403 1404
f 1401 1406 688
f 688 1410 1399
f 1393 687 2052
f 1405 1399 1410
f 1403 1405 1404
f 1402 1404 693
f 687 1400 2052
f 1406 689 2052
f 688 2038 1407
f 1402 691 481
f 1402 693 691
f 1405 1410 690
f 688 692 1410
f 688 696 692
f 2038 698 696
f 1410 692 1411
f 1410 1411 699
f 1408 2055 1409
f 696 706 692
f 692 706 2039
f 1411 2039 1412
f 707 1322 2051
f 1321 2040 1414
f 706 2049 2039
f 706 2051 2049
f 2039 2049 1412
f 1414 2040 1413
f 1412 2049 2048
f 2048 718 1412
f 1414 1413 720
f 2048 2050 718
f 1414 720 726
f 2042 1414 726
f 726 720 724
f 740 2017 1415
f 2017 1133 1416
f 1415 2017 770
f 1416 1133 1418
f 2017 1416 770
f 770 1416 653
f 1417 1415 770
f 652 1416 1418
f 1416 652 653
f 1417 770 2009
f 747 1426 1425
f 1420 747 1425
f 1420 1421 1424
f 1424 1431 750
f 750 1431 1423
f 1420 1425 1421
f 1419 1941 1428
f 1124 757 727
f 1422 1423 1429
f 1425 1426 1434
f 1423 1431 1433
f 1425 1430 1421
f 757 1555 727
f 1422 1429 1427
f 1424 1421 1431
f 1429 1423 1433
f 1427 1432 757
f 757 2004 1555
f 1430 1431 1421
f 1425 1437 1430
f 1425 1434 1437
f 2004 757 1432
f 1427 1429 1939
f 1429 1433 1939
f 1431 1430 1433
f 752 755 1426
f 1427 1939 1432
f 1433 1430 1659
f 1434 1426 1436
f 1426 755 1436
f 2004 1432 1937
f 1430 1657 1659
f 1434 1436 1435
f 1434 1435 1437
f 1435 1436 2007
f 755 1438 1436
f 1436 1438 2007
f 755 2008 1438
f 2005 1438 2008
f 1438 2005 2007
f 939 1441 1439
f 939 229 1441
f 1439 1441 1440
f 1902 919 1818
f 925 1439 921
f 921 1439 928
f 1440 1441 1888
f 919 921 1818
f 1441 229 1444
f 229 761 1444
f 1888 1441 1442
f 762 1442 928
f 1441 1444 950
f 1442 1441 950
f 1260 228 1443
f 1444 231 950
f 766 765 227
f 758 225 768
f 1446 1745 1765
f 1447 1446 1765
f 1689 1447 1769
f 1447 1765 1479
f 1769 1447 1479
f 1479 1765 1448
f 1788 1781 1475
f 1479 1768 1769
f 1889 1689 1693
f 1574 1767 1599
f 1449 4740 1828
f 1761 1455 1450
f 1450 1503 1495
f 1450 1455 1503
f 1597 1690 1451
f 1455 1597 1451
f 1451 1690 1454
f 1452 1766 1456
f 1497 1504 1453
f 1497 1452 1504
f 1504 1452 1459
f 1469 1461 1457
f 1455 1461 1469
f 1452 1456 1459
f 1458 1502 1504
f 1451 1454 1557
f 1456 1692 1462
f 1455 1451 1461
f 1598 1692 1457
f 1456 1462 1460
f 1504 1459 1698
f 1456 1460 1459
f 1704 1458 1504
f 1462 1692 1598
f 1451 1470 1461
f 1504 1698 1704
f 1463 1462 1507
f 1460 1462 1463
f 1598 1695 1462
f 1507 1462 1695
f 1506 1775 1464
f 1463 1699 1460
f 1463 1696 1699
f 1703 1600 1464
f 1707 1464 1706
f 1460 1699 1701
f 1464 1707 1466
f 1464 1600 1706
f 1464 1466 1563
f 1600 1465 1706
f 1706 1466 1707
f 1713 1464 1563
f 1466 1706 1465
f 1466 1465 1563
f 1523 1467 86
f 1467 1523 1608
f 1539 1540 1538
f 1540 1539 168
f 1484 1760 1486
f 1557 1691 1451
f 1470 1451 1691
f 1896 4728 4718
f 1471 1472 1611
f 1471 1763 1472
f 1473 1611 1472
f 1763 1474 1759
f 1763 1759 1472
f 1473 1472 1762
f 1476 1762 1472
f 1472 1759 1476
f 1474 4762 1478
f 1473 1762 1480
f 1762 1477 1480
f 1478 4762 1482
f 4762 4815 1482
f 1476 1759 1477
f 1689 1769 1693
f 1480 1477 1486
f 1477 1759 1486
f 1479 1448 1483
f 1768 1479 1481
f 1759 1484 1486
f 1478 1482 1484
f 1479 1483 1481
f 1769 1485 1693
f 1889 1693 1771
f 1768 1481 1485
f 1482 1489 1484
f 1482 4815 1449
f 1488 1483 1487
f 1482 1449 1489
f 1485 1481 1574
f 1693 1485 1574
f 1487 1450 1488
f 1760 1761 1487
f 1491 1488 1495
f 1484 1489 1498
f 1574 1481 1492
f 1484 1498 1596
f 1489 1449 1493
f 1487 1761 1450
f 1489 1493 1498
f 1583 1773 1494
f 1773 1490 1494
f 1583 1494 1458
f 1491 1495 1496
f 1450 1495 1488
f 1493 1449 1828
f 1494 1490 1497
f 1599 1767 1766
f 1490 1452 1497
f 1490 1599 1452
f 1599 1766 1452
f 1492 1491 1764
f 1458 1494 1502
f 1493 1828 1498
f 1770 1494 1497
f 1491 1496 1468
f 1494 1770 1502
f 1761 1597 1455
f 1500 1495 1503
f 1491 1468 1764
f 1499 1498 1501
f 1498 1828 1501
f 1828 1855 1501
f 1500 1503 1496
f 1502 1770 1453
f 1496 1503 1468
f 1502 1453 1504
f 1503 1455 1469
f 1503 1469 1468
f 333 1520 1595
f 1588 1458 1705
f 1590 1601 1591
f 1557 1470 1691
f 1454 1834 1557
f 1505 1785 1784
f 1590 1591 1784
f 1461 1470 1694
f 1784 1591 1592
f 1834 1470 1557
f 1694 1470 1558
f 1784 1592 1505
f 1510 1508 1793
f 1797 1508 1509
f 1506 1464 1593
f 1793 1605 1510
f 1507 1695 1699
f 1699 1695 1559
f 1511 1835 1836
f 1464 1713 1593
f 1511 1836 1513
f 1697 1511 1561
f 1712 1604 1605
f 1561 1511 1513
f 1514 1697 1561
f 1510 1605 1517
f 1605 1604 1520
f 1600 1516 1465
f 1512 1514 1516
f 1561 1515 1514
f 1605 1520 1517
f 1465 1518 1563
f 1465 1516 1518
f 1516 1514 1515
f 1517 1520 1519
f 1516 1515 1564
f 1518 1516 1564
f 1718 1521 1522
f 1520 1718 1522
f 1521 1518 1522
f 1518 1565 1522
f 1518 1564 1565
f 1565 1623 1522
f 1522 1623 1595
f 1523 1610 1608
f 1612 1613 4734
f 4734 1471 1612
f 1569 1616 1570
f 1616 1615 1572
f 1615 1573 1572
f 1526 1525 1527
f 1526 1527 1529
f 1553 1528 1531
f 1528 1813 2001
f 1801 1805 1529
f 1642 1529 1805
f 1531 1528 2001
f 1531 2001 1530
f 1805 1531 1809
f 1531 1530 1809
f 2002 1532 1533
f 2002 1533 1686
f 1532 1555 1533
f 1656 1686 1937
f 1644 1652 1639
f 1643 1639 1652
f 1644 1650 1652
f 1652 1653 1643
f 1643 1534 1538
f 1643 1653 1534
f 1537 1643 1538
f 1534 1539 1538
f 1575 1687 1163
f 1617 1858 1859
f 1617 1859 1799
f 1709 1799 1541
f 1860 1544 1799
f 1541 1799 1546
f 1545 1542 1541
f 1722 1546 1799
f 1799 1544 1722
f 1717 1721 1549
f 1722 1547 1723
f 1722 1548 1547
f 1550 1549 1721
f 1723 1724 1721
f 1550 1721 1724
f 1548 1841 1681
f 1547 1548 1552
f 217 1549 218
f 1724 1551 1550
f 1550 854 218
f 1724 1552 1551
f 1743 1812 1525
f 1554 1555 1532
f 1554 727 1555
f 1496 1495 1500
f 1574 1599 1693
f 1470 1834 1558
f 1834 1835 1558
f 1558 1835 1511
f 1895 1600 1703
f 1695 1697 1559
f 1507 1699 1594
f 1513 1836 1560
f 1512 1697 1514
f 1513 1560 1561
f 1561 1560 1702
f 1561 1702 1562
f 1515 1561 1562
f 1515 1562 1564
f 1564 1562 1619
f 1564 1619 1565
f 1619 1716 1565
f 1620 1622 1565
f 1565 1622 1623
f 1595 1623 258
f 1751 1633 1752
f 1638 1568 1567
f 1757 1567 1568
f 4737 1569 1570
f 4737 1570 1571
f 1616 1572 1570
f 1571 1570 1727
f 1570 1572 1727
f 1728 1571 1727
f 1572 1573 1731
f 1731 1573 1524
f 1783 1778 1779
f 1483 1488 1481
f 1492 1481 1491
f 1687 1711 1708
f 1687 1688 1711
f 1796 798 1798
f 1467 1608 1795
f 1795 1608 1576
f 1788 1475 1790
f 1795 1577 1796
f 1577 1795 1576
f 1790 1475 1581
f 1491 1481 1488
f 1578 1577 1580
f 1582 1577 1576
f 1576 1581 1791
f 1580 1577 1582
f 1791 1582 1576
f 309 1580 1586
f 1580 1582 1794
f 1579 1584 1581
f 1579 1780 1584
f 1580 1794 1586
f 1584 1602 1789
f 1585 1789 1587
f 1587 1789 1602
f 1586 1794 315
f 1589 1585 1505
f 1794 1508 315
f 1585 1785 1505
f 1585 1587 1785
f 1587 1602 1590
f 1602 1780 1601
f 1602 1601 1590
f 315 1508 1797
f 1458 1704 1705
f 1591 1775 1506
f 1505 1592 1715
f 1592 1591 1593
f 1592 1593 1715
f 1696 1594 1699
f 1595 1520 1522
f 1498 1499 1596
f 1596 1499 1761
f 1486 1487 1480
f 1480 1487 1483
f 1461 1694 1598
f 1692 1456 1766
f 1693 1599 1490
f 1895 1700 1600
f 1602 1584 1780
f 1590 1784 1785
f 1604 1712 1603
f 1603 1718 1604
f 1719 1712 1605
f 1718 1520 1604
f 1793 1719 1605
f 1508 1510 1509
f 1510 1517 1509
f 1576 1790 1581
f 1573 1607 1524
f 1790 1608 1786
f 1786 1610 1607
f 1607 1730 1524
f 1786 1608 1610
f 1731 1524 1609
f 1524 1733 1609
f 1524 1730 1733
f 1733 1730 1736
f 1738 1138 1577
f 1736 360 1733
f 1745 1446 1612
f 1446 1614 1612
f 1446 1753 1614
f 1613 1612 4723
f 4723 1612 1614
f 1753 1772 1776
f 1614 1753 1616
f 4723 1614 1569
f 1753 1776 1615
f 1616 1753 1615
f 1569 1614 1616
f 1776 1758 1615
f 1758 1786 1615
f 1619 1618 1709
f 1716 1619 1709
f 1709 1621 1716
f 1716 1621 1620
f 1621 1709 1543
f 1621 1543 1717
f 1620 1621 1622
f 1717 1680 1621
f 1622 1621 1680
f 1622 1680 1625
f 1622 1625 1623
f 1680 1549 217
f 1624 1623 1625
f 1625 1680 1726
f 1724 1547 1552
f 1549 1550 218
f 854 1550 219
f 1681 1725 852
f 2027 1684 1628
f 1684 2029 1628
f 2027 1628 1627
f 2012 2027 1626
f 1626 2027 1627
f 1628 2029 1629
f 1800 2012 1626
f 1800 1626 1635
f 1627 1628 1632
f 1635 1626 1632
f 1628 1629 1632
f 1627 1632 1626
f 1631 1751 1630
f 1629 2024 1632
f 1631 1630 1634
f 1751 1631 1633
f 1630 2011 1636
f 1633 1631 1638
f 2024 1637 1632
f 1638 1639 1568
f 1630 1636 1634
f 2025 1526 1529
f 1638 1631 1640
f 1635 1632 1685
f 1639 1638 1640
f 1631 1634 1645
f 1631 1645 1640
f 1685 1632 1637
f 2011 1635 1685
f 1529 1642 2025
f 1639 1640 1644
f 1636 1645 1634
f 1636 2011 1803
f 2011 1685 1803
f 1568 1639 1535
f 2021 2025 1804
f 1641 1568 1535
f 1636 1803 1648
f 1535 1639 1643
f 1640 1646 1644
f 1645 1636 1648
f 1640 1645 1646
f 1642 1805 1647
f 1645 1802 1646
f 2025 1642 1647
f 1804 2025 1647
f 1802 1645 1648
f 1646 1650 1644
f 1803 1685 1804
f 1650 1646 1802
f 1649 1651 1802
f 1648 1806 1649
f 1804 1647 1806
f 1648 1804 1806
f 1650 1802 1651
f 1805 1809 1810
f 1649 1806 1651
f 1651 1806 1655
f 1807 1810 2003
f 1652 1650 1654
f 1650 1651 1658
f 1807 2003 1655
f 1655 2003 1808
f 1653 1652 1660
f 1650 1658 1654
f 1652 1654 1660
f 1808 2003 1659
f 1808 1659 1658
f 1660 1654 1372
f 1653 1660 1534
f 2003 1811 1659
f 1938 1656 1937
f 1163 1708 666
f 1739 2020 2029
f 1739 2026 2028
f 1741 1800 1662
f 2020 1739 2028
f 1741 1662 1740
f 1740 1742 2019
f 1662 1744 1663
f 1744 1747 1668
f 1742 2023 2019
f 1747 2013 1668
f 1664 1668 1665
f 1667 1567 1125
f 1664 1665 1748
f 1748 1669 2022
f 1670 1752 742
f 1752 1667 742
f 2018 2031 1743
f 1665 1669 1748
f 1668 2013 1666
f 2013 1670 1671
f 1667 1125 742
f 1665 1668 1666
f 1665 1666 1755
f 2013 1671 1666
f 1749 2031 2018
f 1812 1743 2031
f 1670 742 744
f 1670 744 1671
f 1669 1755 1750
f 1749 1750 2031
f 1750 1755 2014
f 1755 1674 1672
f 1671 744 1674
f 1676 1754 1756
f 1754 1672 1756
f 1984 1673 1678
f 1672 1677 1756
f 1672 1674 1677
f 1984 1678 1675
f 1813 1675 1678
f 1676 1756 2016
f 2016 1756 1677
f 1677 1674 749
f 1676 2016 1678
f 1813 1678 1683
f 1678 2016 754
f 2016 1679 754
f 1678 1814 1683
f 1859 1860 1799
f 1709 1541 1542
f 1541 1723 1545
f 1722 1544 1548
f 1717 1549 1680
f 1550 1551 219
f 1548 1681 1552
f 759 1844 1843
f 1525 1812 1527
f 2023 2018 2025
f 1526 2025 2018
f 1660 772 1534
f 1534 775 1539
f 1575 654 1687
f 654 786 1687
f 1687 786 1688
f 786 1556 1688
f 1486 1760 1487
f 1694 1558 1695
f 1761 1499 1597
f 1499 1501 1597
f 1597 1501 1690
f 1855 1690 1501
f 1855 1856 1690
f 1690 1856 1454
f 1469 1457 1468
f 1468 1457 1692
f 1764 1468 1766
f 1468 1692 1766
f 1694 1695 1598
f 1558 1511 1695
f 1695 1511 1697
f 1507 1696 1463
f 1696 1507 1594
f 1459 1895 1698
f 1699 1559 1512
f 1559 1697 1512
f 1698 1895 1703
f 1560 1617 1618
f 1699 1512 1701
f 1702 1560 1618
f 1701 1512 1700
f 1698 1703 1704
f 1704 1703 1775
f 1600 1700 1516
f 1700 1512 1516
f 1703 1464 1775
f 1704 1601 1705
f 1704 1775 1601
f 1562 1702 1618
f 1619 1562 1618
f 1169 1166 1165
f 1169 1165 1944
f 1661 1711 1710
f 1688 1710 1711
f 1688 1556 1720
f 1713 1563 1714
f 1709 1542 1543
f 1563 1518 1521
f 1593 1712 1715
f 1661 1708 1711
f 851 1606 666
f 1543 1542 1717
f 1719 1715 1712
f 1717 1542 1545
f 1603 1521 1718
f 1720 1710 1688
f 1710 1720 1661
f 1505 1715 1719
f 1565 1716 1620
f 230 1546 1722
f 1505 1719 1793
f 230 1722 1723
f 1723 1547 1724
f 1841 1725 1681
f 1519 1520 333
f 1680 217 1726
f 1682 1571 1728
f 1572 1731 1727
f 1728 1727 1732
f 1727 1731 1732
f 1682 1728 1734
f 1607 1610 1730
f 1682 1734 1729
f 1732 899 1728
f 1732 1731 898
f 1728 905 1734
f 1728 899 905
f 1731 1609 898
f 1730 1610 1736
f 899 1732 898
f 1609 1733 1735
f 1610 1523 1736
f 898 1609 1735
f 898 1735 897
f 1733 360 1735
f 1729 1734 1904
f 1736 1523 1737
f 1736 1737 360
f 2026 1741 1740
f 1741 2026 1800
f 1740 1662 1742
f 1800 1744 1662
f 1611 1745 1471
f 1662 1663 1742
f 1611 1473 1745
f 1480 1448 1473
f 1742 1746 2023
f 1742 1663 1746
f 2022 2023 1748
f 1663 1744 1668
f 2018 1750 1749
f 1750 2018 1669
f 1528 1553 1675
f 1447 1753 1446
f 1669 1665 1755
f 1675 1553 1984
f 1751 1752 2013
f 1753 1447 1689
f 1984 2014 1673
f 2014 1755 2015
f 1753 1689 1772
f 2014 1754 1673
f 2014 2015 1754
f 2013 1752 1670
f 1673 1754 1676
f 1755 1666 1674
f 1633 1667 1752
f 1673 1676 1678
f 1567 1633 1638
f 1633 1567 1667
f 1666 1671 1674
f 282 735 1946
f 1776 1781 1758
f 1532 754 1554
f 1677 748 2016
f 1478 1759 1474
f 1484 1596 1760
f 1478 1484 1759
f 1596 1761 1760
f 4718 1474 1763
f 1461 1598 1457
f 1762 1476 1477
f 4732 1763 1471
f 1473 1765 1745
f 1471 1745 1612
f 1764 1766 1492
f 1574 1492 1767
f 1768 1485 1769
f 1497 1453 1770
f 1693 1490 1771
f 1689 1889 1772
f 1773 1774 1778
f 1773 1583 1774
f 1773 1778 1772
f 1781 1772 1778
f 1775 1591 1601
f 1458 1588 1777
f 1778 1774 1777
f 1776 1772 1781
f 1777 1601 1780
f 1778 1783 1781
f 1777 1780 1778
f 1778 1780 1779
f 1506 1593 1591
f 1781 1783 1475
f 1779 1780 1579
f 1782 1779 1579
f 1783 1779 1782
f 1783 1782 1475
f 1475 1782 1579
f 1590 1785 1587
f 1615 1786 1573
f 1579 1581 1475
f 1573 1786 1607
f 1584 1789 1581
f 1786 1758 1790
f 1791 1787 1582
f 1787 1792 1582
f 1790 1576 1608
f 1793 1508 1794
f 1792 1794 1582
f 1795 1796 1798
f 1577 1138 1796
f 1795 1798 1467
f 1467 1798 86
f 1738 1577 1578
f 1687 1708 1163
f 1723 1721 1545
f 1717 1545 1721
f 1799 1618 1617
f 1799 1709 1618
f 1630 1747 2011
f 1800 1635 2011
f 1527 1801 1529
f 1802 1648 1649
f 1803 1804 1648
f 1806 1647 1807
f 1651 1808 1658
f 1806 1807 1655
f 1948 1810 1807
f 1809 1530 1686
f 1530 1815 1686
f 1657 1658 1659
f 1810 1809 1656
f 1809 1686 1656
f 1811 2003 1938
f 1938 1939 1811
f 1684 1739 2029
f 1740 2019 2028
f 2031 1750 2030
f 2030 1750 2014
f 1813 1683 2001
f 1677 749 748
f 754 1814 1678
f 1683 1814 1815
f 230 1723 1541
f 230 1541 1546
f 1827 767 394
f 1822 1898 1824
f 759 1848 1846
f 760 1818 1866
f 1818 921 1817
f 921 1816 1817
f 1819 1817 1822
f 1817 1816 1822
f 1819 1822 1820
f 1824 765 767
f 765 1824 1901
f 1866 1817 1819
f 1817 1866 1818
f 937 1898 1897
f 928 937 1897
f 1898 937 1901
f 950 231 937
f 221 1551 1552
f 1816 921 1897
f 1820 1822 1821
f 1822 1824 1823
f 1822 1823 1869
f 1825 1827 1826
f 4832 1831 1849
f 1828 4740 1855
f 1454 1856 1833
f 1833 1834 1454
f 1835 4774 1836
f 4774 4800 1836
f 1862 1544 1860
f 1544 1862 1841
f 1841 1548 1544
f 1852 1864 1868
f 1852 1868 1851
f 4841 1844 1847
f 1847 1844 1845
f 1847 1831 4832
f 1849 1831 1850
f 1835 1834 4774
f 4800 1837 1836
f 1836 1837 1560
f 1560 1838 1617
f 4851 4847 1838
f 1838 1858 1617
f 1838 4847 1858
f 1829 1857 1877
f 1857 1829 1859
f 1859 1829 1860
f 1860 1829 1862
f 1829 1854 1862
f 1829 1877 1854
f 1840 4834 1863
f 1862 1839 1842
f 1839 1830 1853
f 1873 1840 1853
f 4834 4845 1863
f 1840 1863 1853
f 1862 1842 1841
f 1839 1871 1842
f 1842 1872 1841
f 759 1846 1844
f 1844 1846 1845
f 1847 1845 1848
f 1847 1848 1866
f 1847 1866 1819
f 1831 1820 1850
f 1850 1820 1851
f 1850 1851 1868
f 1869 1825 1826
f 4843 1900 1863
f 1821 1870 1851
f 1851 1870 1852
f 4843 1863 4845
f 1852 1870 1842
f 1852 1842 1871
f 1863 1871 1853
f 1871 1839 1853
f 4779 1840 1874
f 1875 1899 1876
f 1830 1839 1854
f 1854 1839 1862
f 1830 1854 1876
f 1854 1877 1876
f 1874 1857 4778
f 1855 4772 1856
f 1837 4851 1838
f 1837 1838 1560
f 4847 4778 1857
f 1858 4847 1857
f 1858 1857 1859
f 1875 1861 1899
f 1873 1830 1899
f 1852 1863 1864
f 1841 1872 1725
f 1865 1729 1843
f 1831 1847 1819
f 1845 1846 1848
f 1725 1827 394
f 4788 1849 1832
f 1831 1819 1820
f 1820 1821 1851
f 1832 1849 1900
f 1867 1832 1900
f 4843 1867 1900
f 1900 1864 1863
f 1900 1868 1864
f 1869 1826 1870
f 1863 1852 1871
f 1870 1826 1872
f 1826 1827 1872
f 1870 1872 1842
f 1840 1873 1861
f 1873 1899 1861
f 1840 1875 1874
f 1899 1830 1876
f 1876 1877 1874
f 1874 1877 1857
f 115 117 577
f 575 117 572
f 572 1879 575
f 879 1879 1878
f 1879 572 1878
f 1880 562 132
f 132 562 563
f 1880 137 562
f 1264 410 1445
f 574 567 119
f 519 532 534
f 161 536 532
f 532 519 161
f 1881 485 195
f 1881 195 484
f 1050 507 1038
f 494 495 500
f 537 1884 539
f 1884 549 539
f 1060 536 540
f 1003 156 1887
f 1887 476 1020
f 476 1028 1020
f 1028 159 1023
f 1010 1019 1886
f 1766 1767 1492
f 1705 1777 1588
f 1777 1705 1601
f 1505 1794 1589
f 1794 1505 1793
f 1794 1792 1585
f 1794 1585 1589
f 1787 1581 1789
f 1787 1791 1581
f 1585 1787 1789
f 1792 1787 1585
f 1889 1771 1772
f 1772 1771 1773
f 1771 1490 1773
f 1583 1458 1777
f 1777 1774 1583
f 1758 1781 1788
f 1758 1788 1790
f 855 858 107
f 1144 307 1890
f 1147 1891 1145
f 1142 1145 1891
f 1142 1143 1892
f 1891 1147 1890
f 660 307 1144
f 107 858 1892
f 660 1578 307
f 1890 1147 1144
f 1143 107 1892
f 348 1161 1158
f 1160 1161 1155
f 1161 348 1155
f 1141 1796 1140
f 1796 1138 1140
f 1138 1738 1139
f 1738 660 1139
f 297 1156 1894
f 1156 85 1894
f 357 96 356
f 1700 1895 1460
f 1895 1459 1460
f 1701 1700 1460
f 1714 1603 1713
f 1714 1521 1603
f 1603 1593 1713
f 1714 1563 1521
f 1593 1603 1712
f 1483 1448 1480
f 4718 1763 1896
f 1763 4732 1896
f 1765 1473 1448
f 1897 1898 1816
f 1822 1816 1898
f 1870 1821 1869
f 1869 1821 1822
f 1867 4745 1832
f 1875 1876 1874
f 1873 1853 1830
f 1872 1827 1725
f 1900 1849 1850
f 1861 1875 1840
f 1900 1850 1868
f 1901 1824 1898
f 1825 1869 1823
f 1823 1824 767
f 767 1827 1825
f 767 1825 1823
f 916 919 1902
f 919 932 925
f 932 935 925
f 1904 916 1902
f 900 898 897
f 1843 1729 1903
f 1729 1904 1903
f 1907 982 988
f 1907 969 1905
f 990 988 1886
f 1905 969 1906
f 1907 988 990
f 1905 982 1907
f 969 989 538
f 969 985 989
f 552 969 538
f 1443 1259 1260
f 564 1908 566
f 1017 549 1908
f 1017 1910 1909
f 1909 544 1017
f 1017 544 549
f 1909 1910 1018
f 552 538 1017
f 254 803 881
f 1916 1022 1009
f 655 779 179
f 243 1911 1912
f 781 243 1912
f 781 790 243
f 788 243 790
f 792 793 65
f 788 790 792
f 1911 778 1132
f 1132 778 286
f 286 779 1132
f 792 791 793
f 792 790 791
f 869 299 799
f 1913 881 803
f 2035 659 670
f 670 659 167
f 864 1164 863
f 235 5 236
f 976 278 967
f 1914 977 967
f 1914 949 941
f 1914 941 977
f 1918 578 1917
f 1037 1027 1918
f 1916 1027 1044
f 1034 1916 1044
f 1027 1037 1044
f 1917 1037 1918
f 1000 984 997
f 1013 1000 1007
f 1033 1052 1920
f 1920 1919 1033
f 379 377 1179
f 1175 665 366
f 938 1923 1925
f 938 986 1923
f 986 1924 1923
f 730 907 773
f 1926 938 1925
f 1125 1567 1757
f 72 1180 1927
f 1217 425 421
f 1058 514 18
f 497 674 146
f 209 674 497
f 17 502 150
f 502 501 150
f 501 27 150
f 427 429 1231
f 1186 1255 111
f 1191 1255 1186
f 1249 1246 1206
f 1930 1222 1227
f 1930 204 1222
f 1929 677 1227
f 204 1987 1220
f 204 1220 1222
f 677 1930 1227
f 1230 1929 1227
f 197 40 488
f 1931 197 894
f 1931 40 197
f 894 27 1931
f 1931 27 32
f 40 680 679
f 33 895 503
f 1933 457 1932
f 453 458 461
f 453 451 458
f 1236 1239 1204
f 853 857 668
f 1651 1655 1808
f 917 922 273
f 196 678 200
f 913 1934 271
f 1113 611 603
f 1119 1935 1353
f 634 1369 1367
f 193 679 1936
f 193 1936 482
f 1939 1937 1432
f 1938 1937 1939
f 1657 1430 1437
f 1437 1435 1372
f 1939 1433 1659
f 1659 1811 1939
f 1166 1169 1940
f 1941 1166 1940
f 1940 1428 1941
f 2009 1941 1419
f 2010 1941 2009
f 1940 1167 283
f 363 1167 668
f 363 1942 1167
f 1942 283 1167
f 1943 668 1167
f 363 729 1942
f 729 363 365
f 924 1942 729
f 1943 1944 1606
f 1943 1606 851
f 2009 770 2010
f 1371 2010 770
f 646 1945 1641
f 735 646 1946
f 282 1946 732
f 282 732 733
f 1805 1948 1647
f 1805 1810 1948
f 1948 1807 1647
f 398 1949 861
f 1949 398 338
f 1268 338 1270
f 859 1269 861
f 1994 328 819
f 1953 1951 1952
f 1956 828 261
f 1950 819 1952
f 1950 1952 1951
f 1952 819 825
f 1952 825 1953
f 1953 825 1954
f 1954 825 1955
f 828 1954 1955
f 1956 1954 828
f 444 1956 261
f 435 269 267
f 848 269 872
f 872 269 435
f 1999 1998 831
f 1300 1999 831
f 1299 1300 1309
f 1309 1300 1957
f 831 839 1957
f 1957 1300 831
f 1309 1957 1311
f 1311 1957 846
f 1314 1311 436
f 1311 846 436
f 846 849 436
f 1999 1300 836
f 813 1967 1960
f 1960 1967 472
f 1961 1960 472
f 1961 472 470
f 1961 470 1283
f 1961 1283 1962
f 1961 1962 824
f 1963 1962 1303
f 833 1962 1963
f 1964 1305 1312
f 1964 1963 1305
f 1964 1315 1965
f 1315 1964 1312
f 1959 1965 1315
f 1966 816 814
f 880 810 875
f 469 472 1967
f 1969 1997 464
f 1969 464 1970
f 1969 1970 818
f 818 1970 1968
f 1970 1971 1968
f 1333 1100 1331
f 1346 1973 2065
f 1346 1972 1973
f 1403 2065 1973
f 1972 1343 1973
f 1396 1973 1343
f 1396 1343 1342
f 1396 1342 1975
f 1389 1396 1975
f 1383 1389 1975
f 1334 1383 1975
f 1334 1975 1335
f 1383 1334 1380
f 1380 1334 1976
f 1976 1334 1331
f 1378 1100 2061
f 478 1318 1317
f 1358 2050 1354
f 1978 1977 1358
f 478 1317 1978
f 2058 1114 1397
f 1114 1400 1397
f 1393 1395 1391
f 1393 1391 1397
f 1349 2059 2056
f 2059 1349 2054
f 1989 639 1990
f 1989 1990 1986
f 1991 1986 203
f 1989 1986 643
f 1991 203 1375
f 1986 1991 643
f 1982 337 1268
f 1981 1982 1268
f 1982 1267 1983
f 2012 1800 2026
f 1985 333 1982
f 1981 407 1267
f 1982 1981 1267
f 1980 1218 1095
f 1987 1095 1218
f 1980 1095 199
f 1986 199 203
f 1990 1980 1986
f 199 1986 1980
f 1199 639 1988
f 1990 1199 1980
f 639 1199 1990
f 1199 1080 1980
f 1330 1991 1375
f 1212 480 645
f 682 683 1212
f 1210 682 1212
f 163 1213 642
f 483 1992 1213
f 1993 1208 1274
f 1196 1994 1274
f 1195 1994 1200
f 1994 1196 1200
f 318 1996 317
f 1183 304 1995
f 1184 1995 312
f 1996 1184 312
f 1995 1184 1183
f 460 462 1997
f 462 464 1997
f 814 113 891
f 812 1966 814
f 810 1966 876
f 810 874 875
f 813 876 812
f 812 876 1966
f 843 1306 2000
f 2000 1306 896
f 441 1306 843
f 1530 1683 1815
f 1683 1530 2001
f 436 849 434
f 434 848 872
f 849 848 434
f 2002 754 1532
f 754 2002 1814
f 1686 1815 2002
f 2002 1815 1814
f 1938 2003 1810
f 1656 1938 1810
f 2006 771 777
f 2008 773 2005
f 2007 2005 777
f 771 2007 777
f 776 777 779
f 1536 1535 284
f 1630 2013 1747
f 1744 2011 1747
f 1800 2011 1744
f 2013 1630 1751
f 1131 740 738
f 2015 1672 1754
f 2015 1755 1672
f 650 1418 1130
f 1947 650 1130
f 1130 1418 1133
f 1526 1743 1525
f 1804 1685 1637
f 1746 1663 1668
f 1746 1748 2023
f 2018 2022 1669
f 2019 2020 2028
f 2024 2020 2019
f 2021 1804 1637
f 1746 1664 1748
f 2018 2023 2022
f 2018 1743 1526
f 2024 1629 2020
f 1637 2024 2021
f 2023 2024 2019
f 2024 2025 2021
f 2024 2023 2025
f 1668 1664 1746
f 1739 1684 2027
f 2012 2026 2027
f 2027 2026 1739
f 2026 1740 2028
f 2020 1629 2029
f 2030 2014 1984
f 1553 2030 1984
f 1801 2030 1553
f 1531 1801 1553
f 1531 1805 1801
f 2031 2030 1801
f 1801 1527 2031
f 1527 1812 2031
f 1374 2035 2034
f 2033 1170 2036
f 1373 1170 2032
f 1168 1373 2032
f 2036 1170 1373
f 2034 1171 1173
f 1171 1172 1173
f 2038 696 1407
f 1406 2052 1408
f 2038 1406 1408
f 688 1407 696
f 1411 692 2039
f 2040 1321 2041
f 2042 1365 1414
f 711 2040 2041
f 1360 1321 2043
f 2043 1321 1414
f 1414 1365 1363
f 726 2046 2042
f 2043 1414 1363
f 2045 1366 725
f 1369 725 1367
f 725 1366 1367
f 2045 633 1366
f 2046 1369 1368
f 1117 1322 1118
f 1119 1353 1120
f 1358 2049 2047
f 1354 2048 2049
f 2047 2051 1120
f 2049 2051 2047
f 2048 1354 2050
f 2051 1322 1120
f 2052 1400 2059
f 1114 2059 1400
f 2053 1349 1117
f 2059 2054 2052
f 1349 2053 2054
f 2054 2053 2052
f 1347 1118 2055
f 1408 2052 2053
f 2053 2055 1408
f 2053 1347 2055
f 2058 2056 2059
f 2056 2058 2057
f 1397 1391 2057
f 2057 2058 1397
f 1390 1395 1388
f 1395 1390 1391
f 1391 1339 2057
f 586 2062 1104
f 1102 2061 1100
f 1102 1104 2061
f 1104 2062 1339
f 1326 2065 684
f 194 487 2066
f 1111 1350 1346
f 1112 1350 588
f 2063 2066 1108
f 1979 1376 194
f 2064 1215 1979
f 1111 588 1350
f 1326 1215 2064
f 2065 1111 1346
f 2066 1103 1108
f 2065 1326 2064
f 2063 2065 2064
f 2065 2063 1111
f 1103 2066 487
f 2622 2067 2068
f 2071 2399 2110
f 2067 2069 2089
f 2071 2110 2105
f 2067 2089 2107
f 2110 2202 2105
f 2067 2107 2205
f 2070 2108 2088
f 2104 2204 2205
f 2087 2106 2072
f 2072 2106 2208
f 2087 2072 2103
f 2208 2073 2072
f 2103 2072 2075
f 2072 2073 2075
f 2075 2073 2074
f 2075 2074 2076
f 2075 2076 2096
f 2101 2077 2078
f 2077 2099 2078
f 2077 2100 2099
f 2078 2099 2273
f 2100 2098 2099
f 2118 2119 2079
f 2119 2080 2079
f 2119 2198 2080
f 2079 2080 2081
f 2080 2198 2197
f 3615 2113 2082
f 2248 2203 2206
f 2206 2203 2313
f 2219 2076 2074
f 2285 2096 2076
f 2096 2084 2086
f 2075 2096 2086
f 2084 2098 2086
f 2074 2073 2085
f 2073 3711 2085
f 2098 2100 2086
f 2086 2100 2103
f 2086 2103 2075
f 2090 4664 2209
f 2102 2104 2205
f 2090 2209 2089
f 2089 2069 2090
f 2204 2070 2068
f 2251 2211 2288
f 2288 2211 2312
f 2078 2273 2200
f 2274 2197 2273
f 2269 2190 2266
f 2269 2276 2265
f 2187 2242 2186
f 2187 2191 2242
f 2186 2242 2263
f 2263 2242 2277
f 2263 2278 2092
f 2263 2277 2278
f 2094 2092 2278
f 2272 2270 2246
f 2284 2091 2097
f 2091 2197 2097
f 2284 2097 2095
f 2095 2097 2096
f 2197 2274 2097
f 2095 2096 2285
f 2096 2097 2098
f 2097 2274 2098
f 2098 2084 2096
f 2274 2099 2098
f 2273 2099 2274
f 3711 2208 2275
f 2275 2208 2106
f 2103 2100 2286
f 2102 2106 2104
f 2100 2077 2286
f 2101 2105 2077
f 2103 2286 2087
f 2077 2105 3662
f 2106 2087 2108
f 2209 2107 2089
f 2108 2070 2104
f 2111 2109 2112
f 2111 2112 3657
f 3069 2117 2120
f 3510 2199 2116
f 3071 2118 2117
f 2118 2116 2119
f 2117 2118 2122
f 2120 2117 2121
f 2117 2122 2121
f 2122 2118 2079
f 2121 2122 2127
f 2290 2125 2123
f 2290 2124 2129
f 2126 2290 2129
f 2290 2126 2125
f 2122 2128 2127
f 2079 2081 2122
f 2124 2134 2129
f 2125 2126 2135
f 2122 2081 2128
f 2129 2134 2130
f 2294 2133 2131
f 2132 2294 2131
f 2126 2130 2138
f 2138 2130 2253
f 2132 2147 2134
f 2126 2138 3614
f 2081 2080 2144
f 2136 2081 2144
f 2135 2126 3614
f 2302 2137 2303
f 2132 2150 2147
f 2131 2133 2140
f 2130 2134 2141
f 2145 2300 2303
f 2130 2141 2139
f 2300 2145 2133
f 2132 2131 2150
f 3614 3616 2135
f 2131 2140 2150
f 2137 2146 2303
f 2145 2143 2133
f 2140 2133 2143
f 2080 2197 2144
f 2138 2142 3614
f 2134 2147 2141
f 2151 3616 2254
f 2143 2152 2149
f 2303 2146 2145
f 2150 2140 2149
f 2140 2143 2149
f 2150 2157 2147
f 2137 2153 2146
f 2144 2197 2304
f 2143 2145 2152
f 2138 2253 2161
f 2253 2139 2164
f 2145 2146 2148
f 2145 2148 2152
f 2137 2144 2153
f 2142 2138 2156
f 2253 2164 2161
f 2149 2152 2158
f 2139 2141 2155
f 2141 2147 2155
f 2142 2156 2254
f 2139 2155 2164
f 2147 2157 2159
f 2150 2149 2157
f 2254 2154 2151
f 2144 2304 2153
f 2138 2161 2156
f 2148 2146 2305
f 2146 2153 2305
f 2155 2147 2159
f 2254 2156 2154
f 2156 2161 2160
f 2149 2158 2157
f 2157 2158 2167
f 2158 2306 2163
f 2156 2160 2154
f 2154 2160 2166
f 2163 2306 2162
f 2162 2306 2308
f 2158 2163 2165
f 2164 2182 2161
f 2162 2308 2169
f 2162 2169 2257
f 2157 2171 2159
f 2163 2162 2256
f 2255 2166 3623
f 2165 2167 2158
f 2167 2165 2172
f 2175 2308 2310
f 2155 2159 2171
f 2161 2258 2160
f 2155 2173 2164
f 2169 2170 2168
f 3623 2166 2258
f 2169 2168 2257
f 2166 2160 2258
f 2157 2167 2171
f 2167 2092 2171
f 2175 2170 2308
f 2308 2170 2169
f 2155 2171 2173
f 2310 2179 2175
f 3623 2258 2183
f 2167 2172 2260
f 2172 2174 2260
f 2172 2256 2174
f 2168 2170 2261
f 2175 2181 2170
f 2175 2179 2188
f 3623 2183 2093
f 2311 2178 2179
f 2164 2173 2182
f 2174 2263 2260
f 2188 2181 2175
f 3620 2093 2177
f 2258 2182 2183
f 2171 2184 2173
f 2174 2176 2186
f 2262 3624 2261
f 2173 2184 2185
f 2183 2182 2185
f 2174 2186 2263
f 2176 2180 2186
f 2182 2173 2185
f 2180 2261 2187
f 2186 2180 2187
f 2262 2181 3624
f 2181 2188 2189
f 2179 2178 2190
f 2187 2261 2189
f 3624 2181 2189
f 3624 2189 2261
f 2179 2192 2188
f 2178 3626 2190
f 2190 2192 2179
f 2184 2094 2280
f 3626 2266 2190
f 2185 2184 2280
f 2188 2265 2189
f 2185 2280 2194
f 2094 2270 2280
f 2267 2191 2187
f 2192 2265 2188
f 2189 2265 2267
f 2193 2268 2271
f 2271 2268 2195
f 2194 2272 2268
f 2194 2280 2272
f 2268 2272 2196
f 2195 2268 2196
f 2197 2198 2273
f 2198 2119 2199
f 2273 2198 2200
f 2198 2199 2200
f 2399 3173 3655
f 2397 2398 2203
f 2201 2622 2068
f 2398 2201 2203
f 3655 2110 2399
f 2397 2203 2248
f 2110 3654 2202
f 2070 2201 2068
f 2201 2070 2203
f 2070 2083 2203
f 2067 2205 2204
f 2203 2083 2313
f 2107 4664 2205
f 2206 2313 2207
f 2205 4664 2102
f 2208 3711 2073
f 2207 2313 2250
f 2313 2317 2250
f 2250 2317 2112
f 2112 2317 3657
f 2312 2211 2210
f 2211 2212 2210
f 2210 2212 2321
f 2314 2210 2321
f 2211 2251 2212
f 2325 2332 2328
f 2319 2328 2334
f 2328 3619 2334
f 2331 2326 2213
f 2335 2331 2217
f 2334 2214 2215
f 2216 2219 2074
f 2217 2331 2213
f 2218 2213 2333
f 2214 2334 2222
f 2216 2215 2220
f 2334 2336 2223
f 2215 2214 2225
f 2336 3617 2223
f 2222 2334 2223
f 2215 2225 2220
f 2219 2216 2220
f 3617 2224 2223
f 2339 2337 2227
f 2333 2082 2218
f 2213 2221 2217
f 2213 2218 2221
f 3617 2229 2224
f 2076 2228 2285
f 2076 2219 2228
f 2214 2222 2225
f 2337 2226 2227
f 2219 2237 2228
f 2337 3622 2226
f 2222 2223 2231
f 2225 2222 2281
f 3622 2232 2226
f 2220 2225 2233
f 2219 2220 2237
f 2225 2281 2233
f 2223 2224 2231
f 2233 2281 2236
f 3622 2230 2232
f 2222 2231 2278
f 2231 2224 2244
f 2222 2278 2281
f 2220 2235 2237
f 2220 2233 2235
f 2230 3621 2282
f 2233 2236 2235
f 2342 2345 2229
f 2234 2228 2237
f 2230 2282 2232
f 2237 2235 2238
f 2281 2278 2236
f 3606 2234 2239
f 2229 2345 2224
f 2240 2234 2237
f 2238 2235 2236
f 2236 2278 2277
f 2224 2345 2244
f 2241 3627 2243
f 2240 2237 2242
f 3627 2239 2243
f 2237 2238 2242
f 2345 2246 2244
f 2241 2243 2245
f 2239 2234 2240
f 2240 2242 2191
f 2345 2346 2347
f 2345 2347 2246
f 2239 2240 2191
f 2243 2239 2276
f 2245 2243 2276
f 2245 2266 3628
f 2245 2276 2266
f 2246 2347 2348
f 2276 2269 2266
f 3173 2247 3655
f 3173 2397 2247
f 2397 2248 2247
f 2068 2067 2204
f 2202 3654 2249
f 2105 2202 2249
f 2070 2204 2104
f 3654 2248 2249
f 2070 2088 2083
f 2248 2206 2249
f 2206 2207 2249
f 2249 2207 2250
f 3659 2249 2250
f 2288 2123 2251
f 2123 2125 2251
f 3070 2120 2252
f 2126 2129 2130
f 2253 2130 2139
f 2252 2120 3712
f 3614 2254 3616
f 2151 2154 2113
f 2154 2166 2255
f 2154 2255 2113
f 2163 2256 2165
f 2161 2182 2258
f 2162 2257 2256
f 2165 2256 2172
f 2256 2257 2259
f 2257 2168 2180
f 2260 2092 2167
f 2257 2180 2259
f 2256 2259 2174
f 2168 2261 2180
f 2170 2181 2262
f 2261 2170 2262
f 2092 2260 2263
f 2183 2185 2264
f 2171 2092 2094
f 2177 2093 2282
f 2171 2094 2184
f 2246 2348 2196
f 2183 2264 2309
f 2189 2267 2187
f 2193 2185 2194
f 2193 2194 2268
f 2192 2269 2265
f 2190 2269 2192
f 2267 2265 2276
f 2272 2280 2270
f 2196 2272 2246
f 2239 2267 2276
f 2267 2239 2191
f 2242 2238 2277
f 2277 2238 2236
f 2196 2348 2195
f 2246 2270 2244
f 2234 2283 2228
f 2270 2094 2231
f 2270 2231 2244
f 2094 2278 2231
f 2283 2091 2284
f 2095 2228 2283
f 2283 2284 2095
f 2218 2082 2113
f 2095 2285 2228
f 3661 2109 2111
f 3658 2111 3657
f 2180 2176 2259
f 2287 2115 3663
f 2288 2289 3611
f 2288 3611 2123
f 3663 2115 2105
f 2289 2210 3611
f 3511 2199 3510
f 3511 3663 2199
f 2101 3663 2105
f 2123 3611 2290
f 2116 2199 2119
f 3612 2124 3611
f 3611 2124 2290
f 2199 3663 2200
f 3612 2291 2292
f 2124 3612 2292
f 2291 3610 2293
f 2293 3610 3609
f 2293 3609 2294
f 2124 2292 2134
f 2291 2293 2134
f 2292 2291 2134
f 2134 2293 2132
f 2294 3609 2295
f 2298 3707 2297
f 2295 3609 2296
f 2293 2294 2132
f 3707 2127 2128
f 2297 3707 2128
f 2295 2296 2300
f 2296 2299 2301
f 2294 2295 2133
f 2297 2302 2298
f 2299 2298 2302
f 2295 2300 2133
f 2128 2136 2297
f 2128 2081 2136
f 2300 2296 2301
f 2301 2299 2302
f 2297 2136 2137
f 2300 2301 2303
f 2302 2297 2137
f 2301 2302 2303
f 2136 2144 2137
f 2197 2091 2304
f 2152 2148 2158
f 2148 2306 2158
f 2279 2304 2091
f 2148 2305 2306
f 2153 2304 2279
f 2305 2308 2306
f 2305 2307 2308
f 2309 2264 2193
f 2309 2193 2271
f 2307 3625 2308
f 2264 2185 2193
f 2259 2176 2174
f 2308 3625 2310
f 3625 2311 2310
f 2311 2179 2310
f 2311 3626 2178
f 3568 2090 2069
f 2209 4664 2107
f 2083 2088 3656
f 2083 3656 2313
f 2321 2212 2323
f 2314 2321 2320
f 2212 2251 2323
f 2313 3656 2317
f 2315 2318 2319
f 2314 2320 2316
f 2251 2135 3616
f 2323 2251 3616
f 2315 2319 3710
f 2318 2325 2319
f 3710 2319 2330
f 2319 2325 2328
f 2318 2316 2325
f 2323 3616 2327
f 2320 2321 2327
f 2321 2323 2327
f 2324 3709 2329
f 2316 2322 2331
f 3710 2330 2329
f 2316 2335 2325
f 2324 2085 3711
f 2330 2215 2329
f 2316 2331 2335
f 2322 2326 2331
f 3661 2111 3658
f 2325 2335 2332
f 2329 2215 2216
f 2213 2326 2333
f 2329 2216 2085
f 2330 2319 2215
f 2215 2319 2334
f 2328 2332 3619
f 2332 2335 2339
f 2335 2217 3613
f 2334 3619 2336
f 2085 2216 2074
f 2339 2335 2337
f 2332 3618 3619
f 2336 3619 3617
f 2332 2339 3618
f 2335 3613 2337
f 3613 3622 2337
f 2217 2221 3622
f 2339 2341 3618
f 2339 2227 2341
f 2340 2255 3620
f 3617 2338 2229
f 3622 3621 2230
f 3606 2283 2234
f 2338 2342 2229
f 2341 2227 2226
f 2226 2343 2341
f 3627 3606 2239
f 2226 2232 2309
f 2226 2309 2343
f 3628 2241 2245
f 2342 2346 2345
f 2309 2344 2343
f 2342 2343 2344
f 2342 2344 2346
f 2344 2348 2346
f 2348 2344 2195
f 2346 2348 2347
f 2489 2831 2382
f 2831 2581 2382
f 2831 3236 2581
f 2581 2596 2382
f 2382 2596 2598
f 2988 2605 2610
f 2471 2349 2388
f 2500 2687 2505
f 2350 2357 2351
f 2352 2876 2875
f 2352 2838 2876
f 2426 3424 2838
f 2356 2972 3116
f 2361 2359 2357
f 2359 3004 2357
f 2354 2355 2356
f 2354 2356 2358
f 2358 2356 2481
f 2355 2972 2356
f 2357 3006 2410
f 2356 3116 2481
f 2695 3001 3339
f 2419 2359 2360
f 2360 2359 2361
f 2487 2361 2362
f 2487 2362 2479
f 2357 2350 2361
f 2491 2479 2488
f 2479 2362 2488
f 4694 2421 2489
f 2421 2831 2489
f 2988 2987 3450
f 2423 3450 2987
f 2492 3007 2363
f 2988 2610 2364
f 2610 2989 2364
f 2495 2492 3164
f 2903 2466 2469
f 3490 2349 2471
f 3021 2730 3268
f 3019 3018 2516
f 3048 3046 2449
f 2366 2530 2455
f 2455 2530 2369
f 2368 2366 2455
f 2369 2530 3406
f 2368 2455 2367
f 2367 2369 2457
f 3406 2895 2369
f 2457 2369 2895
f 3058 2367 2457
f 3389 3050 2370
f 3060 2899 4698
f 2533 2538 2537
f 3038 3040 2529
f 4281 2529 3049
f 3055 2917 3052
f 2541 2542 2371
f 2536 2468 3508
f 2535 3505 2373
f 2372 2535 2373
f 2538 2372 3631
f 3505 2475 2373
f 2925 3636 3506
f 2412 2567 2547
f 2376 2548 2377
f 2547 2376 2413
f 2412 2547 2415
f 2376 2377 2413
f 3111 2689 2548
f 2415 2547 2413
f 2476 2685 2575
f 3164 3163 3161
f 3118 3217 2579
f 3251 3122 2378
f 2378 3122 2595
f 2581 2378 2596
f 2378 2595 2596
f 3450 2603 2605
f 2379 2606 2605
f 3163 2380 3159
f 3159 2380 3155
f 2581 3236 3251
f 2384 2616 2383
f 2616 2384 2911
f 2616 2911 2912
f 3170 2498 2953
f 2953 3127 3170
f 3164 2385 2387
f 3164 2387 2495
f 2385 2386 2387
f 2388 2570 2496
f 2388 2496 2471
f 2393 3373 2390
f 3373 2389 2390
f 2389 2391 2631
f 2391 2635 2631
f 2389 2395 2390
f 2393 2390 2392
f 2631 2395 2389
f 2390 2395 2392
f 2894 2393 2392
f 2631 2635 2395
f 5001 3378 4959
f 2396 3601 2398
f 2395 2635 2626
f 2395 2626 2392
f 3377 2621 3172
f 2398 2624 2622
f 3172 2621 2399
f 2201 2398 2622
f 2622 2624 2067
f 2621 3173 2399
f 2892 2069 2624
f 2067 2624 2069
f 3172 2399 2071
f 2357 2400 2351
f 2416 2694 2401
f 2694 2696 2401
f 2401 2696 2402
f 2696 2403 2402
f 2696 2699 2403
f 2404 2402 2403
f 2403 2699 2404
f 3364 2404 2699
f 2699 2405 3364
f 2704 3366 2406
f 2705 3365 2704
f 2701 2704 2422
f 2704 2406 2422
f 2704 2701 2705
f 2365 2709 2714
f 2365 2714 2408
f 2714 2721 2408
f 2714 2709 2728
f 2408 2721 2729
f 2709 2719 2728
f 3575 2803 3573
f 2821 2677 3318
f 2676 2820 3320
f 2400 2357 2410
f 2400 2410 2830
f 2700 4693 2421
f 3101 2376 2547
f 4892 2412 2414
f 2415 2690 2412
f 2412 2690 2414
f 2414 2690 4967
f 2418 2377 2548
f 2548 2689 2418
f 2415 2413 2697
f 2415 2697 2693
f 2415 2693 2692
f 2377 2418 2413
f 2692 2693 2416
f 2413 2418 2697
f 2418 2689 3002
f 2692 2416 2691
f 2691 2416 4882
f 2697 2418 2417
f 3002 2419 2418
f 2418 2419 2417
f 2417 2419 2478
f 2420 2697 2417
f 2417 2478 2420
f 2420 2478 2698
f 2420 2698 2491
f 2361 2350 2362
f 4694 2700 2421
f 2422 2423 2987
f 2422 2987 2878
f 2869 2858 4946
f 3418 2868 2869
f 2868 2857 2869
f 2858 2860 4934
f 4934 2860 4936
f 2872 2756 2753
f 2872 2753 2744
f 2424 2425 2756
f 2425 4928 3460
f 3178 2353 3682
f 2428 2874 2839
f 2428 2839 2551
f 2427 2834 2638
f 2352 2428 2551
f 2352 2429 2428
f 2428 2429 3183
f 2352 2875 2429
f 2814 3447 3668
f 3433 2816 2432
f 2432 2816 2433
f 2816 3454 2433
f 2433 3454 2434
f 3454 2867 2868
f 3454 2868 2434
f 2434 2868 3458
f 2435 2433 2434
f 2871 3458 3597
f 2870 2829 2434
f 2438 2992 2997
f 2436 2438 2437
f 4903 2436 2437
f 4903 2437 2439
f 2438 2441 2437
f 2997 2441 2438
f 2437 2441 2902
f 2902 2441 2440
f 2437 2902 2440
f 2437 2440 2439
f 2441 4697 2442
f 2443 4905 2444
f 2444 2445 2443
f 2445 3600 3599
f 2444 3600 2445
f 2443 2445 2446
f 2443 2446 4875
f 2445 3599 2396
f 2396 3599 3601
f 2446 2445 2394
f 3390 3396 2447
f 2447 3396 3403
f 2447 3391 3387
f 4908 2448 3408
f 2447 3403 2450
f 3405 2887 3403
f 3391 2450 2449
f 2449 2450 2452
f 2450 3403 2451
f 3403 2887 2451
f 2451 2887 2889
f 2888 3411 2890
f 2450 2451 2452
f 2451 2889 2885
f 2889 2453 2885
f 2367 2455 2369
f 2454 3060 3630
f 2458 4639 3895
f 2458 3895 2951
f 2458 2951 2460
f 2633 2636 2470
f 2633 2470 2494
f 2465 2464 2637
f 2493 2463 2494
f 2470 2636 3598
f 2464 2465 3598
f 2494 2470 2466
f 3598 2465 2467
f 2903 2493 2466
f 2493 2494 2466
f 2467 2465 3467
f 2536 4700 2468
f 2467 3467 2472
f 2466 2470 2473
f 4700 3490 2471
f 4700 2471 2468
f 2466 2473 2469
f 2472 3467 4637
f 2470 3598 2918
f 2473 2470 2918
f 2918 3598 2467
f 3505 3635 2475
f 2468 2471 2374
f 2918 2467 2472
f 2918 2919 2473
f 2374 2471 2496
f 2372 2373 2926
f 2374 2496 2925
f 2475 3635 2926
f 3005 2354 2358
f 3356 3477 2486
f 3356 2682 3477
f 2486 3477 2355
f 3477 2972 2355
f 3477 3478 2972
f 3001 3334 3339
f 2478 2419 2360
f 2360 2477 2478
f 2478 2477 2479
f 2480 2981 2585
f 3133 2480 2585
f 3338 3000 2482
f 2980 3338 2482
f 2482 3000 3435
f 2980 2482 2866
f 2978 2980 2866
f 2978 2866 2483
f 2865 3349 3435
f 3349 2486 2485
f 2485 2486 2354
f 2483 2866 2484
f 2419 2484 2359
f 3349 3355 2486
f 2866 3003 2484
f 2354 2486 2355
f 3005 2358 3006
f 2489 3694 4694
f 2489 2600 3694
f 2405 2491 2488
f 2488 2983 2405
f 3481 3482 3367
f 3367 3482 2406
f 2987 2988 2364
f 2364 2990 2987
f 2364 2989 2990
f 2990 2989 2991
f 2990 2991 2993
f 2992 2884 2880
f 2884 2992 2438
f 2992 2994 2997
f 2492 2495 2906
f 3007 2492 2906
f 2998 2492 2363
f 3630 2633 2454
f 2454 2633 2493
f 2633 2494 2493
f 2493 2903 2454
f 2363 3007 2905
f 2384 3701 3702
f 3149 3152 3124
f 2498 3167 2960
f 3017 2504 2499
f 3017 2499 2686
f 2504 2502 2499
f 2502 3020 2520
f 2502 2520 2507
f 2502 2505 2499
f 2686 2499 2687
f 2499 2505 2687
f 2505 2502 2507
f 2365 2408 3603
f 2512 2502 2504
f 3021 3337 3018
f 3018 3337 2516
f 3268 2730 2503
f 3337 3268 2503
f 2512 2504 3357
f 3329 2365 3416
f 3011 3492 3497
f 3416 3603 3014
f 3603 3416 2365
f 3491 3011 3494
f 2730 2408 2511
f 3017 3501 2504
f 2511 2408 2729
f 2508 2505 2507
f 2506 2407 2742
f 2730 2511 2503
f 2511 2729 2523
f 2729 2731 2523
f 2512 2506 2514
f 2503 2511 2513
f 2509 2508 2515
f 2506 2742 2514
f 2508 2507 2515
f 2514 2742 3019
f 3020 2512 2514
f 2507 3502 2515
f 2516 2503 2518
f 2731 2517 2523
f 2518 2503 2513
f 3019 2516 2518
f 2511 2523 2513
f 2514 3019 2521
f 2518 2513 2519
f 2519 2513 2523
f 3020 2524 2520
f 2524 3020 2514
f 2519 2523 2527
f 2514 2521 2409
f 3019 2518 2521
f 2521 2518 2526
f 2514 2409 2522
f 2518 2519 2526
f 2523 2517 2754
f 2524 2514 2522
f 2526 2519 2525
f 2525 2519 2527
f 2523 2754 2527
f 2527 2528 2525
f 2409 2526 3029
f 2525 3029 2526
f 2525 2528 3029
f 2527 2754 2775
f 2528 2527 2775
f 3039 2528 2775
f 2529 2370 3050
f 2529 3050 3051
f 3057 2452 2451
f 3053 3054 2531
f 2531 3407 3504
f 2531 3504 2533
f 2531 2533 3053
f 2533 2537 3053
f 2532 2534 3063
f 2532 2898 2534
f 3504 4702 2535
f 2535 2538 3602
f 2534 2536 3508
f 2535 2372 2538
f 2537 2538 3631
f 2537 3631 3051
f 3503 2540 3055
f 2540 2539 2375
f 2916 2541 2917
f 3637 2540 2541
f 2462 2917 2371
f 2917 2541 2371
f 2541 2540 2542
f 2540 2375 2927
f 2462 2371 2936
f 2540 2927 2542
f 3636 2925 2544
f 3632 3636 2544
f 2544 2925 2543
f 2543 2925 2546
f 2545 3632 2544
f 2546 2925 2939
f 3096 3098 3546
f 3098 3099 3546
f 3099 3100 3546
f 3099 3334 3100
f 2567 2411 3101
f 2567 3101 2547
f 3206 3072 2549
f 2840 2549 2550
f 2549 3072 2550
f 2845 2840 2552
f 2552 2840 2550
f 2843 2553 2554
f 2555 2845 2556
f 2551 2555 2553
f 2556 2845 2552
f 2554 2553 2557
f 2844 2559 2558
f 2553 2555 2557
f 2555 2556 2557
f 2844 2554 2559
f 2557 2559 2554
f 2848 2844 2558
f 2557 2556 3520
f 2557 2560 2559
f 2558 2559 2561
f 2560 2557 3520
f 2560 3520 3076
f 2559 2560 3083
f 2852 2855 2856
f 2562 2854 3102
f 3102 2854 2564
f 3543 3545 3109
f 3589 3093 3095
f 2566 2862 2411
f 2862 2376 2411
f 2566 2567 2412
f 2376 2862 2548
f 3336 2568 3335
f 3335 2568 3334
f 2568 3336 3338
f 2582 2583 3157
f 2582 3157 3562
f 2381 3374 2913
f 2381 2569 3374
f 3374 2569 3809
f 2570 2460 2571
f 2570 3169 2460
f 2572 3167 3565
f 2572 2960 3167
f 2685 3219 2574
f 2574 2573 2685
f 2685 2573 2575
f 3121 3247 2578
f 2576 3123 3136
f 2578 2576 3136
f 2973 2579 3217
f 2578 3136 3138
f 3251 2378 2581
f 3155 3153 3159
f 3163 3159 3161
f 3284 2569 2381
f 3284 2381 3700
f 2583 2582 3165
f 3358 3162 2582
f 2582 3162 3165
f 3165 3162 2618
f 3133 2585 2586
f 2587 3133 2586
f 2981 3361 2585
f 2586 2585 2982
f 2585 3361 2982
f 3135 2910 2588
f 3476 3139 2588
f 2589 2590 3134
f 3134 2590 2591
f 3122 4708 2592
f 2593 3140 2591
f 2592 3140 2593
f 2590 3759 3141
f 2591 3141 2593
f 2592 2593 3122
f 2593 3141 4669
f 3122 2593 2594
f 2594 2593 3142
f 3122 2594 2595
f 2594 3142 3144
f 2596 3143 2598
f 2489 2382 2600
f 2382 2598 2600
f 2598 3143 3145
f 2599 2597 3773
f 3125 3695 2602
f 2984 2601 2603
f 4617 2986 2604
f 2985 3773 2604
f 2603 2379 2605
f 3696 2608 2379
f 2379 2608 2607
f 2988 3450 2605
f 2379 2607 2606
f 2605 2606 2610
f 2608 3148 2611
f 2607 2608 2611
f 4618 2609 2613
f 2606 2607 2610
f 2611 3148 3154
f 2610 2607 2612
f 2607 3151 2612
f 2607 2611 3151
f 3150 2610 2612
f 2610 2615 3126
f 3155 2611 3153
f 3558 2612 3151
f 2611 3154 3153
f 2612 3558 2614
f 2615 3370 3126
f 4628 3370 2615
f 3701 2384 2383
f 2616 2912 2617
f 2618 2616 2617
f 2618 2619 3168
f 2618 2617 2619
f 2397 2621 2396
f 2889 2888 2891
f 2453 2628 3409
f 3409 2623 2893
f 2069 2892 2114
f 3409 2893 3059
f 3568 3569 3629
f 2114 3569 3568
f 2453 2627 2628
f 2398 3601 2624
f 3059 2893 3406
f 2626 2635 2629
f 2453 2629 2627
f 2632 2627 2629
f 2632 2629 2630
f 2629 2634 2630
f 2629 2635 2634
f 2632 2630 2633
f 2633 2630 2636
f 2391 2901 2635
f 2634 2635 2901
f 2391 2389 2901
f 2464 2634 2637
f 2389 4696 2901
f 2634 2901 2637
f 2724 2716 2715
f 2734 2740 2746
f 2638 3570 3196
f 2802 2801 2800
f 2638 2801 3570
f 3687 3419 3686
f 3574 3293 2803
f 3574 2803 3576
f 3293 3291 2803
f 3183 3187 2639
f 3190 2639 2643
f 2639 2642 2643
f 2640 2805 2641
f 2640 2641 2645
f 2805 2806 2641
f 2639 2644 2642
f 2640 2645 3578
f 2639 3187 2644
f 2806 2646 2641
f 3647 2647 3649
f 2643 2642 2650
f 3647 3646 2647
f 2641 2646 2648
f 2643 2650 2806
f 2641 2648 2645
f 2806 2650 2646
f 2647 3646 3579
f 2645 2648 2649
f 2646 3414 2648
f 2650 2644 2651
f 3414 2646 2650
f 2648 3414 2649
f 3414 2650 2809
f 2650 2651 2808
f 2644 3193 2651
f 2652 2807 2653
f 2650 2808 2809
f 2654 2652 2655
f 2652 2653 2655
f 2657 2662 3193
f 2654 2655 2810
f 2651 3193 2656
f 2809 2658 2807
f 2807 2811 2653
f 2808 2651 2656
f 2807 2658 2811
f 2812 2810 2655
f 3193 2660 2656
f 3193 2662 2660
f 2655 2653 2811
f 2662 3175 2660
f 2811 2658 2659
f 3297 2812 3208
f 2655 2811 2659
f 2658 2808 3585
f 2812 2655 3208
f 2659 2658 3585
f 3175 2661 2660
f 2657 2664 2662
f 2655 2663 3208
f 2659 2663 2655
f 2664 3186 2665
f 2664 2667 2662
f 2663 2659 3585
f 2664 2665 2667
f 3186 3572 2665
f 3175 2662 2668
f 2667 2668 2662
f 2665 2666 2667
f 3577 2668 2667
f 2667 2666 2669
f 3684 2813 2666
f 2666 2813 2669
f 2813 2670 2669
f 2813 3586 2670
f 3586 2813 2671
f 3676 3586 2671
f 3174 3679 2672
f 3680 3676 2673
f 3676 2671 2673
f 3680 2673 2675
f 2674 3174 2672
f 3679 3680 3672
f 3672 3680 2675
f 2673 2671 2818
f 2675 2673 2819
f 2672 3672 2679
f 2673 2818 2819
f 2677 2672 2679
f 3672 2675 2678
f 3672 2678 2679
f 2678 2675 2819
f 2677 2679 2817
f 2678 2819 2681
f 2678 2824 2822
f 3596 2678 2822
f 3554 2682 3356
f 3352 3492 3212
f 3003 2354 3005
f 2684 2686 2687
f 3554 2683 2682
f 2684 2687 3639
f 2476 3353 2685
f 2682 2683 2688
f 3212 3216 3353
f 3492 3011 3212
f 3222 2505 3211
f 3353 3216 2685
f 2505 2508 3211
f 2500 2505 3222
f 2508 2509 3211
f 2690 2415 2692
f 2690 2692 2691
f 2416 2693 2694
f 2693 2697 2694
f 3339 2978 2695
f 2979 2978 2483
f 2695 2979 2483
f 2694 2697 2696
f 2697 2420 2696
f 2478 2479 2698
f 2696 2420 2699
f 2698 2479 2491
f 2477 2487 2479
f 2404 3364 4973
f 2350 2351 3480
f 2422 3699 2701
f 2703 3360 2480
f 2402 2404 4921
f 3671 3365 2705
f 2705 2701 4974
f 4974 2701 2706
f 2701 3699 2706
f 2706 4975 4974
f 3010 3331 2707
f 3354 3498 2407
f 3596 3320 2820
f 3320 3596 2823
f 2708 2709 3329
f 2708 3314 2709
f 3329 2709 2365
f 2823 2713 3320
f 2823 2822 2713
f 2717 2822 2826
f 2822 2717 2713
f 2716 2826 2710
f 2709 3314 3309
f 3348 3342 3343
f 2711 3343 3342
f 2710 2712 2715
f 2710 2715 2716
f 2826 2716 2717
f 3309 2719 2709
f 3417 2720 2727
f 2730 3016 2408
f 3016 3603 2408
f 2713 2717 2725
f 3417 2724 2712
f 3417 2727 2723
f 2724 3417 2723
f 2726 2739 2829
f 3309 2725 2719
f 2712 2724 2715
f 2714 2728 2718
f 2721 2714 2718
f 2717 2716 2725
f 2725 2737 2719
f 2716 2724 2725
f 2870 2736 2726
f 2725 2724 2733
f 2724 2723 2734
f 2721 2732 2731
f 2729 2721 2731
f 2728 2719 2735
f 2725 2733 2737
f 2727 2739 2738
f 2728 2735 2732
f 3354 2407 2506
f 2727 2738 2723
f 2719 2737 3593
f 2726 2747 2750
f 2731 2732 2735
f 2726 2736 2747
f 2735 2719 3593
f 2736 2744 2747
f 2737 2733 3592
f 2723 2738 2748
f 3592 2734 2746
f 2726 2750 2739
f 2737 3592 3593
f 2738 2739 2748
f 3593 3592 3591
f 2734 2745 2740
f 2734 2723 2745
f 2735 3593 2743
f 2739 2750 2748
f 2743 3593 2741
f 3592 2746 2749
f 2745 2723 2748
f 2740 2745 2755
f 2740 2755 2746
f 2735 2743 2731
f 2731 2743 2517
f 2741 3591 3590
f 2745 2748 2755
f 2747 2751 2750
f 2747 2744 2751
f 2743 2741 2758
f 3218 2501 2510
f 2748 2750 2760
f 2744 2753 2751
f 3218 3229 2501
f 3590 2749 2752
f 2750 2751 2760
f 2517 2743 2754
f 2749 2746 2757
f 2748 2759 2755
f 2752 2749 2757
f 2741 3590 2758
f 2748 2760 2759
f 3590 2752 2758
f 2746 2755 2757
f 2754 2743 2758
f 2756 2767 2753
f 2755 2759 2763
f 2768 2753 2767
f 2757 2755 2763
f 2751 2764 2760
f 2751 2753 2768
f 2752 2757 2762
f 2425 3460 2756
f 2758 2752 2765
f 2758 2765 2754
f 2751 2768 2764
f 2756 3460 2767
f 2760 2764 2761
f 2757 2763 2762
f 2760 2761 2759
f 2765 2752 2762
f 2765 2762 2766
f 2763 2759 2770
f 2763 2770 2762
f 2765 2766 2769
f 2761 2764 2776
f 2767 2777 2768
f 2759 2774 2770
f 2754 2765 2775
f 2765 2769 2775
f 2759 2773 2774
f 2762 2780 2766
f 2767 3460 2777
f 2773 2759 2761
f 2764 2779 2776
f 2771 2784 2773
f 2764 2768 2779
f 4928 4929 4931
f 2771 2772 2784
f 3460 2778 2777
f 2777 2781 2768
f 2769 3382 2775
f 2762 2770 2780
f 3382 2769 2766
f 2770 2785 2780
f 2770 2782 2785
f 2770 2774 2782
f 2774 2773 2782
f 2768 2781 2779
f 2779 2781 2786
f 2773 2784 3386
f 2773 3386 2782
f 2784 2772 2787
f 2772 3594 2787
f 2766 2780 3384
f 2784 2787 2788
f 2781 2792 2786
f 2777 2794 2781
f 2777 2778 2794
f 2786 3595 2779
f 2788 2787 2791
f 3395 2784 2788
f 2778 2783 2793
f 3386 2784 3395
f 2794 2778 2789
f 2778 2793 2790
f 2787 3594 2791
f 2791 3594 2795
f 2789 2778 2790
f 3594 3595 2796
f 2781 2794 2792
f 2786 2792 3595
f 2788 2791 3395
f 2791 2795 3395
f 3594 2796 2795
f 2789 2790 2797
f 2792 2794 3397
f 2794 2797 2799
f 2797 2790 2799
f 2794 2799 3397
f 3513 2427 2638
f 2834 2801 2638
f 2801 2802 3512
f 2800 3419 2802
f 2800 2874 2428
f 2800 2428 3419
f 3419 2428 3686
f 3686 2428 3185
f 3291 3194 2803
f 2834 2800 2801
f 3198 2805 2640
f 2804 2643 2805
f 2643 2806 2805
f 2642 2644 2650
f 2649 3414 2652
f 3651 2649 2652
f 2652 3414 2809
f 3651 2652 2654
f 2652 2809 2807
f 2809 2808 2658
f 3684 3667 2813
f 2813 2814 2671
f 3669 3448 2430
f 3669 2430 2815
f 2671 2814 3668
f 3679 3672 2672
f 2671 3668 2818
f 2815 2430 3670
f 3668 3433 2432
f 2815 3670 3433
f 3668 2432 2818
f 3670 3115 3433
f 2818 2432 2435
f 2819 2818 2435
f 2820 2817 3596
f 2679 2678 3596
f 2435 2432 2433
f 3596 2822 2823
f 2678 2681 2824
f 2819 2435 2681
f 2681 2825 2824
f 2824 2825 2826
f 2822 2824 2826
f 2435 2829 2681
f 2826 2825 2828
f 2826 2828 2827
f 2435 2434 2829
f 2826 2827 2710
f 3458 2871 2434
f 2434 2871 2870
f 2830 2410 3214
f 2410 3213 3214
f 2421 4693 2831
f 2831 4693 3236
f 2832 3177 2837
f 3177 3176 3682
f 2837 3177 2841
f 3177 3682 2833
f 3177 2833 2841
f 2800 2549 2840
f 3682 2353 2835
f 2800 2834 2549
f 2426 2838 2836
f 2426 3425 3424
f 2834 2427 2549
f 2426 2836 2847
f 2837 2841 3683
f 2353 2426 2835
f 2549 2427 3206
f 2833 2835 3292
f 2836 2838 2842
f 2839 2874 2840
f 2838 2352 2842
f 2833 3292 2841
f 2835 2426 2847
f 3292 2835 2846
f 2352 2843 2842
f 2841 3290 3683
f 2843 2352 2551
f 2839 2840 2845
f 2841 3292 3290
f 2846 2835 2847
f 3292 3685 3290
f 2842 2554 2844
f 2836 2842 2844
f 2843 2551 2553
f 2842 2843 2554
f 2551 2839 2845
f 2551 2845 2555
f 2846 2847 2851
f 2847 2836 2844
f 2847 2844 2848
f 2847 2849 2851
f 2849 2847 2848
f 3442 2851 3443
f 2848 2850 2849
f 2850 2848 2558
f 2849 2850 2852
f 2849 2852 2851
f 2851 2853 3443
f 2853 2851 2852
f 3443 2853 3440
f 2850 3079 2852
f 3440 2853 2854
f 2853 2852 2854
f 3440 2854 2562
f 2852 3079 2855
f 2854 2852 2856
f 2854 2856 2564
f 2856 3300 2564
f 3448 3669 3542
f 3669 2565 3542
f 3092 3207 3589
f 2564 3303 2565
f 3542 2565 3104
f 2857 2867 2859
f 2857 2859 2858
f 2565 3439 3104
f 2565 3303 3439
f 2867 3457 2859
f 2858 2859 2860
f 2859 3457 2860
f 3434 3436 2861
f 4936 2860 4937
f 2860 3455 4937
f 3455 3322 4937
f 3434 2861 3312
f 3452 2431 2566
f 3452 2566 2864
f 3434 3312 3437
f 2566 2412 2864
f 2864 2412 4892
f 3347 3345 3351
f 3435 2485 2482
f 2485 3435 3349
f 2482 2485 2866
f 3355 3356 2486
f 3482 2423 2406
f 2406 2423 2422
f 2423 3125 3450
f 2422 2878 3699
f 2867 2857 2868
f 2857 2858 2869
f 3418 2869 2873
f 3418 2872 2871
f 2870 2871 2736
f 2871 2872 2736
f 3418 2873 2872
f 2873 2424 2872
f 2873 2869 2424
f 2744 2736 2872
f 2872 2424 2756
f 2869 4946 2424
f 4946 2425 2424
f 4948 2425 4946
f 2876 2838 3423
f 3440 3446 3443
f 3423 2838 2877
f 2877 2838 3424
f 3682 3176 3178
f 2706 2879 4975
f 2878 2987 3462
f 3368 4975 2881
f 4975 2879 2881
f 2987 2990 3462
f 2990 2880 3462
f 2879 3462 2880
f 2879 2880 2881
f 2880 2990 2992
f 2882 2880 2884
f 2883 2882 2884
f 2883 2884 2436
f 2436 2884 2438
f 2440 2442 2439
f 2439 2442 2900
f 4281 3049 2462
f 4697 2441 3487
f 2886 2457 4698
f 3068 2798 3408
f 3408 4872 4908
f 2887 2888 2889
f 2888 2890 2891
f 2891 2890 3568
f 2885 2453 3409
f 3568 3629 2891
f 2114 2892 2626
f 2893 2623 2625
f 2892 2624 2626
f 2623 2628 2625
f 2624 2392 2626
f 2114 2626 3569
f 3569 2626 2629
f 2624 2894 2392
f 2394 5001 2446
f 3406 2456 2895
f 2893 2896 3406
f 5001 4875 2446
f 2893 2625 2896
f 2632 2628 2627
f 3406 2896 2456
f 2625 2628 2632
f 2625 2632 2896
f 2456 2896 2897
f 2899 3060 2454
f 2896 2632 2633
f 2896 2633 3630
f 2895 2897 2457
f 2898 2532 3063
f 3600 2444 2900
f 2444 4905 2900
f 4696 2389 3373
f 2900 2442 4697
f 2900 4905 2439
f 2534 2898 4700
f 2899 2454 2903
f 3602 2533 3504
f 2538 2533 3602
f 4698 2899 2903
f 2494 2463 2493
f 2534 4700 2536
f 2637 2901 2904
f 2901 4696 3461
f 4698 2903 2469
f 2637 2904 2465
f 2904 2901 3461
f 4695 2363 2905
f 2904 3461 3467
f 2904 3467 2465
f 2915 4633 2905
f 2915 2905 3007
f 2915 3007 2906
f 3690 3359 2909
f 2907 3690 2909
f 3359 2908 2909
f 2909 2910 2907
f 2909 2908 2910
f 2907 2910 3135
f 2384 3702 2911
f 2911 3702 3475
f 2912 2911 3473
f 2911 3475 3473
f 3374 3836 2913
f 2913 3836 2914
f 3689 3468 3472
f 3689 3376 3468
f 2473 2922 2469
f 3503 2539 2540
f 2915 2906 2923
f 3055 2916 2917
f 2472 4637 4634
f 2472 4634 2918
f 2906 2495 2923
f 2918 2920 2919
f 2916 3637 2541
f 2918 3463 2920
f 2915 2923 4636
f 2918 4634 3463
f 2919 2920 2921
f 2474 2921 2922
f 3463 3464 2924
f 2920 3463 2924
f 2923 2495 2387
f 3052 2917 2462
f 2921 2920 2924
f 4636 2923 2929
f 2924 3464 3465
f 2921 4665 2922
f 2921 2924 2930
f 2924 3465 2928
f 2925 2496 2571
f 2924 2928 2930
f 2375 2926 2927
f 2497 2923 2386
f 2923 2387 2386
f 2929 2923 2497
f 2496 2570 2571
f 2926 3635 3634
f 2542 2927 2932
f 2927 2926 2932
f 2926 3634 2932
f 2932 3634 2933
f 4636 2929 2941
f 4649 4665 4635
f 2542 2932 2371
f 2371 2932 3633
f 2925 2571 2939
f 4635 2934 4649
f 2936 2371 3633
f 4649 2934 2938
f 3632 2545 2935
f 2942 3632 2935
f 3633 3862 2936
f 2939 2571 2945
f 2543 2940 2937
f 2543 2546 2940
f 4646 2938 2934
f 2546 2939 2459
f 2935 2545 2943
f 2571 2460 2951
f 2497 2386 3567
f 2943 2545 2937
f 2939 2945 2459
f 2942 2935 2943
f 3169 4643 2460
f 2943 2937 3879
f 2945 2571 2951
f 4646 2934 2944
f 2497 3567 2929
f 4653 2929 3567
f 2941 2929 2947
f 2947 2929 4653
f 2948 2945 2951
f 3884 2546 2459
f 3879 2937 2949
f 2937 2940 2949
f 2459 2945 2948
f 4645 4646 2944
f 4654 2946 2956
f 2946 3127 2956
f 4652 2956 3466
f 2940 3884 2949
f 2950 4652 3466
f 3127 2953 2956
f 2460 4643 2458
f 4643 4644 2458
f 2948 2951 3895
f 2954 2950 2952
f 2952 2950 3466
f 2954 2952 2958
f 2952 3466 2955
f 2958 2952 2957
f 2952 2955 2957
f 2956 2953 2498
f 2956 2960 2959
f 2956 2498 2960
f 2957 2955 2962
f 2955 2959 2962
f 2963 2958 2962
f 2958 2957 2962
f 2958 2963 2961
f 2959 2960 2572
f 2962 2959 2572
f 2963 2962 2965
f 2962 2572 2965
f 2572 3565 2964
f 3705 2966 2964
f 2965 2572 2967
f 2572 2964 2967
f 3705 2968 2966
f 2964 2966 2967
f 2968 3469 2966
f 2967 2966 3468
f 2966 3469 3468
f 2969 2967 3468
f 2969 2971 2970
f 2969 3468 3376
f 2969 3376 2971
f 3376 4674 2971
f 2971 3470 4317
f 2373 2475 2926
f 3116 2972 3117
f 2974 2973 4709
f 3280 2480 3133
f 2976 3124 3371
f 3371 3124 2977
f 3339 2568 2978
f 2568 3338 2980
f 2568 2980 2978
f 2419 2695 2483
f 2419 2483 2484
f 2866 2485 3003
f 2485 2354 3003
f 3004 2359 2484
f 2910 3476 2588
f 3363 2589 3362
f 3134 3362 2589
f 3364 2405 2983
f 2488 3480 3481
f 3479 3695 3125
f 4621 2599 2985
f 2986 4617 2985
f 3125 2603 3450
f 2599 3773 2985
f 2985 2604 2986
f 2989 3483 2991
f 2989 3126 3483
f 2996 2993 2991
f 3483 3484 4632
f 2991 3483 3485
f 2996 2991 3485
f 2996 3485 2995
f 2993 2996 2994
f 3485 3486 2995
f 2994 2996 2997
f 2997 3487 2441
f 2996 2995 4630
f 4629 3164 2492
f 4629 2492 2998
f 2999 2998 2363
f 3000 2865 3435
f 3001 2695 3002
f 3003 3004 2484
f 3003 3005 3004
f 3004 3006 2357
f 2610 3126 2989
f 4121 3241 3249
f 3240 3061 3605
f 3008 3234 3221
f 3230 3008 3608
f 3230 3608 3380
f 3022 3025 3380
f 2865 3012 3349
f 2865 3340 3012
f 3012 3347 3349
f 3340 3416 3012
f 3010 2707 3416
f 3352 3348 3015
f 3496 2684 3641
f 3015 3343 2711
f 3342 3014 3021
f 2686 2722 3354
f 2686 3354 3017
f 3498 3500 2407
f 3500 3021 2407
f 3017 3357 3501
f 2407 3021 3018
f 3014 2730 3021
f 3016 2730 3014
f 3354 2506 3017
f 3017 2506 3357
f 3357 2506 2512
f 2502 2512 3020
f 2526 2409 2521
f 3498 2722 3642
f 2407 3018 3019
f 2509 2515 3608
f 3502 2507 2520
f 3337 2503 2516
f 3608 2515 3380
f 3502 2520 3023
f 2515 3062 3026
f 2515 3026 3022
f 2520 2524 3023
f 3026 3062 3024
f 3062 3023 3024
f 2524 3027 3023
f 2524 2522 3027
f 3026 3035 3022
f 3024 3023 3031
f 2409 3028 2522
f 3028 2409 3381
f 2522 3032 3027
f 3023 3027 3031
f 3026 3024 3030
f 3031 3392 3024
f 3030 3024 3392
f 3032 2522 3028
f 3034 3029 2528
f 3031 3027 3033
f 3026 3030 3035
f 3027 3032 3033
f 3381 3036 2370
f 3392 3031 3033
f 3034 2528 3041
f 3033 3032 3040
f 3032 3028 2370
f 3035 3030 4274
f 3028 3381 2370
f 2528 3039 3041
f 3033 3040 3038
f 3034 3044 3036
f 3033 3038 3392
f 3036 3044 3037
f 3034 3041 3044
f 3032 2370 3040
f 3036 3037 2370
f 2775 3382 3039
f 3039 3382 3388
f 2370 3037 3389
f 3039 3042 3041
f 3039 3388 3045
f 3040 2370 2529
f 3043 3044 3041
f 3039 3045 3042
f 3398 3038 4281
f 3041 3042 3043
f 3038 2529 4281
f 3388 3048 3045
f 3044 3043 3047
f 3389 3044 3047
f 2368 3638 2366
f 3043 2368 3047
f 3638 3045 2366
f 3388 3046 3048
f 3389 3047 3050
f 2529 3051 3049
f 2368 3056 3047
f 3050 3054 3053
f 3048 2449 2452
f 3051 3050 2537
f 3050 3053 2537
f 2368 2367 3056
f 3051 3055 3052
f 3054 3047 3056
f 3056 2531 3054
f 3056 3407 2531
f 3056 2367 3058
f 3058 3407 3056
f 3057 3059 3406
f 3057 2451 3059
f 3059 2451 3409
f 2897 3060 4698
f 2942 2933 3632
f 3416 2707 2490
f 3011 3497 3494
f 3491 3494 3640
f 3337 3021 3268
f 3402 3394 3067
f 3394 3399 3065
f 3394 3065 3067
f 3399 3066 3065
f 3399 3404 3066
f 3510 3068 3408
f 3067 3070 3064
f 3065 3069 3067
f 3066 3068 2116
f 3067 3069 3070
f 3066 2116 3071
f 3065 3066 3071
f 3068 3510 2116
f 3065 3071 3069
f 2287 3665 2115
f 3069 3071 2117
f 3070 3069 2120
f 3071 2116 2118
f 3206 3513 3196
f 2556 2552 3517
f 2552 3515 3517
f 3518 3201 3295
f 3294 3516 3073
f 3519 3295 3201
f 3201 3294 3074
f 3201 3074 3519
f 3074 3294 3073
f 3074 3073 3521
f 3520 3519 3075
f 3075 3519 3074
f 2850 2558 2561
f 3520 3075 3076
f 2561 3080 2850
f 2560 3076 3083
f 3076 3075 3083
f 3075 3522 3081
f 2561 2559 3078
f 2559 3083 3082
f 3296 3077 3086
f 3077 2563 3086
f 2559 3082 3078
f 3075 3081 3524
f 3077 3648 2563
f 3296 3086 3081
f 2855 3079 3084
f 3081 3086 3085
f 3080 2561 3078
f 3083 3075 3524
f 3080 3078 3530
f 3083 3531 3082
f 3079 3080 3087
f 3080 3530 3087
f 2563 3648 3649
f 3084 3079 3087
f 3081 3085 3524
f 3083 3524 3531
f 3087 3530 3678
f 3088 3524 3089
f 3089 3650 3298
f 3089 3298 3535
f 3088 3089 3535
f 3090 3653 3091
f 3087 3092 3084
f 3092 3087 3299
f 3298 3090 3091
f 3298 3091 3203
f 3653 3202 3091
f 3653 3297 3202
f 3203 3091 3202
f 3437 3312 3528
f 3528 3312 3533
f 3539 2674 3302
f 3312 3315 3094
f 3312 3094 3533
f 3094 3315 3097
f 3533 3094 3106
f 3095 3093 3305
f 3094 3096 3106
f 3094 3097 3096
f 3097 3317 3323
f 3093 3324 3305
f 3097 3323 3098
f 3098 3096 3097
f 3313 3319 3326
f 3328 3099 3098
f 3328 3333 3334
f 3099 3328 3334
f 2566 2411 2567
f 3334 2568 3339
f 3102 2564 3103
f 2564 2565 3103
f 3104 3439 3438
f 2565 3669 3103
f 3438 3107 3104
f 3104 3544 3542
f 3541 3448 3542
f 3107 3105 3537
f 3104 3107 3544
f 3106 3096 3537
f 3107 3109 3544
f 3537 3096 3546
f 3537 3108 3107
f 3109 3107 3110
f 3108 3546 3111
f 3110 3107 3108
f 3543 3109 3112
f 3109 3110 3112
f 3108 3114 3110
f 2862 3108 3111
f 3112 3110 3113
f 3108 2862 3114
f 3113 3110 3115
f 3111 2548 2862
f 3115 3110 3114
f 2376 3101 2411
f 2972 3478 3215
f 2580 3116 3217
f 2580 3217 3118
f 2973 2974 2579
f 4614 3548 3549
f 3129 3273 3282
f 3129 3282 3128
f 3282 3283 2577
f 3124 3152 3284
f 3124 3700 2977
f 3124 3284 3700
f 2381 2913 3700
f 2619 2968 3168
f 2577 2584 3130
f 3128 3282 3130
f 3282 2577 3130
f 3128 3130 3131
f 3128 3132 3129
f 3129 3132 3548
f 3128 3131 3132
f 3132 3549 3548
f 3130 2907 3131
f 3549 3132 3550
f 3131 2907 3135
f 3131 3135 3132
f 2975 3133 3476
f 3133 2587 3476
f 3132 3135 3550
f 3550 3135 3552
f 2587 2586 3134
f 2575 2573 3220
f 2586 2982 3134
f 3552 3135 2588
f 2575 3220 2683
f 3123 3137 3136
f 2683 3220 2688
f 3138 4713 3233
f 3138 3136 4713
f 3136 3137 4659
f 2588 3139 2591
f 3552 2588 3140
f 2688 3478 2682
f 2688 3555 3478
f 2682 3478 3477
f 4713 3136 4659
f 2588 2591 3140
f 3220 2973 3215
f 3139 3134 2591
f 3141 3759 4669
f 2597 2599 4621
f 2596 2595 3143
f 2595 2594 3143
f 3143 2594 3144
f 3143 3144 3146
f 3145 3143 3146
f 3144 3142 3146
f 4617 2604 4619
f 3145 3146 3697
f 3697 2603 2601
f 3436 3304 3307
f 3697 2379 2603
f 3307 3305 3317
f 3142 4618 3698
f 3146 3142 3698
f 2602 2984 2603
f 3697 3696 2379
f 3147 2608 3696
f 4618 2613 3148
f 2609 4079 3149
f 2609 2976 2613
f 2976 2609 3149
f 3148 2613 3154
f 2611 3155 3151
f 2610 3150 2615
f 2380 3558 3151
f 3154 2613 3559
f 2976 3149 3124
f 2612 2614 3150
f 2613 2976 3559
f 3153 3154 3156
f 3154 3559 2620
f 2615 3150 3560
f 3154 2620 3156
f 3156 2620 3158
f 4631 2380 3163
f 2383 3703 3701
f 3158 2620 4672
f 3153 2385 3159
f 3158 4672 3160
f 3153 3156 2385
f 3159 2385 3161
f 2383 2616 3162
f 2385 3156 3158
f 3166 4672 3566
f 3160 4672 3166
f 3160 3567 3158
f 2385 3158 3567
f 3161 2385 3164
f 3160 3166 4651
f 3162 2616 2618
f 3166 3566 3170
f 3165 2618 3168
f 3166 3170 4651
f 3566 3167 2498
f 3170 3566 2498
f 3171 3169 2388
f 4651 3170 3379
f 3170 3127 3379
f 3127 2946 3379
f 2388 2349 3171
f 2394 2445 2396
f 2394 3378 5001
f 2397 2396 2398
f 2623 3409 2628
f 2667 2669 3577
f 3681 3680 3679
f 2828 3417 3415
f 3176 3431 3178
f 3431 3177 3430
f 3426 3178 3428
f 3178 3431 3428
f 3428 3431 3186
f 3425 3426 3182
f 3424 3425 3427
f 3186 3431 3180
f 3424 3427 2877
f 3425 3182 3427
f 3431 3179 3180
f 3428 3186 3426
f 3185 2428 3183
f 3426 3186 3182
f 2877 3427 3184
f 2877 3184 3423
f 3427 3182 3184
f 3183 2429 3187
f 3181 3423 3184
f 3182 3186 2664
f 3185 3183 3190
f 2875 3422 3188
f 3181 3184 3192
f 3420 3205 3512
f 3190 3183 2639
f 3187 2875 3188
f 3181 3188 3422
f 3184 3182 2664
f 3185 3190 3688
f 3187 3188 2644
f 3189 3190 3191
f 3421 3194 3204
f 3188 3181 3193
f 3194 3421 3191
f 3188 3193 2644
f 3192 3184 2657
f 3181 3192 2657
f 3181 2657 3193
f 2657 3184 2664
f 3190 3195 3191
f 3190 2643 3195
f 3194 3191 3195
f 3194 3195 3573
f 3195 2804 3573
f 3196 3570 3199
f 3189 3191 3205
f 3512 3205 3514
f 3072 3199 3515
f 3200 3575 3197
f 3573 3198 3575
f 3208 3209 3202
f 3207 3302 3589
f 3208 3202 3297
f 3540 3536 3538
f 3536 3583 3210
f 3536 3584 3583
f 3209 3585 3540
f 3209 3208 2663
f 3583 3581 3210
f 3534 3580 3674
f 3534 3210 3580
f 3210 3581 3580
f 3580 3581 3577
f 2687 2500 3639
f 3211 2509 3008
f 3011 3604 3212
f 3211 3008 3009
f 3222 3211 3221
f 3216 3212 3223
f 3011 3491 3604
f 3639 2500 3640
f 3008 2509 3608
f 2685 3216 3219
f 2972 3215 3117
f 2500 3222 3640
f 3478 3555 3215
f 3222 3225 3640
f 3009 3008 3221
f 3116 3117 3217
f 3216 3235 3237
f 3216 3237 3219
f 3117 3215 3217
f 3213 3116 2580
f 3216 3223 3235
f 3214 3213 3706
f 3229 3218 3227
f 3215 2973 3217
f 3222 3228 3225
f 3491 3241 3604
f 3222 3221 3228
f 2580 3118 3226
f 3221 3234 3228
f 3008 3230 3234
f 3118 2579 3119
f 3220 4715 2973
f 3219 3237 3239
f 3229 3227 4096
f 3061 3240 3491
f 2510 4084 3227
f 4084 4096 3227
f 3118 3119 3226
f 2973 4715 4709
f 3491 3240 3241
f 3119 4647 3226
f 3219 3239 3243
f 3223 3224 3235
f 3229 4096 2501
f 4715 4712 4709
f 2574 3219 3244
f 3219 3243 3244
f 4693 4692 3236
f 3230 3231 3238
f 3241 3242 3224
f 3605 3234 3240
f 3234 3230 3238
f 3232 3121 3138
f 2574 3244 4663
f 3380 3231 3230
f 3234 3238 3240
f 3138 3121 2578
f 3319 3318 3120
f 3235 3224 3248
f 3232 4717 3121
f 3240 3238 3245
f 3237 3235 3254
f 3237 3254 3239
f 3224 3242 3248
f 3236 4692 3251
f 4712 4711 4709
f 3235 3248 3254
f 3239 3254 3250
f 4692 3488 3251
f 3240 3249 3241
f 3242 3241 4121
f 4717 3246 3121
f 3239 3250 3243
f 3248 3242 3252
f 3240 3245 3249
f 3244 3243 3257
f 3254 3253 3250
f 4121 3252 3242
f 3120 3326 3319
f 3243 3250 3257
f 3248 3252 3254
f 3244 3257 3256
f 3250 3253 3257
f 3121 3255 3247
f 3121 3246 3255
f 3246 4662 3259
f 3252 4121 4128
f 2578 3247 3255
f 3246 3259 3255
f 2578 3258 2576
f 3256 3257 3262
f 3257 3261 3262
f 3257 3253 3261
f 3253 3254 3261
f 2578 3255 3258
f 3252 4128 3254
f 3254 4128 3261
f 3259 3263 3255
f 3488 4708 3251
f 3120 3318 3321
f 4662 3260 3263
f 3259 4662 3263
f 3251 4708 3122
f 3260 3264 3263
f 3263 3264 3258
f 3260 4661 4134
f 3260 4134 3264
f 4616 3123 2576
f 3258 3264 3266
f 3258 3266 3265
f 3333 3547 3335
f 3120 3327 3330
f 3264 4134 3266
f 4614 4615 3269
f 4134 4144 3266
f 4615 3267 3269
f 3267 3265 4149
f 3269 3267 3270
f 3265 3266 4149
f 3270 3267 4149
f 3269 3270 3271
f 3270 4149 3272
f 3270 3272 3271
f 4149 4152 3272
f 4614 3273 3548
f 4614 3269 3273
f 4149 4148 4152
f 3272 4152 3274
f 3269 3271 2702
f 3271 3272 3278
f 3274 4152 3275
f 3272 3274 3276
f 3271 3278 2702
f 3276 3274 3279
f 3273 3269 3277
f 3269 2702 3277
f 3548 3273 3129
f 3276 3279 3281
f 3274 3275 3279
f 2975 3276 3281
f 3279 2703 3281
f 3281 3280 2975
f 3133 2975 3280
f 3282 3273 3277
f 3281 2703 3280
f 3277 2702 3691
f 3280 2703 2480
f 3691 3692 3277
f 3282 3692 3283
f 3282 3277 3692
f 3284 3152 3729
f 3693 2577 3283
f 3283 3692 3693
f 3690 3693 3359
f 3284 3729 3285
f 3284 3285 2569
f 3285 3802 2569
f 2577 3693 2584
f 3375 3286 3288
f 3286 3287 3288
f 2427 3513 3206
f 3204 3194 3291
f 3204 3291 3289
f 3289 3291 3293
f 3289 3293 3294
f 3289 3294 3201
f 3294 3293 3516
f 3293 3574 3516
f 2640 3578 3647
f 3647 3648 3644
f 3644 3648 3077
f 3645 3077 3296
f 3522 3645 3296
f 3522 3296 3081
f 2850 3080 3079
f 3653 2810 2812
f 2812 3297 3653
f 2856 2855 3300
f 3299 3675 3207
f 3174 2674 3539
f 3084 3301 2855
f 2855 3301 3300
f 2564 3300 3303
f 3112 3670 2430
f 3092 3299 3207
f 3300 3301 3303
f 3084 3092 3301
f 2674 3306 3302
f 3301 3304 3303
f 3303 3436 3439
f 3308 3302 3306
f 2674 2677 3306
f 3301 3307 3304
f 3301 3092 3307
f 3306 2677 2821
f 3436 3311 2861
f 3307 3092 3305
f 3302 3308 3093
f 3308 3306 3316
f 3311 3315 2861
f 3306 2821 3316
f 2713 3309 3314
f 3315 3311 3317
f 3318 2680 3321
f 2860 3310 3455
f 3308 3313 3093
f 2821 3318 3316
f 2861 3315 3312
f 3308 3316 3313
f 3314 2708 3320
f 3315 3317 3097
f 3316 3318 3319
f 3305 3323 3317
f 3321 2680 3325
f 2728 2732 2721
f 2721 2718 2728
f 3320 2708 2676
f 3305 3324 3323
f 3321 3325 3327
f 3120 3321 3327
f 2680 2676 3325
f 3316 3319 3313
f 3324 3328 3098
f 3323 3324 3098
f 3324 3313 3328
f 2676 2708 2490
f 2676 3331 3325
f 2676 2490 3331
f 3313 3326 3328
f 2708 3329 2490
f 3327 3325 3330
f 3329 3416 2490
f 3330 3326 3120
f 3330 3325 3331
f 3330 3331 3332
f 3331 3010 3332
f 3010 3416 3340
f 3328 3547 3333
f 3326 3330 3332
f 3603 3016 3014
f 3326 3332 3547
f 3416 3014 3341
f 3547 3332 3336
f 3013 3416 3341
f 3335 3547 3336
f 3416 3013 3012
f 3333 3335 3334
f 3332 3010 3340
f 3332 3338 3336
f 3332 3000 3338
f 3012 3013 3347
f 3332 3340 3000
f 3341 3014 3342
f 3013 3341 3345
f 3013 3345 3344
f 3000 3340 2865
f 3347 3013 3344
f 3348 3343 3015
f 3341 3342 3346
f 3344 3345 3347
f 3341 3346 3345
f 3347 3351 3349
f 3348 3352 3350
f 3345 3346 3351
f 3349 3351 3355
f 3346 3350 3554
f 3350 3352 3353
f 3351 3346 3356
f 3498 3354 2722
f 3554 3350 2476
f 3351 3356 3355
f 3350 3353 2476
f 3496 2722 2684
f 3346 3554 3356
f 2722 2686 2684
f 3357 2504 3501
f 2420 2405 2699
f 3353 3352 3212
f 2582 3562 3358
f 2584 3690 3130
f 2702 3278 2908
f 2480 3360 2981
f 2981 3360 3361
f 3360 3363 3361
f 3360 4234 3363
f 3363 3362 3361
f 4921 2401 2402
f 4973 3364 3671
f 2983 3365 3364
f 2983 3366 3365
f 3365 3366 2704
f 3366 3367 2406
f 4621 2985 4617
f 3307 3311 3436
f 2706 3699 2879
f 3368 2881 2882
f 2881 2880 2882
f 3368 2882 2883
f 3368 2883 3369
f 2440 2441 2442
f 4697 3600 2900
f 3600 4697 3373
f 3600 3373 2393
f 3371 3375 3562
f 3371 3372 3375
f 3375 3372 3286
f 3372 4674 3376
f 3286 3372 3689
f 3372 3376 3689
f 3286 3689 3472
f 4959 3378 3664
f 3286 3472 3474
f 2394 2396 3378
f 3378 2621 3377
f 3378 2396 2621
f 2621 2397 3173
f 3483 3126 3484
f 2407 3019 2742
f 3062 3502 3023
f 3380 2515 3022
f 2409 3029 3381
f 3022 3035 3025
f 3381 3034 3036
f 2766 3383 3382
f 4931 2793 2783
f 2780 2785 3385
f 2785 2782 3385
f 2766 3384 3383
f 2782 3386 3385
f 2780 3385 3384
f 3388 3382 3383
f 3384 3385 3387
f 3385 2447 3387
f 3386 3393 3385
f 2794 2789 2797
f 3385 3390 2447
f 3383 3046 3388
f 3385 3393 3390
f 3030 3392 4274
f 3037 3044 3389
f 3386 3395 3393
f 3392 3038 3398
f 3387 2449 3046
f 4274 3392 3398
f 3391 2449 3387
f 2795 2796 3395
f 3042 3045 3638
f 2792 3394 3595
f 3393 3396 3390
f 3595 3394 3402
f 2792 3397 3399
f 3394 2792 3399
f 3395 2796 3400
f 3045 3048 2366
f 3396 3393 3405
f 3393 3395 3400
f 3397 2799 3404
f 3391 2447 2450
f 3393 3400 3405
f 4274 3398 3401
f 3397 3404 3399
f 2799 2790 3404
f 3401 3398 4281
f 3048 2452 2366
f 3396 3405 3403
f 3404 2790 2798
f 3402 3067 3400
f 2366 2452 2530
f 3405 3400 2888
f 3047 3054 3050
f 3067 3064 3400
f 2888 3400 3064
f 2452 3057 2530
f 2530 3057 3406
f 3404 3068 3066
f 2510 3227 3218
f 2451 2885 3409
f 2888 3064 3411
f 4281 2462 3410
f 3064 3070 3411
f 2462 3412 3410
f 2453 2889 3629
f 3051 3503 3055
f 3058 2886 3407
f 3058 2457 2886
f 3630 3060 2896
f 2462 2936 3412
f 2897 2896 3060
f 3231 3380 4255
f 3411 3070 2252
f 3411 2252 2890
f 2457 2897 4698
f 2890 2252 3607
f 4295 4679 3413
f 3862 3633 2942
f 3195 2643 2804
f 3669 2815 3668
f 2868 3418 3459
f 2710 2827 3415
f 2828 3415 2827
f 3459 3418 3597
f 2828 2825 3417
f 3415 3417 2712
f 2825 2720 3417
f 2870 2726 2829
f 2724 2734 2733
f 2802 3419 3420
f 3512 2802 3420
f 3419 3687 3420
f 3687 3688 3420
f 3205 3420 3688
f 3687 3185 3688
f 3205 3191 3421
f 3688 3190 3189
f 2429 2875 3187
f 2875 2876 3422
f 3422 2876 3423
f 3198 2804 2805
f 3422 3423 3181
f 3425 2426 3426
f 2426 2353 3426
f 2353 3178 3426
f 3430 2832 2837
f 3430 3177 2832
f 3176 3177 3431
f 3431 3430 3432
f 3179 3431 3432
f 4892 3456 2863
f 2800 2840 2874
f 3434 3437 3438
f 3589 3095 3092
f 3439 3434 3438
f 3305 3092 3095
f 3436 3434 3439
f 3438 3437 3529
f 3438 3529 3105
f 3105 3107 3438
f 2846 2851 3441
f 2851 3442 3441
f 3334 3001 2689
f 2562 3102 3440
f 3292 3441 3685
f 3440 3102 3446
f 2689 3001 3002
f 3443 3445 3442
f 3446 3102 3103
f 3441 3442 3667
f 3443 3446 3445
f 3445 3667 3442
f 3446 3447 3445
f 3541 3542 3543
f 3446 3103 3447
f 3541 3543 3448
f 3544 3109 3545
f 3445 3447 2814
f 3667 3445 2814
f 3447 3103 3669
f 3448 3543 3112
f 3114 2862 3449
f 2430 3448 3112
f 2862 2431 3449
f 2862 2566 2431
f 3453 3449 2431
f 3114 3449 3451
f 3482 3125 2423
f 3449 3453 3451
f 3451 3453 3310
f 2816 3451 3310
f 3452 2864 2863
f 2816 3310 3454
f 2864 4892 2863
f 3453 3455 3310
f 3455 3453 3456
f 3454 3457 2867
f 2825 2829 2720
f 3458 2868 3459
f 2720 2829 2739
f 3458 3459 3597
f 2933 3633 2932
f 4654 2956 4652
f 2629 2453 3569
f 2940 2546 3884
f 4645 2944 4641
f 2968 2619 3469
f 3468 3469 3471
f 3468 3471 3472
f 3470 2971 4674
f 3469 2619 3471
f 4674 2914 3470
f 2619 2617 3471
f 4318 3470 2914
f 3472 3471 3473
f 2617 3473 3471
f 3472 3473 3474
f 3473 2617 2912
f 3473 3475 3474
f 2476 2575 2683
f 3002 2695 2419
f 3005 3006 3004
f 2358 2410 3006
f 2410 2358 2481
f 2360 2361 2477
f 2477 2361 2487
f 2979 2695 2978
f 2481 3116 3213
f 2410 2481 3213
f 3311 3307 3317
f 2488 3481 3367
f 3479 3125 3482
f 3479 3482 3481
f 2990 2993 2992
f 3484 3126 3370
f 3484 3370 4627
f 2992 2993 2994
f 2615 3560 3564
f 2615 3564 4628
f 3485 3483 4632
f 3485 4632 3486
f 3163 4629 4631
f 4629 3163 3164
f 2995 3486 4630
f 4650 4642 3171
f 4642 3169 3171
f 4699 4648 3171
f 3171 2349 3490
f 4699 3171 3490
f 3224 3212 3604
f 3241 3224 3604
f 3352 3493 3492
f 3497 3492 3495
f 3492 3493 3495
f 3491 3640 3061
f 3493 3352 3496
f 3061 3640 3225
f 3352 3015 3496
f 3495 3493 3641
f 3493 3496 3641
f 3061 3225 3605
f 3496 3015 3643
f 2722 3496 3642
f 3498 3642 3643
f 3342 3021 3499
f 3643 3499 3500
f 3498 3643 3500
f 3500 3499 3021
f 2515 3502 3062
f 3051 3052 3049
f 3602 3504 2535
f 3504 3407 4702
f 3407 2886 4702
f 3505 2535 3507
f 2535 4702 3507
f 2937 2544 2543
f 3506 3505 2374
f 3505 3507 3508
f 2925 3506 2374
f 3507 3509 3508
f 2374 3505 2468
f 3505 3508 2468
f 3508 3509 3063
f 3509 2898 3063
f 3063 2534 3508
f 3509 4701 2898
f 3289 3201 3514
f 3072 3206 3199
f 3206 3196 3199
f 3514 3201 3518
f 3514 3205 3421
f 3514 3421 3204
f 3205 3688 3189
f 3516 3576 3200
f 3199 3512 3514
f 2550 3072 3515
f 2552 2550 3515
f 3514 3515 3199
f 3514 3518 3515
f 3514 3204 3289
f 3515 3518 3295
f 3517 3515 3519
f 3519 3515 3295
f 3576 3516 3574
f 3073 3516 3200
f 2556 3517 3520
f 3517 3519 3520
f 3073 3200 3521
f 3200 3197 3521
f 3074 3522 3075
f 3074 3521 3522
f 3522 3521 3523
f 3521 3197 3523
f 3086 3652 3525
f 3086 2563 3652
f 3524 3085 3527
f 3086 3525 3085
f 3524 3527 3526
f 3527 3085 3525
f 3528 3529 3437
f 3524 3088 3531
f 3652 3527 3525
f 3090 3298 3532
f 3082 3531 3210
f 3088 3535 3536
f 3530 3078 3534
f 3531 3088 3536
f 3650 3532 3298
f 3651 3653 3532
f 3533 3529 3528
f 3678 3530 3674
f 3090 3532 3653
f 3533 3537 3529
f 3210 3531 3536
f 3078 3082 3534
f 3534 3082 3210
f 3530 3534 3674
f 3533 3106 3537
f 3536 3535 3538
f 3535 3298 3538
f 3298 3203 3538
f 3529 3537 3105
f 3302 3207 3539
f 3538 3203 3540
f 3649 2647 2563
f 3203 3209 3540
f 2647 3579 3652
f 3652 2563 2647
f 3542 3545 3543
f 3542 3544 3545
f 3324 3093 3313
f 3537 3546 3108
f 3546 3100 3111
f 3100 3334 2689
f 3111 3100 2689
f 4614 3549 3551
f 3549 3550 3551
f 3476 2587 3139
f 2587 3134 3139
f 3551 3550 3552
f 2476 2683 3554
f 2573 4663 3220
f 3123 3489 3137
f 3552 3140 3551
f 3489 4657 3137
f 3489 4706 4657
f 3220 4663 3553
f 4663 4715 3553
f 3220 3215 3555
f 4658 4705 4656
f 4658 4703 4705
f 2591 2590 3141
f 2593 4669 3557
f 2593 3557 3142
f 4670 4619 2604
f 3142 3557 4671
f 3142 4671 4618
f 2491 2405 2420
f 3436 3303 3304
f 3151 3155 2380
f 2976 3157 3559
f 3559 3157 3561
f 3150 2614 3560
f 3561 3157 3563
f 3703 2383 3358
f 3358 2383 3162
f 3157 2583 3563
f 4672 4673 3566
f 3563 2583 3561
f 3566 4673 3565
f 2583 3165 3168
f 2583 2968 3561
f 3567 3160 4675
f 3566 3565 3167
f 4675 3160 4651
f 2583 3168 2968
f 3169 2570 2388
f 2114 3568 2069
f 3568 2890 3607
f 2638 3196 3513
f 3179 3432 3429
f 2801 3512 3570
f 3512 3199 3570
f 3179 3429 3572
f 3180 3179 3572
f 3186 3180 3572
f 2665 3572 3444
f 3194 3573 2803
f 3573 2804 3198
f 2803 3575 3576
f 3576 3575 3200
f 3647 3649 3648
f 3175 2668 2661
f 2661 2668 3581
f 3577 2669 3582
f 2649 3579 2645
f 3578 2645 3579
f 3578 3579 3646
f 2669 2670 3582
f 2668 3577 3581
f 2660 3584 2656
f 2808 2656 3584
f 2660 2661 3583
f 2661 3581 3583
f 3577 3582 3580
f 3585 2808 3584
f 3584 2660 3583
f 3677 3673 2670
f 3582 2670 3674
f 3540 3584 3536
f 2670 3673 3674
f 3582 3674 3580
f 2663 3585 3209
f 3673 3677 3587
f 2712 2710 3415
f 2749 3590 3591
f 2733 2734 3592
f 2749 3591 3592
f 3591 2741 3593
f 2776 2779 3594
f 2771 2773 2761
f 2772 2776 3594
f 2772 2761 2776
f 2761 2772 2771
f 3594 2779 3595
f 2796 3402 3400
f 3595 3402 2796
f 3381 3029 3034
f 3046 3383 3387
f 3384 3387 3383
f 2798 4872 3408
f 2793 2798 2790
f 4928 4931 3460
f 4931 2778 3460
f 2778 4931 2783
f 2888 2887 3405
f 2798 3068 3404
f 2739 2727 2720
f 3418 2871 3597
f 2725 3309 2713
f 2679 3596 2817
f 2825 2681 2829
f 2464 2636 2630
f 3598 2636 2464
f 2464 2630 2634
f 2919 2921 2474
f 2474 2922 2473
f 2473 2919 2474
f 2624 3601 2894
f 3599 3600 2393
f 2894 3601 2393
f 2393 3601 3599
f 3331 2490 2707
f 3224 3223 3212
f 3228 3605 3225
f 3234 3605 3228
f 2104 2106 2108
f 3009 3221 3211
f 3540 3585 3584
f 3302 3093 3589
f 2090 3568 3607
f 2318 3610 2316
f 3610 2315 3609
f 3610 2314 2316
f 2291 2314 3610
f 2312 2289 2288
f 2312 2210 2289
f 3710 3609 2315
f 2210 3612 3611
f 2318 2315 3610
f 3710 2296 3609
f 3612 2210 2314
f 2314 2291 3612
f 2254 3614 2142
f 2326 2151 3615
f 2326 3615 2082
f 2322 2316 2320
f 2113 3615 2151
f 2082 2333 2326
f 2251 2125 2135
f 3616 2151 2326
f 2326 2327 3616
f 2322 2320 2326
f 2320 2327 2326
f 2341 2342 2338
f 2341 2343 2342
f 2338 3618 2341
f 3617 3619 3618
f 3617 3618 2338
f 3623 2093 3620
f 2217 3622 3613
f 3622 2340 3620
f 2255 2218 2113
f 2221 2218 2255
f 3621 3620 2177
f 2177 2282 3621
f 3621 3622 3620
f 2340 3622 2221
f 3620 2255 3623
f 2255 2340 2221
f 2241 3626 2311
f 2279 3625 2153
f 2283 3606 2279
f 3625 2307 2153
f 2307 2305 2153
f 3626 2241 3628
f 2311 3625 3627
f 2266 3626 3628
f 2283 2279 2091
f 2279 3606 3625
f 3606 3627 3625
f 2311 3627 2241
f 2183 2309 2232
f 2344 2309 2271
f 2344 2271 2195
f 2183 2232 2282
f 2093 2183 2282
f 3629 3569 2453
f 2275 2106 2102
f 2889 2891 3629
f 2375 2372 2926
f 3631 3503 3051
f 2539 3503 3631
f 2372 2375 2539
f 2539 3631 2372
f 3633 2933 2942
f 3506 3636 3635
f 3635 3505 3506
f 2933 3634 3632
f 3634 3635 3636
f 3636 3632 3634
f 2545 2544 2937
f 2916 2540 3637
f 2540 2916 3055
f 3049 3052 2462
f 3043 3042 2368
f 3638 2368 3042
f 2684 3495 3641
f 2684 3639 3495
f 3497 3495 3639
f 3640 3494 3639
f 3494 3497 3639
f 3342 3499 2711
f 3499 3015 2711
f 3499 3643 3015
f 3642 3496 3643
f 3346 3342 3348
f 3350 3346 3348
f 3644 3198 2640
f 3197 3644 3523
f 3647 3644 2640
f 3198 3644 3197
f 3197 3575 3198
f 3523 3644 3077
f 3523 3077 3645
f 3522 3523 3645
f 3646 3647 3578
f 3651 2654 3653
f 3652 3579 3651
f 3651 3579 2649
f 3650 3526 3527
f 3526 3089 3524
f 3651 3532 3652
f 3652 3532 3527
f 2654 2810 3653
f 3526 3650 3089
f 3650 3527 3532
f 3203 3202 3209
f 2247 3654 3655
f 2247 2248 3654
f 3655 3654 2110
f 3658 2317 3656
f 2088 3658 3656
f 2317 3658 3657
f 2286 2077 3662
f 2087 3658 2088
f 3659 2250 2112
f 2109 3659 2112
f 2087 2286 3660
f 3661 3658 3660
f 2249 3662 2105
f 3660 2286 3662
f 2088 2108 2087
f 3659 3662 2249
f 3661 3659 2109
f 2087 3660 3658
f 3659 3661 3662
f 3660 3662 3661
f 2115 3665 3172
f 2115 3172 2071
f 2105 2115 2071
f 3510 3408 2448
f 3663 2078 2200
f 3172 3664 3377
f 3666 3665 3511
f 3378 3377 3664
f 2078 3663 2101
f 3666 3511 2448
f 3665 3664 3172
f 3511 2287 3663
f 3510 2448 3511
f 3665 2287 3511
f 3667 3684 3441
f 2814 2813 3667
f 3668 3447 3669
f 3670 3112 3113
f 3668 2815 3433
f 3115 3114 3451
f 3115 3451 3433
f 3433 3451 2816
f 3113 3115 3670
f 3322 3455 4933
f 4991 3322 4933
f 2431 3452 3453
f 3456 3453 3452
f 2863 3456 3452
f 3310 3457 3454
f 3455 3456 4933
f 3457 3310 2860
f 3366 2983 2488
f 3367 3366 2488
f 3364 3365 3671
f 3326 3547 3328
f 2672 2677 2674
f 2680 2820 2676
f 2680 3318 2677
f 2680 2677 2817
f 2820 2680 2817
f 3320 2713 3314
f 3676 3677 3586
f 3677 2670 3586
f 3588 3087 3678
f 3207 3675 3539
f 3087 3681 3299
f 3676 3587 3677
f 3673 3587 3588
f 3588 3674 3673
f 3299 3681 3675
f 3676 3680 3587
f 3587 3680 3588
f 3588 3680 3681
f 3588 3681 3087
f 3174 3681 3679
f 3539 3681 3174
f 3681 3539 3675
f 3674 3588 3678
f 2833 3682 2835
f 3571 3429 3683
f 3571 3444 3572
f 3571 3685 3444
f 3571 3290 3685
f 3572 3429 3571
f 3571 3683 3290
f 3429 2837 3683
f 2837 3429 3432
f 2837 3432 3430
f 3444 3684 2665
f 3292 2846 3441
f 3444 3685 3441
f 3444 3441 3684
f 3684 2666 2665
f 3687 3686 3185
f 3275 4234 3360
f 2703 3279 3360
f 3360 3279 3275
f 2603 3125 2602
f 2996 4630 2997
f 2997 4630 3487
f 2959 3466 2956
f 2955 3466 2959
f 2458 4640 4639
f 2458 4644 4640
f 2976 3371 3157
f 3562 3157 3371
f 2982 3362 3134
f 2982 3361 3362
f 2975 2908 3278
f 2908 3476 2910
f 2975 3476 2908
f 3272 3276 3278
f 3278 3276 2975
f 3690 2907 3130
f 3693 3690 2584
f 2908 3359 2702
f 3691 3359 3692
f 3692 3359 3693
f 3359 3691 2702
f 3255 3263 3258
f 3258 3265 2576
f 3479 3481 3480
f 3697 3146 3696
f 3694 3479 3480
f 3145 2601 2598
f 3479 2600 3695
f 4618 3148 3698
f 3148 2608 3147
f 3146 3147 3696
f 2601 2984 2598
f 2600 3479 3694
f 3146 3698 3148
f 2602 2598 2984
f 2602 3695 2600
f 2602 2600 2598
f 2601 3145 3697
f 3148 3147 3146
f 3699 3462 2879
f 3699 2878 3462
f 2914 3700 2913
f 3700 2914 4674
f 3700 4674 2977
f 3562 3375 3288
f 3702 3701 3287
f 3701 3703 3287
f 3702 3287 3475
f 3287 3703 3288
f 3703 3358 3288
f 3475 3287 3474
f 3358 3562 3288
f 3286 3474 3287
f 3565 3705 2964
f 3565 3704 3561
f 3704 3559 3561
f 3705 3565 3561
f 2968 3705 3561
f 3213 3226 3706
f 3226 3213 2580
f 2329 3709 3710
f 2329 2085 2324
f 3709 2324 3708
f 3708 3707 2298
f 2298 3709 3708
f 3709 2298 2299
f 3709 2299 3710
f 2296 3710 2299
f 2121 2127 3707
f 2324 3711 3708
f 3707 3708 2121
f 2121 3708 3712
f 2120 2121 3712
f 3708 3711 3712
f 3711 2275 3712
f 3607 2252 3712
f 3951 3837 3715
f 3713 3951 3715
f 3717 3713 3944
f 3844 3736 4038
f 3842 3844 4040
f 4463 4399 3743
f 4030 3757 3735
f 3764 3954 3768
f 3956 3969 4198
f 4209 4448 3779
f 3979 3777 4076
f 3714 4215 3803
f 3149 4447 3152
f 3997 3784 4246
f 4246 3998 3997
f 4246 4322 3999
f 4246 3999 3998
f 3811 4328 4244
f 4328 3811 3840
f 3835 4455 3953
f 4567 3732 4492
f 4567 4492 3938
f 3951 3713 3841
f 3930 3928 3931
f 4248 3744 3949
f 3715 3953 3948
f 3953 4250 3949
f 3939 4494 3717
f 2963 2965 3901
f 2961 3895 4639
f 2459 3887 3884
f 4306 3845 4307
f 3844 3845 4306
f 3718 4290 3720
f 3718 3720 3857
f 4295 4479 3720
f 3719 3718 3857
f 3720 4479 3864
f 3862 2942 2943
f 3935 4296 3825
f 4463 3743 3943
f 3960 4203 3721
f 4211 3722 3721
f 3722 3963 3721
f 3722 4211 4219
f 3722 4219 4226
f 3762 3764 3763
f 4226 3805 3968
f 3956 3967 3766
f 3778 3991 3781
f 3724 3990 3992
f 3993 3724 3994
f 4209 3779 3799
f 3724 3992 3994
f 3995 3993 3994
f 4491 3993 3725
f 3993 3995 3725
f 3814 3725 3726
f 3961 4235 3960
f 3971 3797 3972
f 4507 4503 4506
f 3986 3987 3727
f 3714 4080 4215
f 3727 3987 4243
f 4078 4447 3149
f 3727 4243 4342
f 3714 3838 4319
f 4341 3994 3992
f 3994 4341 4337
f 3995 3994 4337
f 4337 4341 4332
f 3995 4337 3731
f 3731 4337 4333
f 3731 4326 4254
f 3717 3841 3713
f 3948 3946 3713
f 4350 3915 3906
f 3732 4349 3733
f 3733 4349 4001
f 4562 3734 3758
f 4562 4297 3734
f 3734 4297 4298
f 3757 3734 3735
f 3757 4030 4028
f 3735 3734 4298
f 4030 3823 4032
f 3824 3735 4298
f 4038 4040 3844
f 3737 4304 4305
f 3737 4305 4034
f 4037 4034 4305
f 4305 4308 4037
f 3876 3752 4069
f 3752 3876 3891
f 3738 3906 3740
f 3738 3740 3741
f 3741 4410 3738
f 4543 4406 4686
f 4409 4410 3742
f 4410 3741 3742
f 4409 3742 3918
f 4409 3918 4408
f 4399 4404 3932
f 4399 3932 3743
f 4385 3744 4383
f 4392 3949 3744
f 4060 3850 3745
f 3745 3850 3854
f 3822 4429 4045
f 3847 4443 4442
f 4429 4315 4045
f 4433 3746 3871
f 3874 3747 4426
f 4426 3747 4061
f 4061 3747 3749
f 3747 3886 3749
f 4466 4365 4370
f 4147 3750 4063
f 4354 4166 4458
f 3750 4062 4063
f 4062 3750 4065
f 3751 4129 4053
f 4057 4425 4058
f 4058 4425 4056
f 4012 4015 4311
f 3754 3757 4026
f 4026 3757 4028
f 3755 3757 3754
f 3755 3756 3757
f 4029 4034 4071
f 3757 3756 3734
f 3761 4172 3789
f 4209 4215 4080
f 3761 3789 3827
f 3761 3827 3760
f 3790 3954 3762
f 3827 3763 3765
f 3954 3764 3762
f 3767 3955 3965
f 3761 3760 4074
f 3955 3767 3954
f 3954 3767 3768
f 3965 3973 3767
f 3763 3766 3765
f 3763 3764 3766
f 3760 3967 4186
f 3764 3768 3766
f 4074 3760 4186
f 4186 3967 3956
f 3797 3770 3972
f 2597 3769 3773
f 3769 3776 3773
f 3771 3977 3772
f 3774 3772 3977
f 3776 3796 4077
f 3796 3777 3779
f 3777 3979 3980
f 3774 3778 3781
f 3776 4077 3773
f 3777 3980 3782
f 3980 3774 3782
f 3777 3799 3779
f 3777 3782 3780
f 3782 3774 3781
f 3777 3780 3799
f 3782 3784 3783
f 3781 3991 4246
f 3782 3781 4246
f 3782 4246 3784
f 3780 3782 3785
f 3786 3784 3997
f 3787 4076 4075
f 4080 3714 4319
f 3275 4148 4234
f 4148 4164 4234
f 4148 4156 4164
f 3769 3759 4445
f 4169 4176 3788
f 4176 3790 3788
f 3791 4552 3793
f 4202 3960 3792
f 3793 4551 3794
f 4202 4203 3960
f 3768 3969 3956
f 4224 3792 3795
f 4198 3971 4073
f 4198 3797 3971
f 4195 3798 4201
f 3800 4209 3799
f 3799 3785 3800
f 3799 3780 3785
f 4206 4193 3804
f 4193 4239 3804
f 4206 4208 4217
f 3800 3785 3803
f 4239 3808 3804
f 3785 4245 3803
f 4217 4208 3806
f 4226 4225 3805
f 3806 4208 4222
f 3806 4222 4595
f 4210 3809 2569
f 4381 3808 4239
f 4208 3807 4222
f 3976 3983 4228
f 3809 4210 4216
f 3808 3811 3807
f 4216 4253 3809
f 3809 4253 3374
f 3808 4381 3811
f 3970 4227 4240
f 3970 4555 4227
f 4555 4222 3810
f 4222 3807 3812
f 4222 3812 3810
f 4231 4227 3813
f 3814 4491 3725
f 4227 3810 3813
f 3815 3814 3726
f 3816 3813 3817
f 4229 3815 3818
f 3817 3819 3829
f 4180 4358 4271
f 4087 3820 4085
f 4087 4085 4013
f 4013 4011 4006
f 4532 4082 3755
f 4036 3736 4293
f 4293 3736 4306
f 4304 4293 4306
f 4291 4295 3720
f 4612 3826 4235
f 4607 4612 4235
f 4076 3971 3775
f 3819 3830 3829
f 3829 3830 3831
f 3831 4247 4243
f 4243 4247 4342
f 4338 4251 4252
f 3831 3830 3835
f 4247 3832 4342
f 4247 3831 3835
f 4252 4334 4338
f 3992 4336 4341
f 4336 4340 4341
f 3832 4247 3835
f 3947 3834 3945
f 3830 4244 3835
f 3837 3832 3835
f 3832 3837 4336
f 4244 4455 3835
f 3374 4253 3836
f 3835 3953 3837
f 4253 4318 3836
f 4319 3838 3930
f 3838 3730 3930
f 3837 3953 3715
f 4318 4253 4320
f 3730 3933 3930
f 4249 3833 3716
f 3836 4318 2914
f 3716 3839 3931
f 3839 3716 3833
f 4249 3716 4316
f 3943 3825 4463
f 3842 4624 3843
f 3844 3842 3846
f 3843 4624 4680
f 3842 3843 3846
f 3845 3844 3846
f 4307 3845 3850
f 3845 3848 3850
f 3846 3843 3848
f 3845 3846 3848
f 3843 4680 3848
f 3848 3849 3850
f 3848 4680 3853
f 3413 2461 4479
f 3848 3853 3849
f 4287 3718 4684
f 2461 2931 4676
f 3853 4680 3851
f 3851 4684 3718
f 3852 4315 4429
f 3853 3851 3855
f 3849 3853 3858
f 3853 3855 3858
f 3851 3718 3856
f 3851 3856 3855
f 2461 4676 3866
f 3850 4444 3854
f 3855 3861 3858
f 3855 3856 3859
f 3856 3718 3719
f 3854 4444 4437
f 3855 3859 3861
f 3856 3719 3859
f 3864 4479 3866
f 3857 3720 3860
f 3859 3719 3861
f 3719 3857 3863
f 3861 3719 3865
f 3858 3861 4433
f 4678 2936 3862
f 4678 3862 3868
f 3719 3863 3865
f 3861 3746 4433
f 3860 3864 3867
f 4523 4522 4069
f 3861 3865 3746
f 3863 3857 3860
f 3867 3864 3866
f 3865 3869 3746
f 3867 3866 4667
f 3865 3863 3869
f 3863 3860 3869
f 4069 4522 3876
f 3866 3870 4667
f 3869 3872 3746
f 3869 3860 3872
f 3860 3867 3872
f 3866 4677 3870
f 2943 3878 3862
f 3873 3862 3878
f 3872 3875 3746
f 4522 3874 3876
f 3872 3867 4667
f 2943 3879 3878
f 4522 3747 3874
f 3878 3888 3873
f 3872 4667 3875
f 3746 3875 3882
f 3747 4522 3886
f 3870 4668 4667
f 3870 4677 4668
f 4677 3873 3888
f 3875 3880 3882
f 3875 4667 3880
f 4677 3888 4668
f 2949 3884 3883
f 4668 3888 3893
f 3880 3881 3882
f 3881 3880 4668
f 4452 3876 3874
f 3879 2949 3878
f 4431 3882 3881
f 3877 4688 3890
f 4451 3876 4452
f 3881 4668 3885
f 4521 4511 3886
f 3882 4431 3748
f 3883 3884 3887
f 3878 2949 3888
f 2459 2948 3887
f 4509 3892 4521
f 3876 4451 3891
f 3881 3889 4431
f 3888 2949 3883
f 4439 3877 3890
f 3888 3894 3893
f 3881 3885 3889
f 3883 3887 3894
f 3887 2948 3894
f 3888 3883 3894
f 4439 3890 3738
f 2948 3895 3894
f 4509 3897 3892
f 3886 4511 3900
f 3893 3894 3896
f 3894 3895 3898
f 3895 2961 3898
f 3892 3897 3899
f 3890 4688 4655
f 4511 3899 3900
f 3738 3890 4655
f 3886 3900 3749
f 3896 3894 3902
f 3889 3885 4689
f 3738 4655 3906
f 2961 2963 3901
f 3898 2961 3901
f 3900 3899 3903
f 3896 3902 4498
f 3899 3897 3903
f 4689 4686 3889
f 4498 3902 3904
f 3749 3900 4419
f 3889 4686 4406
f 3900 3903 4419
f 3894 3898 3905
f 3902 3894 3905
f 3898 3907 3905
f 3901 3908 3898
f 3902 3905 3904
f 3903 4513 4419
f 3898 3908 3907
f 4350 4655 3909
f 4655 4350 3906
f 3905 3907 3911
f 3740 3906 3915
f 3904 3905 3914
f 2965 3910 3901
f 2965 2967 3910
f 3740 3915 3741
f 3907 3912 3911
f 3910 2967 3913
f 2967 2969 3913
f 3901 3910 3908
f 4471 4543 4405
f 3908 3912 3907
f 3741 3915 3924
f 3913 2969 2970
f 3742 3741 3924
f 3911 3912 3919
f 4498 3917 4497
f 4498 3904 3917
f 3904 3914 3917
f 3912 3908 3910
f 4471 4405 4401
f 3910 3919 3912
f 3910 3913 3928
f 3742 3924 3921
f 3914 3905 3911
f 2970 3923 3913
f 3915 4350 3920
f 3914 3926 3917
f 3918 3742 3921
f 3913 3923 3931
f 3923 2970 4317
f 2970 2971 4317
f 3910 3928 3919
f 3913 3931 3928
f 3923 3716 3931
f 3919 3927 3911
f 3911 4565 3925
f 3924 3941 3921
f 3914 3925 3926
f 3914 3911 3925
f 3911 3927 4565
f 3920 4350 4493
f 3917 4586 4497
f 3917 3926 4586
f 3919 3928 4000
f 4404 3918 3932
f 3927 3919 4000
f 3716 3923 4317
f 4296 3935 3922
f 4565 3927 4564
f 3915 3920 3939
f 3928 3930 4000
f 3918 3921 3932
f 4497 4593 4492
f 3924 3915 3939
f 3927 4000 4564
f 4497 4586 4593
f 3930 3931 3839
f 3939 3920 4493
f 4564 4000 3934
f 3930 3933 4000
f 3924 3939 3941
f 3939 4493 4494
f 3932 3921 3937
f 3921 3941 3936
f 4563 4564 3934
f 3825 3943 3935
f 3937 3921 3936
f 4000 3999 3934
f 4591 4564 4590
f 3922 3935 4392
f 4492 4593 3938
f 3933 3998 4000
f 3935 3943 3940
f 3936 3941 3944
f 3937 3936 3932
f 3743 3932 3942
f 4594 4592 4566
f 3944 3941 3939
f 3935 3940 4392
f 3743 3942 3943
f 3932 3936 3946
f 3944 3939 3717
f 3936 3944 3946
f 3932 3946 3942
f 3943 3949 3940
f 3943 3942 3949
f 4563 3934 4321
f 4567 4592 4589
f 3732 4567 4349
f 3944 3713 3946
f 4349 4567 3945
f 4567 4589 3947
f 4567 3947 3945
f 3946 3948 3942
f 4589 4323 3947
f 3942 3948 3949
f 4392 3940 3949
f 3950 3733 4330
f 3950 3951 3841
f 3949 3948 3953
f 3948 3713 3715
f 3951 3950 4486
f 3733 4001 4330
f 4328 4455 4244
f 4234 4164 4160
f 4177 3955 3954
f 4177 4187 3955
f 3794 3958 4207
f 4197 4207 3959
f 4491 4230 3993
f 3993 4230 3724
f 3960 3721 3961
f 3788 3790 3962
f 3962 3790 3762
f 3961 3721 3963
f 3760 3827 3765
f 3762 3763 3962
f 3788 3962 3789
f 3963 3722 3966
f 3964 3961 3963
f 4226 3968 3722
f 3965 4237 3973
f 3966 3722 3968
f 3766 3768 3956
f 4237 4238 3973
f 3969 3768 4200
f 3805 3970 3968
f 3768 3767 4200
f 3966 3968 4240
f 3969 4200 4198
f 4200 3767 3770
f 3968 3970 4240
f 3797 4200 3770
f 3973 3975 3767
f 4347 4240 4241
f 4073 3971 4076
f 4238 3974 3973
f 4241 3976 4500
f 4241 4231 3723
f 3767 3975 3977
f 4241 3723 3976
f 3972 3770 3771
f 3973 3974 3975
f 4231 3813 3723
f 3972 3775 3971
f 3770 3767 3977
f 3975 3974 3982
f 3972 3771 3775
f 3977 3975 3982
f 3775 3979 4076
f 3771 3772 3775
f 3770 3977 3771
f 3723 3816 3978
f 3976 3978 3983
f 3978 3816 3981
f 3979 3775 3980
f 3978 3981 3983
f 3981 3816 3829
f 3974 3834 3982
f 3981 3985 3983
f 3981 3829 3985
f 4503 4507 3984
f 4503 3984 3988
f 3977 3778 3774
f 3983 3986 3989
f 3983 3985 3986
f 3977 3982 3778
f 3985 3987 3986
f 3984 3983 3988
f 3985 3829 3987
f 3829 3831 3987
f 3983 3989 3988
f 3988 3989 4501
f 3989 3986 3727
f 3727 4542 3989
f 3727 4342 4542
f 4542 4342 3990
f 4342 3832 3990
f 3992 3990 3832
f 3782 3783 3785
f 3783 3784 4245
f 4245 3784 3786
f 3786 3997 3730
f 4245 3786 3730
f 3725 3995 3731
f 3725 4254 3726
f 3725 3731 4254
f 4059 4477 3822
f 3997 3998 3730
f 3730 3998 3933
f 3998 3999 4000
f 3999 4322 3934
f 4496 3732 3733
f 4353 4199 4606
f 4002 4199 4353
f 4121 3249 3245
f 4127 3245 4004
f 3245 3238 4004
f 4127 4004 4117
f 4179 4175 4185
f 4099 4360 4100
f 4100 4360 4007
f 4185 4369 4358
f 4180 4271 4167
f 3755 3821 4532
f 4239 4180 4366
f 2510 4007 4360
f 4007 2510 2501
f 4008 4558 4009
f 4011 4012 4006
f 4006 4012 4094
f 4013 4085 4014
f 4012 4011 4015
f 4239 4366 4461
f 4014 4083 4537
f 4013 4019 4011
f 4014 4537 4538
f 4014 4538 4013
f 4011 4019 4015
f 4013 4538 4017
f 4264 4021 4268
f 4013 4017 4019
f 4264 3035 4021
f 4371 4372 4380
f 4538 4018 4017
f 4168 4371 4461
f 4371 4462 4461
f 4372 4377 4380
f 4371 4380 4462
f 4015 4019 4016
f 4017 4018 4020
f 4018 3821 4020
f 4019 4017 4024
f 4016 4019 4389
f 4017 4025 4024
f 3821 3755 4023
f 4017 4023 4025
f 4023 3755 3754
f 4023 3754 4026
f 4025 4023 4026
f 4024 4029 4027
f 4024 4025 4029
f 4025 4026 4028
f 4029 4025 4028
f 4028 4030 4032
f 4028 4032 4029
f 4385 4031 4465
f 4033 4030 3735
f 3823 4030 4033
f 4032 3823 4029
f 4033 3735 3824
f 4029 3823 4034
f 4033 3824 3823
f 3753 4034 4035
f 4034 3823 3824
f 4031 4396 4465
f 4034 3824 3737
f 3753 4035 4037
f 4035 4034 4037
f 4465 4294 4400
f 3753 4037 4114
f 4289 4286 4036
f 4289 4036 4293
f 3737 4303 4304
f 4282 4285 4036
f 4303 4293 4304
f 4036 4285 4038
f 4463 4396 4399
f 4036 4038 3736
f 4285 4682 4038
f 4038 4682 4039
f 4040 4038 4039
f 4039 4625 4623
f 4039 4623 4040
f 4006 4091 4041
f 4091 4059 4043
f 4042 4041 4095
f 4041 4091 4043
f 4041 4043 4045
f 4429 3822 4477
f 4044 4042 4422
f 4044 4422 4110
f 4047 4048 4102
f 4422 4049 4110
f 4553 4048 4047
f 3753 4553 4047
f 4107 4110 4415
f 4046 4442 4050
f 3847 4102 4048
f 4309 4048 4553
f 4415 4119 4107
f 4110 4418 4415
f 4119 4415 4414
f 4129 4066 4474
f 4051 4414 4412
f 4052 4450 4425
f 4412 4054 4053
f 4416 4421 4417
f 4057 4052 4425
f 4055 3891 4451
f 4413 4417 4140
f 3750 4147 4136
f 4417 4057 4058
f 4140 4058 4143
f 4058 4056 4420
f 4308 4060 4048
f 4060 3745 4048
f 4061 4419 4056
f 4054 4312 4517
f 3745 3854 4441
f 4419 4061 3749
f 4365 4367 4370
f 4062 4064 4063
f 4062 4066 4064
f 4062 4065 4066
f 4066 4129 4064
f 4066 4065 4474
f 4370 4411 4376
f 3752 3891 4055
f 3752 4068 4069
f 4068 4524 4069
f 4477 4070 4434
f 4477 4389 4070
f 4070 4389 4019
f 4070 4019 4027
f 3739 4531 4431
f 4406 3739 4431
f 4406 4431 3889
f 4070 4027 4071
f 4072 4046 4436
f 4071 4027 4029
f 4072 4034 4102
f 4072 4071 4034
f 3756 3758 3734
f 3753 4114 4553
f 4186 3956 4198
f 4215 4209 3800
f 2589 4473 3759
f 2589 3759 2590
f 4445 3761 4074
f 4445 4074 3769
f 4188 4446 4074
f 4074 4186 4188
f 4446 4188 3796
f 3769 4446 3776
f 4446 3796 3776
f 4075 4076 3777
f 3773 4077 4079
f 4079 4077 4078
f 4078 3149 4079
f 4447 3728 3729
f 3152 4447 3729
f 3756 3755 4082
f 4519 4081 4541
f 4081 4082 4532
f 4081 4532 4541
f 4561 4008 4554
f 4260 4083 4258
f 4556 4554 4086
f 4085 4083 4014
f 4554 4005 4086
f 4101 4084 4106
f 4258 4088 4259
f 4258 3820 4088
f 4013 4006 4087
f 4005 4259 4088
f 4088 4093 4005
f 4086 4005 4093
f 4087 4006 4041
f 4088 3820 4089
f 4087 4042 3820
f 4086 4093 4097
f 4089 3820 4042
f 4087 4041 4042
f 4088 4098 4093
f 4086 4097 4560
f 4089 4092 4088
f 4089 4042 4044
f 4091 4006 4094
f 4092 4089 4044
f 4560 4097 4478
f 4088 4092 4098
f 4096 4109 3231
f 4096 4084 4101
f 4093 4098 4097
f 4095 4041 4045
f 4360 4084 2510
f 4092 4044 4107
f 4098 4092 4107
f 4478 4103 4560
f 4012 4104 4094
f 4560 4103 4100
f 4094 4104 4091
f 4360 4099 4106
f 4107 4044 4110
f 4097 4098 4478
f 4478 4098 4103
f 4012 4067 4104
f 4102 3753 4047
f 4099 4100 4103
f 4099 4103 4105
f 4096 4101 4109
f 4103 4098 4105
f 4105 4098 4107
f 4453 4436 4046
f 3231 4108 3238
f 4105 4113 4099
f 4106 4099 4111
f 4105 4107 4113
f 4453 4046 4050
f 4111 4112 4101
f 3238 4108 4004
f 4109 4101 4112
f 4113 4115 4099
f 4111 4099 4115
f 4113 4107 4119
f 4111 4115 4112
f 4113 4119 4051
f 4109 4112 4116
f 4109 4116 4108
f 4115 4113 4051
f 4108 4116 4118
f 4112 4120 4116
f 4004 4108 4117
f 4112 4115 4120
f 4427 4526 4052
f 4108 4118 4117
f 4120 4115 4051
f 4122 4427 4052
f 4119 4414 4051
f 4120 4051 4123
f 4526 4124 4450
f 4052 4526 4450
f 3245 4127 4125
f 3245 4125 4121
f 4123 4129 4474
f 4117 4118 4474
f 4065 3750 4131
f 4526 4068 4124
f 4123 4051 4412
f 4121 4125 4128
f 4124 4126 4450
f 4117 4474 4127
f 4412 4053 4123
f 4128 4135 3261
f 4450 4126 3874
f 4124 4055 4126
f 4510 4122 4057
f 4510 4057 4132
f 4122 4052 4057
f 4123 4053 4129
f 3261 4135 4661
f 4127 4474 4130
f 4126 4452 3874
f 4258 4085 3820
f 4128 4125 4135
f 4127 4130 4133
f 4661 4135 4134
f 4452 4126 4451
f 4135 4125 4138
f 4125 4127 4133
f 4131 3750 4136
f 4055 4451 4126
f 4130 4131 4136
f 4138 4125 4133
f 4135 4139 4134
f 4134 4139 4144
f 4135 4138 4139
f 4130 4549 4133
f 4138 4133 4141
f 4140 4417 4058
f 4133 4549 4142
f 4133 4142 4141
f 4143 4058 4420
f 4144 4145 3266
f 4136 4147 4137
f 4549 4548 4142
f 4136 4137 4151
f 4141 4142 4150
f 4136 4151 4146
f 4145 4149 3266
f 4139 4153 4144
f 4141 4150 4138
f 4139 4138 4153
f 4142 4548 4150
f 4138 4150 4153
f 4548 3791 4150
f 4144 4155 4145
f 4157 4149 4145
f 4144 4153 4155
f 4153 4150 4154
f 4149 4157 4148
f 4152 4148 3275
f 4157 4145 4162
f 4150 3791 4154
f 4137 4147 4161
f 4148 4157 4156
f 4145 4155 4162
f 4458 4165 4147
f 4147 4362 4458
f 4146 4151 4550
f 4155 4153 4158
f 4147 4165 4161
f 3791 4548 4552
f 4153 4154 4158
f 4156 4157 4163
f 4154 3791 4573
f 4458 4166 4165
f 4157 4162 4163
f 4155 4158 4569
f 4158 4154 4159
f 4137 4161 4151
f 4159 4154 4573
f 4151 3957 4550
f 4159 4573 4580
f 4160 4164 4172
f 4163 4169 4156
f 4165 4166 4173
f 4164 4156 4169
f 3791 3793 4573
f 4161 4165 4178
f 4151 4161 3957
f 4164 4169 3788
f 4162 4171 4163
f 4155 4171 4162
f 4573 3793 4582
f 4165 4173 4181
f 4354 4175 4166
f 4354 4356 4175
f 4165 4181 4178
f 4359 4355 4356
f 4163 4171 4169
f 4171 4155 4170
f 4164 3788 4172
f 4550 3957 4345
f 4172 3788 3789
f 4161 4178 4190
f 4582 3793 4174
f 3793 3794 4174
f 4356 4355 4175
f 4187 4171 4170
f 4169 4171 4177
f 4170 4568 4182
f 4181 4192 4178
f 4171 4187 4177
f 4170 4182 4187
f 3794 4547 3958
f 4179 4181 4173
f 4568 4583 4182
f 4174 4189 4582
f 4192 4191 4178
f 4358 4180 4185
f 4174 3794 4189
f 3790 4176 3954
f 4183 4581 4184
f 4185 4180 4193
f 4178 4191 4190
f 4185 4206 4179
f 4181 4179 4192
f 4191 4195 4190
f 4179 4206 4192
f 4182 4583 3965
f 4196 3794 4207
f 4185 4193 4206
f 4192 4205 4191
f 4192 4206 4205
f 4581 4189 4584
f 4207 4348 4545
f 4190 4195 4201
f 4186 4198 4073
f 4190 4201 4194
f 4189 3974 4584
f 4189 3794 4196
f 4207 4197 4196
f 4606 4199 4605
f 4191 4205 4195
f 4202 4199 4002
f 4545 4544 4204
f 4195 4205 3798
f 4544 4201 4204
f 4545 4204 4207
f 4199 4202 3792
f 4605 4199 3792
f 4002 4203 4202
f 3729 3801 3285
f 4186 4073 4188
f 4204 4201 4212
f 4205 4217 3798
f 4206 3804 4208
f 4206 4217 4205
f 4207 4204 3959
f 3285 4210 3802
f 3285 3801 4210
f 4215 3800 3803
f 4203 4002 4211
f 4213 4605 3792
f 4210 3801 4216
f 4211 3721 4203
f 4002 4352 4211
f 4201 3798 4214
f 3798 4217 4214
f 3802 4210 2569
f 4212 4201 4214
f 3959 4204 4546
f 4343 4605 4224
f 4605 4213 4224
f 4217 3806 4214
f 4457 3808 3807
f 4352 4219 4211
f 4212 4214 4220
f 4213 3792 4224
f 4214 4596 4220
f 4484 4223 3814
f 4214 3806 4596
f 4218 4546 4603
f 4223 4491 3814
f 4604 4596 4225
f 4343 4224 3795
f 4502 4499 4228
f 4223 4221 4491
f 4502 4228 4506
f 4003 4225 4219
f 4595 4222 4555
f 4219 4225 4226
f 4225 4595 3805
f 4229 3814 3815
f 4228 3984 4507
f 4595 4555 3970
f 4229 3818 4232
f 4240 4227 4231
f 3723 3813 3816
f 4481 4232 4233
f 4233 4232 3818
f 4233 3818 3828
f 3818 4251 3828
f 4063 4362 4147
f 3962 3827 3789
f 3792 4235 3826
f 3795 3792 3826
f 3962 3763 3827
f 3795 3826 4236
f 3960 4235 3792
f 4613 4236 3826
f 3765 3967 3760
f 4237 4584 4238
f 4552 4551 3793
f 4551 4547 3794
f 4073 4076 3787
f 4240 4231 4241
f 4208 3804 4457
f 4228 4500 3976
f 3804 3808 4457
f 3775 3774 3980
f 3775 3772 3774
f 4228 3983 3984
f 3982 3834 4242
f 3810 3817 3813
f 3982 4242 3778
f 3816 3817 3829
f 3817 3810 3830
f 3834 3947 4242
f 3810 3812 3830
f 3807 3811 3812
f 3817 3830 3819
f 4242 3991 3778
f 3991 4242 3947
f 3987 3831 4243
f 3812 4244 3830
f 3812 3811 4244
f 4567 3938 4593
f 3811 4381 4248
f 3785 3783 4245
f 4567 4593 4594
f 4542 3990 3724
f 3811 4248 3840
f 4246 3991 4322
f 3728 3833 3729
f 3803 4245 3838
f 3838 4245 3730
f 3729 3833 4249
f 3729 4249 3801
f 3992 3832 4336
f 4456 3840 4250
f 3840 4248 4250
f 3818 4252 4251
f 4248 3949 4250
f 3818 3815 4252
f 3815 3726 4252
f 4252 3726 4334
f 4216 4320 4253
f 4334 3726 4254
f 4255 3380 3025
f 2501 4256 4007
f 4256 2501 4090
f 4008 4561 4558
f 4090 4255 3025
f 4100 4007 4256
f 4100 4256 4257
f 4005 4010 4259
f 4090 3025 4264
f 4009 4558 4262
f 4010 4009 4262
f 3025 3035 4264
f 4090 4264 4265
f 4259 4010 4261
f 4257 4256 4263
f 4259 4261 4258
f 4260 4258 4261
f 4557 4257 4263
f 4263 4256 4475
f 4261 4010 4262
f 4263 4267 4557
f 4264 4268 4265
f 4260 4261 4559
f 4263 4475 4266
f 4265 4269 4272
f 4265 4268 4269
f 4261 4262 4559
f 4263 4266 4267
f 4260 4559 4537
f 4021 3035 4274
f 4535 4267 4536
f 4268 4021 4274
f 4536 4267 4266
f 4268 4274 4275
f 4268 4275 4269
f 4020 4023 4017
f 4015 4016 4311
f 3922 4400 4296
f 4273 4272 4476
f 4271 4270 4168
f 4273 4276 4459
f 4270 4371 4168
f 4275 4274 3401
f 4273 4476 4276
f 4272 4269 4476
f 4275 4476 4269
f 4533 4277 4278
f 4476 4275 4279
f 4314 4533 4278
f 4275 3401 4279
f 2501 4255 4090
f 2501 4096 4255
f 4108 3231 4109
f 4255 4096 3231
f 3401 4283 4279
f 4277 4280 4278
f 4101 4106 4111
f 4106 4084 4360
f 4277 4279 4288
f 4278 4284 4314
f 4277 4288 4280
f 4534 4626 4282
f 4280 4288 4287
f 4283 3401 3410
f 3401 4281 3410
f 4284 4280 4287
f 4626 4682 4285
f 4282 4036 4286
f 4283 3410 4291
f 4282 4626 4285
f 4283 4291 4288
f 3824 4298 4303
f 4287 4288 4290
f 4682 4625 4039
f 3410 3412 4291
f 3824 4303 3737
f 4290 4288 4291
f 4470 4292 4031
f 3412 4679 4291
f 4291 4679 4295
f 4290 4291 3720
f 3413 4479 4295
f 4465 4464 4294
f 4294 4464 3825
f 4400 4294 4296
f 4294 3825 4296
f 4690 3877 4439
f 4297 4299 4298
f 4298 4299 4301
f 4299 4300 4301
f 4301 4300 4540
f 4298 4301 4303
f 3842 4302 4624
f 3842 4040 4623
f 4303 4301 4540
f 4304 4306 4307
f 4306 3736 3844
f 4305 4060 4308
f 4553 4114 4037
f 4305 4307 4060
f 4305 4304 4307
f 4307 3850 4060
f 4553 4308 4309
f 4308 4048 4309
f 4037 4308 4553
f 4310 4477 4059
f 4016 4310 4311
f 4311 4310 4104
f 4310 4059 4104
f 4677 3868 3873
f 4059 3822 4043
f 4522 4521 3886
f 3926 3925 3929
f 3716 4317 4316
f 3470 4318 4317
f 4317 4320 4316
f 3839 4319 3930
f 3839 3833 4319
f 4317 4318 4320
f 3833 3728 4319
f 4321 3934 4322
f 4495 4496 3733
f 4483 4324 4325
f 4324 4327 4325
f 4327 4324 4326
f 4482 4326 4324
f 4327 4326 3731
f 4001 3952 4330
f 4488 4325 4333
f 4325 4327 4333
f 4333 4327 3731
f 4488 4333 4332
f 4482 4334 4326
f 4326 4334 4254
f 4486 3950 4331
f 4330 4329 4335
f 4482 4338 4334
f 3951 4486 3837
f 4329 4501 4335
f 4488 4332 4340
f 4332 4333 4337
f 3837 4486 4336
f 4486 4339 4340
f 4486 4340 4336
f 4340 4332 4341
f 4338 3996 4251
f 4251 3996 3828
f 3363 4234 4473
f 4234 4160 4473
f 3363 4473 2589
f 4177 3954 4169
f 4169 3954 4176
f 3963 3966 4598
f 3957 4194 4345
f 4194 4346 4345
f 3966 4240 4347
f 4346 4344 4348
f 4547 4348 3958
f 4348 4207 3958
f 3976 3723 3978
f 4506 4503 4502
f 3974 4196 3834
f 4196 4197 4349
f 4197 4001 4349
f 4196 4349 3834
f 3834 4349 3945
f 4691 3909 4351
f 4002 4353 4352
f 4356 4354 4359
f 4354 4458 4357
f 4185 4355 4369
f 4354 4357 4359
f 4355 4361 4369
f 4359 4357 4363
f 4363 4357 4466
f 4458 4365 4357
f 4355 4359 4368
f 4355 4368 4361
f 4458 4362 4365
f 4357 4365 4466
f 4180 4167 4366
f 4363 4373 4364
f 4363 4364 4368
f 4365 4362 4367
f 4362 4063 4367
f 4370 4373 4466
f 4063 4064 4367
f 4367 4064 3751
f 4361 4368 4375
f 4369 4372 4371
f 4367 3751 4370
f 4369 4361 4374
f 4374 4361 4375
f 4005 4554 4010
f 4554 4009 4010
f 4370 3751 4411
f 4008 4009 4554
f 4369 4374 4372
f 4375 4378 4374
f 4370 4376 4373
f 4374 4378 4377
f 4364 4373 4379
f 4239 4461 4381
f 4368 4379 4375
f 4368 4364 4379
f 4374 4377 4372
f 4375 4379 4378
f 4373 4376 4379
f 4461 4022 4383
f 4381 4461 4383
f 4022 4462 4467
f 4382 4386 4387
f 4383 4022 4467
f 4528 4384 4382
f 4382 4388 4386
f 4381 4383 3744
f 4381 3744 4248
f 4383 4467 4385
f 4382 4384 4388
f 4388 4393 4386
f 4386 4390 4387
f 4469 4386 4393
f 4470 4387 4390
f 4019 4024 4027
f 4390 4386 4469
f 4388 4384 4393
f 4465 4460 4385
f 4392 3744 4460
f 4393 4384 4529
f 4382 4387 4377
f 4292 4391 4394
f 4069 4524 4523
f 4396 4292 4394
f 4391 4403 4394
f 4391 4398 4403
f 4391 4313 4398
f 4391 4468 4313
f 4395 4465 4400
f 4395 4400 3922
f 4396 4394 4399
f 4398 4313 4472
f 4464 4396 4463
f 4403 4398 4472
f 4399 4394 4403
f 4313 4468 3916
f 4403 4404 4399
f 4468 4397 4401
f 4403 4472 4407
f 4468 4401 3916
f 4397 4402 4471
f 4397 4471 4401
f 4407 4404 4403
f 3739 4406 4402
f 4543 4402 4406
f 4407 4405 4408
f 4407 4408 4404
f 4405 4686 4409
f 4405 4409 4408
f 4409 4686 4410
f 4686 4689 4410
f 4311 4067 4012
f 3751 4053 4411
f 4411 4053 4517
f 4517 4053 4054
f 4412 4414 4054
f 4054 4414 4413
f 4054 4413 4140
f 4413 4414 4416
f 4414 4415 4416
f 4415 4418 4416
f 4520 4312 4516
f 4416 4418 4421
f 4418 4110 4049
f 4420 4419 4513
f 4049 4422 4424
f 4420 4056 4419
f 4421 4122 4510
f 4049 4424 4421
f 4422 4095 4424
f 4421 4423 4122
f 4422 4042 4095
f 4056 4425 4061
f 4061 4425 4426
f 4424 4095 4315
f 4122 4423 4427
f 4095 4045 4315
f 4425 4450 4426
f 3852 4430 4423
f 4045 4043 3822
f 4423 4430 4427
f 4067 4311 4104
f 4428 4431 4531
f 4428 3748 4431
f 4508 3748 4428
f 4508 3871 3748
f 4427 4430 4525
f 3852 4454 4430
f 3871 4508 4432
f 4429 4477 4434
f 4525 4430 4438
f 3871 3882 3748
f 3746 3882 3871
f 3871 4432 4433
f 4432 4444 4440
f 4432 4437 4444
f 4430 4454 4453
f 4687 4690 3738
f 4433 4432 4440
f 4430 4453 4438
f 3738 4690 4439
f 4525 4438 4435
f 4432 4441 4437
f 4432 4442 4441
f 4436 4071 4072
f 3847 4046 4072
f 4443 4441 4442
f 4442 4046 3847
f 4437 4441 3854
f 4440 3858 4433
f 3847 4072 4102
f 4440 3850 3858
f 4441 4443 3745
f 3847 4048 3745
f 3769 4074 4446
f 4075 4188 4073
f 4075 3777 3796
f 4209 4080 4448
f 4448 4080 4447
f 4080 4319 3728
f 4080 3728 4447
f 4485 4229 4449
f 4229 4481 4449
f 4449 4481 4482
f 4188 4075 3796
f 3874 4426 4450
f 4435 4438 4442
f 4421 4424 4423
f 4453 4050 4438
f 4434 4454 4429
f 4442 4438 4050
f 4424 3852 4423
f 4315 3852 4424
f 4436 4453 4454
f 4429 4454 3852
f 4454 4434 4436
f 3810 4227 4555
f 4355 4185 4175
f 3953 4455 4250
f 4328 3840 4456
f 4328 4456 4455
f 4456 4250 4455
f 4457 3807 4208
f 4193 4180 4239
f 4129 3751 4064
f 4173 4166 4179
f 4179 4166 4175
f 3957 4190 4194
f 4190 3957 4161
f 4289 4303 4286
f 4379 4376 4528
f 4395 4460 4465
f 4395 3922 4392
f 4395 4392 4460
f 4461 4462 4022
f 4292 4396 4031
f 4463 3825 4464
f 4396 4464 4465
f 4368 4359 4363
f 4373 4363 4466
f 4467 4031 4385
f 4467 4470 4031
f 4382 4377 4378
f 4390 4391 4292
f 4528 4382 4379
f 4469 4391 4390
f 4391 4393 4468
f 4377 4387 4380
f 4469 4393 4391
f 4382 4378 4379
f 4470 4467 4462
f 4387 4470 4462
f 4387 4462 4380
f 4292 4470 4390
f 4401 4405 3916
f 4405 4407 3916
f 4404 4408 3918
f 4313 3916 4472
f 4407 4472 3916
f 3967 3765 3766
f 3797 4198 4200
f 3801 4316 4216
f 4216 4316 4320
f 3801 4249 4316
f 3803 3838 3714
f 4120 4123 4474
f 4131 4130 4474
f 4065 4131 4474
f 4118 4120 4474
f 4118 4116 4120
f 4265 4475 4090
f 4459 4266 4273
f 4265 4272 4475
f 4266 4272 4273
f 4256 4090 4475
f 4266 4475 4272
f 4279 4277 4476
f 4276 4533 4459
f 4276 4277 4533
f 4476 4277 4276
f 4288 4279 4283
f 4280 4284 4278
f 4016 4389 4477
f 4016 4477 4310
f 4436 4434 4070
f 4071 4436 4070
f 4059 4091 4104
f 4068 4055 4124
f 4068 3752 4055
f 4289 4293 4303
f 2461 3866 4479
f 3864 3860 3720
f 3868 3862 3873
f 4223 4480 4221
f 4325 4480 4483
f 4480 4223 4483
f 4482 4481 4338
f 4232 4481 4229
f 4338 4481 3996
f 4481 4233 3996
f 3828 3996 4233
f 4483 4223 4484
f 4324 4483 4484
f 4484 3814 4485
f 4324 4484 4449
f 4449 4484 4485
f 4482 4324 4449
f 3814 4229 4485
f 4230 4542 3724
f 4486 4487 4339
f 4487 4542 4230
f 4489 4339 4487
f 4489 4487 4230
f 4340 4339 4489
f 4340 4489 4488
f 4488 4489 4490
f 4489 4230 4490
f 4490 4230 4491
f 4488 4490 4480
f 4490 4491 4221
f 4490 4221 4480
f 4325 4488 4480
f 3950 4495 3733
f 4492 3732 4496
f 3950 3841 4495
f 3841 3717 4494
f 4495 3841 4494
f 4495 4494 4493
f 4496 4495 4492
f 4495 4493 4497
f 4493 4350 4497
f 4492 4495 4497
f 4498 4497 4350
f 3909 4498 4350
f 4691 4498 3909
f 4335 3950 4330
f 4500 4603 4241
f 4218 4603 4500
f 4335 4501 4542
f 3989 4542 4501
f 4499 4504 3959
f 4228 4499 4500
f 4499 3959 4500
f 4500 3959 4218
f 3988 4505 4503
f 4505 4501 4329
f 4501 4505 3988
f 4502 4503 4504
f 4504 4499 4502
f 4503 4505 4504
f 4504 3952 3959
f 4504 4505 3952
f 4329 3952 4505
f 4507 4506 4228
f 4525 4435 4530
f 4508 4509 4530
f 4509 4525 4530
f 4068 4526 4524
f 4057 4417 4132
f 4417 4421 4132
f 4132 4421 4510
f 3892 3899 4511
f 3892 4511 4521
f 3903 3897 4516
f 4140 4143 4512
f 4513 4516 4512
f 3903 4516 4513
f 4513 4512 4143
f 4513 4143 4420
f 4528 4514 4515
f 4528 4515 4529
f 4384 4528 4529
f 4514 4520 4515
f 4518 4515 4520
f 4312 4520 4517
f 4517 4520 4514
f 4520 4531 4518
f 4531 3739 4518
f 4518 3739 4402
f 4519 4297 4562
f 4541 4540 4300
f 4541 4300 4519
f 4300 4299 4519
f 4297 4519 4299
f 4520 4516 4531
f 4516 4428 4531
f 4509 4508 4428
f 4428 3897 4509
f 4516 3897 4428
f 4312 4140 4512
f 4516 4312 4512
f 4413 4416 4417
f 4312 4054 4140
f 4525 4509 4521
f 4523 4526 4427
f 4522 4523 4527
f 4523 4427 4527
f 4523 4524 4526
f 4527 4427 4525
f 4525 4521 4522
f 4527 4525 4522
f 4514 4376 4517
f 4517 4376 4411
f 4514 4528 4376
f 4393 4529 4468
f 4529 4515 4518
f 4529 4397 4468
f 4397 4529 4402
f 4529 4518 4402
f 4442 4432 4435
f 4530 4432 4508
f 4435 4432 4530
f 4282 4286 4540
f 4303 4540 4286
f 4314 4536 4266
f 4538 3821 4018
f 4537 3821 4538
f 4559 4535 4534
f 4266 4533 4314
f 4532 3821 4537
f 4535 4536 4534
f 4539 4541 4532
f 4539 4559 4540
f 4534 4536 4314
f 4540 4541 4539
f 4539 4532 4537
f 4539 4537 4559
f 4534 4540 4559
f 4540 4534 4282
f 4459 4533 4266
f 4083 4260 4537
f 4020 3821 4023
f 4085 4258 4083
f 4486 4331 4487
f 4542 4487 4335
f 3950 4335 4331
f 4331 4335 4487
f 4329 4330 3952
f 4402 4543 4471
f 4194 4544 4344
f 4201 4544 4194
f 4348 4344 4545
f 4344 4544 4545
f 4346 4194 4344
f 4220 4603 4546
f 3959 4001 4197
f 4204 4212 4546
f 4001 3959 3952
f 3959 4546 4218
f 4212 4220 4546
f 4549 4130 4136
f 4552 4548 4146
f 4346 4551 4345
f 4552 4146 4550
f 4549 4146 4548
f 4136 4146 4549
f 4346 4547 4551
f 4547 4346 4348
f 4551 4552 4550
f 4550 4345 4551
f 4270 4271 4358
f 4270 4358 4371
f 4369 4371 4358
f 4168 4167 4271
f 4366 4167 4168
f 4168 4461 4366
f 3744 4385 4460
f 3847 3745 4443
f 4102 4034 3753
f 4421 4418 4049
f 3850 4440 4444
f 3858 3850 3849
f 3796 4448 4077
f 4078 4448 4447
f 3796 3779 4448
f 4448 4078 4077
f 4075 4073 3787
f 4473 4445 3759
f 3761 4473 4160
f 4445 4473 3761
f 4160 4172 3761
f 4086 4560 4556
f 4558 4556 4557
f 4557 4556 4560
f 4557 4267 4558
f 4262 4558 4267
f 4262 4267 4535
f 4559 4262 4535
f 4100 4557 4560
f 4100 4257 4557
f 4558 4561 4556
f 4561 4554 4556
f 4082 4081 3758
f 3756 4082 3758
f 4081 4519 3758
f 3758 4519 4562
f 3991 3947 4323
f 3991 4323 4321
f 3991 4321 4322
f 3925 4591 3929
f 4591 3925 4564
f 4564 4563 4590
f 3925 4565 4564
f 4592 4567 4566
f 4594 4566 4567
f 4158 4159 4580
f 4170 4579 4568
f 4158 4580 4569
f 4569 4579 4170
f 4569 4170 4155
f 4572 4573 4570
f 4575 4571 4570
f 4576 4572 4571
f 4572 4570 4571
f 4582 4570 4573
f 4574 4575 4570
f 4571 4575 4578
f 4570 4582 4574
f 4576 4583 4568
f 4183 4574 4582
f 4575 4574 4577
f 4577 4578 4575
f 4568 4580 4576
f 4580 4572 4576
f 4580 4573 4572
f 4580 4568 4579
f 4579 4569 4580
f 4577 4574 4183
f 4577 4183 4184
f 4581 4183 4582
f 4581 4582 4189
f 4187 4182 3965
f 3965 4583 4237
f 3955 4187 3965
f 4189 4196 3974
f 4238 4584 3974
f 4584 4184 4581
f 4578 4583 4571
f 4571 4583 4576
f 4578 4237 4583
f 4237 4578 4577
f 4584 4237 4577
f 4577 4184 4584
f 4585 4323 4586
f 4323 4587 4586
f 4585 4586 3929
f 4587 4323 4589
f 4585 4321 4323
f 4588 4321 4585
f 4588 4585 3929
f 4588 4590 4321
f 4591 4588 3929
f 4594 4593 4587
f 4592 4594 4587
f 4589 4592 4587
f 4591 4590 4588
f 3929 4586 3926
f 4586 4587 4593
f 4590 4563 4321
f 3970 3805 4595
f 3806 4595 4225
f 4225 4596 3806
f 3964 4598 4609
f 4609 4597 4353
f 4598 4597 4609
f 3963 4598 3964
f 4598 4600 4597
f 4352 4353 4597
f 4597 4599 4352
f 4597 4600 4599
f 4598 4601 4600
f 3966 4601 4598
f 4600 4601 4602
f 4602 4599 4600
f 4599 4602 4003
f 4347 4602 4601
f 4601 3966 4347
f 4225 4003 4602
f 4602 4347 4604
f 4225 4602 4604
f 4599 4003 4352
f 4352 4003 4219
f 4604 4220 4596
f 4604 4603 4220
f 4347 4241 4604
f 4603 4604 4241
f 4610 4608 4611
f 4608 4606 4611
f 4609 4608 3964
f 4606 4608 4609
f 4353 4606 4609
f 4605 4611 4606
f 4235 3961 4607
f 3964 4608 4610
f 3961 3964 4607
f 4607 3964 4610
f 4611 4605 4343
f 4610 4611 4343
f 4607 4610 4612
f 4610 4343 4612
f 3826 4612 4613
f 4612 4343 4613
f 4236 4343 3795
f 4613 4343 4236
f 3842 4623 4302
f 3267 4615 4616
f 4614 3551 4615
f 4615 3551 4707
f 4615 4707 4616
f 4707 3551 3140
f 3265 3267 4616
f 4619 4620 4617
f 4671 2609 4618
f 3557 4670 4671
f 3557 4619 4670
f 4617 4620 4621
f 3557 4620 4619
f 4620 3557 4621
f 4681 4680 4622
f 4682 4681 4622
f 4622 4680 4624
f 4682 4622 4625
f 4622 4624 4625
f 4623 4625 4624
f 4302 4623 4624
f 4683 4682 4626
f 4314 4683 4534
f 4683 4626 4534
f 4290 3718 4287
f 4287 4684 4284
f 4627 4631 3484
f 4628 4627 3370
f 2380 2614 3558
f 3564 4627 4628
f 4627 3564 4631
f 2380 4631 3564
f 2614 3564 3560
f 2380 3564 2614
f 2998 2999 4630
f 2998 4630 3486
f 4629 2998 3486
f 4629 3486 4631
f 4632 4631 3486
f 4632 3484 4631
f 2930 2928 4665
f 4665 2928 4635
f 2897 2895 2456
f 2947 2944 2941
f 2941 2944 2934
f 2941 2934 4635
f 2941 4635 4636
f 2928 4636 4635
f 3465 4636 2928
f 4636 3465 3464
f 3464 3463 4636
f 4636 3463 2915
f 2915 3463 4637
f 3463 4634 4637
f 2915 4637 3467
f 4633 2915 3467
f 4633 3467 3461
f 2905 4633 3461
f 4638 2954 2947
f 2950 2954 4638
f 2947 4653 4638
f 4638 4653 4675
f 2958 2961 4639
f 4639 4640 2958
f 2958 4644 2954
f 4644 2958 4640
f 4644 2947 2954
f 4666 2947 4644
f 2947 4666 4641
f 4641 2944 2947
f 4645 4644 4643
f 4646 4645 4643
f 4646 4643 3169
f 4646 3169 4642
f 4646 4642 2938
f 4649 2938 4642
f 2974 4709 3488
f 4649 4642 4650
f 4649 4650 4665
f 4650 2922 4665
f 4651 4652 4638
f 2950 4638 4652
f 3567 2386 2385
f 4654 4652 4651
f 4651 3379 4654
f 4498 3893 3896
f 3893 4498 4689
f 3893 4689 3885
f 3893 3885 4668
f 4655 4351 3909
f 4688 4351 4655
f 4656 4705 3556
f 4709 4711 3556
f 4703 4658 4706
f 4657 4706 4658
f 4657 4658 4656
f 3137 4657 4659
f 4657 4656 4659
f 4656 3556 4711
f 4659 4656 4714
f 4660 4656 4711
f 4714 4656 4660
f 4659 4714 4713
f 4647 4692 3226
f 3262 3261 4661
f 3260 4662 3256
f 3262 3260 3256
f 3260 3262 4661
f 4716 3256 4662
f 4717 4716 4662
f 3246 4717 4662
f 4663 2573 2574
f 4663 3256 4660
f 4660 4715 4663
f 3256 4663 3244
f 4664 2275 2102
f 2275 4664 2090
f 2275 2090 3712
f 2090 3607 3712
f 2921 2930 4665
f 4644 4645 4666
f 4645 4641 4666
f 3880 4667 4668
f 2597 3759 3769
f 4621 3557 4669
f 4669 3759 2597
f 4669 2597 4621
f 2609 4671 4670
f 3773 4079 2604
f 2609 2604 4079
f 4670 2604 2609
f 3704 4673 2620
f 3559 3704 2620
f 4672 2620 4673
f 4673 3704 3565
f 3372 2977 4674
f 3372 3371 2977
f 3379 2946 4654
f 4638 4675 4651
f 4653 3567 4675
f 4650 3171 4648
f 2922 4650 4648
f 4676 4679 4678
f 3412 4678 4679
f 4679 2931 3413
f 4676 4677 3866
f 4678 3412 2936
f 4677 4676 3868
f 2461 3413 2931
f 4676 4678 3868
f 4679 4676 2931
f 4681 4685 4680
f 4683 4685 4682
f 4684 4680 4685
f 4682 4685 4681
f 4684 4683 4314
f 3851 4680 4684
f 4684 4685 4683
f 4284 4684 4314
f 4410 4687 3738
f 4543 4686 4405
f 4689 4498 4691
f 4687 4410 4689
f 4690 4687 4351
f 4687 4691 4351
f 4691 4687 4689
f 4690 4688 3877
f 4688 4690 4351
f 2830 3214 2400
f 3226 4692 4693
f 2362 2350 2488
f 3694 2700 4694
f 2700 2351 2400
f 2400 4693 2700
f 3480 2488 2350
f 3214 3226 4693
f 3694 3480 2700
f 3214 3706 3226
f 3214 4693 2400
f 2700 3480 2351
f 2688 3220 3555
f 3373 4697 4696
f 4630 2999 4695
f 4696 4697 4695
f 4695 3487 4630
f 2999 2363 4695
f 3487 4695 4697
f 2905 4696 4695
f 4696 2905 3461
f 2922 4648 2469
f 4701 3509 2886
f 2469 4699 4698
f 3490 4698 4699
f 3490 4700 4698
f 4698 4701 2886
f 3509 3507 4702
f 4699 2469 4648
f 4698 2898 4701
f 4698 4700 2898
f 2886 3509 4702
f 4704 3488 4692
f 3119 2579 2974
f 2576 3265 4616
f 4707 2592 4708
f 4710 4703 4706
f 4707 3489 4616
f 4616 3489 3123
f 3119 2974 4704
f 4708 3488 4709
f 3556 4710 4708
f 4703 4710 4705
f 4710 4706 3489
f 4704 2974 3488
f 4704 4647 3119
f 3140 2592 4707
f 4692 4647 4704
f 4707 4708 3489
f 4709 3556 4708
f 4710 3556 4705
f 3489 4708 4710
f 3138 3233 3232
f 4714 4660 4716
f 4715 3220 3553
f 3256 4716 4660
f 3233 4717 3232
f 4715 4711 4712
f 4660 4711 4715
f 4713 4717 3233
f 4717 4714 4716
f 4714 4717 4713
f 4756 4718 4729
f 4756 4719 4718
f 4719 4762 4718
f 4718 4762 1474
f 4775 4720 4721
f 4720 4738 4721
f 4719 4756 4758
f 4723 1569 4722
f 4724 4721 4738
f 4722 1569 4737
f 4724 4725 4805
f 4738 4739 4724
f 4724 4739 4725
f 4805 4725 4726
f 4737 1571 4727
f 4726 4725 4727
f 4726 4727 4731
f 4727 1571 1682
f 4863 4735 4730
f 4729 4718 4728
f 4729 4813 4756
f 1471 4734 4732
f 4732 4734 4733
f 4820 4732 4733
f 4733 4734 4863
f 4735 4734 1613
f 4735 1613 4736
f 1613 4723 4736
f 4735 4720 4730
f 4775 4730 4720
f 4727 1682 4731
f 4731 1682 1729
f 4729 4732 4820
f 4729 4728 4732
f 4734 4735 4863
f 4735 4736 4720
f 4736 4723 4722
f 4736 4722 4720
f 4722 4738 4720
f 4722 4739 4738
f 4739 4737 4727
f 4816 1449 4815
f 4816 4740 1449
f 4816 4850 4740
f 4740 4850 4771
f 4751 4750 4752
f 4752 4771 4751
f 4750 4770 4741
f 4740 4771 1855
f 4753 4754 4742
f 4804 4868 4782
f 4777 4805 4743
f 4777 4743 4864
f 4726 4744 4805
f 4805 4744 4743
f 4879 4784 4787
f 4784 4867 4787
f 4781 4867 4789
f 4909 4976 4783
f 4976 4746 4783
f 4840 4784 4879
f 4999 4832 1849
f 4751 4749 4750
f 4749 4898 4750
f 4770 4885 4890
f 4770 4890 4741
f 4772 1855 4771
f 4750 4741 4752
f 4752 4741 4753
f 4771 4752 4772
f 4753 4741 4754
f 4741 4923 4754
f 4812 4849 4757
f 4755 4849 4814
f 4812 4759 4813
f 4813 4759 4756
f 4756 4759 4758
f 4759 4812 4757
f 4755 4870 4761
f 4755 4761 4760
f 4757 4719 4759
f 4757 4859 4719
f 4761 4870 4980
f 4760 4764 4791
f 4760 4761 4764
f 4719 4859 4762
f 4761 4980 4897
f 4980 4944 4897
f 4859 4815 4762
f 4768 4790 4765
f 4763 4764 4765
f 4765 4764 4767
f 4761 4897 4764
f 4897 4944 4766
f 4764 4897 4767
f 4769 4897 4766
f 4767 4897 4769
f 4767 4769 4768
f 4769 4766 4792
f 4771 4850 4751
f 4898 4770 4750
f 4774 1834 4797
f 4773 4941 4798
f 4797 4773 4774
f 4773 4798 4774
f 4774 4798 4800
f 4862 4818 4806
f 4806 4822 4862
f 4806 4820 4822
f 4822 4820 4733
f 4824 4775 4826
f 4826 4775 4802
f 4826 4802 4776
f 4724 4805 4803
f 4803 4805 4777
f 4964 4747 4748
f 4778 4779 1874
f 4778 4829 4779
f 4779 4829 4853
f 4779 4853 4834
f 4835 4956 4877
f 4842 4854 4789
f 4789 4854 4781
f 4976 4868 4746
f 4837 4744 4726
f 4864 4743 4747
f 4743 4744 4869
f 4743 4869 4831
f 4747 4743 4748
f 4748 4743 4831
f 4831 4865 4748
f 4831 4855 4865
f 4748 4865 4838
f 1865 1843 1844
f 1865 1844 4839
f 4839 1844 4841
f 4841 1847 4832
f 4748 4840 4964
f 4748 4838 4840
f 4832 4786 4841
f 4832 4998 4786
f 4785 5000 4999
f 4784 4999 4867
f 4867 4999 4788
f 4788 4999 1849
f 4867 4781 4787
f 4867 4788 4789
f 4787 4781 4918
f 4745 4788 1832
f 4918 4781 4877
f 4755 4811 4870
f 4790 4760 4791
f 4791 4763 4790
f 4791 4764 4763
f 4790 4763 4765
f 4767 4768 4765
f 4766 4898 4792
f 4752 4753 4742
f 4772 4752 4795
f 4754 4923 4794
f 4752 4794 4795
f 4795 4794 4923
f 4923 4796 4773
f 4796 4941 4773
f 4923 4773 4797
f 1833 4797 1834
f 4798 4962 4799
f 4800 4798 4799
f 4800 4799 4801
f 1837 4800 4851
f 4930 4825 4776
f 4825 4826 4776
f 4776 4802 4803
f 4775 4721 4802
f 4776 4803 4777
f 4802 4721 4724
f 4803 4802 4724
f 4809 4817 4808
f 4806 4818 4819
f 4817 4807 4808
f 4806 4819 4820
f 4822 4863 4730
f 4807 4935 4858
f 4809 4808 4814
f 4819 4861 4813
f 4814 4808 4810
f 4819 4813 4729
f 4809 4814 4860
f 4813 4861 4812
f 4810 4935 4811
f 4814 4810 4755
f 4810 4811 4755
f 4815 4768 4816
f 4772 4795 1833
f 4817 4809 4857
f 4857 4821 4817
f 4857 4818 4821
f 4819 4729 4820
f 4817 4821 4947
f 4818 4862 4821
f 4947 4821 4823
f 4821 4862 4823
f 4822 4730 4862
f 4947 4823 4902
f 4826 4862 4824
f 4902 4823 4825
f 4823 4862 4826
f 4862 4730 4824
f 4825 4930 4902
f 4823 4826 4825
f 4824 4730 4775
f 4851 4801 4827
f 4926 4951 4828
f 4851 4827 4847
f 4827 4801 4828
f 4780 4833 4853
f 4854 4877 4781
f 4869 4856 4831
f 4840 4999 4784
f 4779 4834 1840
f 4782 4868 4836
f 4868 4976 4836
f 4731 1729 1865
f 4746 4864 4747
f 4744 4837 4869
f 4865 1865 4839
f 4786 4839 4841
f 4788 4745 4789
f 4745 1867 4843
f 4842 4789 4843
f 4877 4854 4835
f 4854 4842 4835
f 4835 4912 4956
f 4842 4843 4833
f 4843 4845 4833
f 4912 4835 4965
f 4842 4833 4835
f 4965 4835 4844
f 4965 4830 4954
f 4965 4844 4830
f 4830 4844 4780
f 4852 4846 4866
f 4829 4778 4846
f 4827 4778 4847
f 4808 4807 4858
f 4808 4858 4810
f 4811 4848 4870
f 4793 4794 4742
f 4742 4794 4752
f 4793 4754 4794
f 4898 4749 4792
f 4768 4769 4816
f 4769 4850 4816
f 4769 4792 4850
f 4792 4749 4850
f 4742 4754 4793
f 4795 4797 1833
f 4795 4923 4797
f 4799 4926 4828
f 4799 4828 4801
f 4800 4801 4851
f 4846 4852 4829
f 4852 4993 4829
f 4829 4993 4830
f 4829 4830 4780
f 4829 4780 4853
f 4853 4833 4834
f 4834 4833 4845
f 4837 4726 4731
f 4869 4837 4856
f 4837 4855 4856
f 4831 4856 4855
f 4998 4832 4999
f 4755 4760 4849
f 4858 4935 4810
f 4849 4760 4757
f 4859 4790 4768
f 4768 4815 4859
f 4760 4790 4757
f 4814 4849 4812
f 4757 4790 4859
f 4860 4814 4812
f 4759 4719 4758
f 4857 4861 4818
f 4861 4819 4818
f 4733 4863 4822
f 4746 4868 4864
f 4731 1865 4855
f 4855 1865 4865
f 4865 4839 4838
f 4840 4838 4786
f 4846 4778 4866
f 4866 4778 4827
f 4951 4866 4828
f 4866 4827 4828
f 4786 5000 4785
f 4789 4745 4843
f 4835 4833 4844
f 4844 4833 4780
f 4861 4857 4809
f 4772 1833 1856
f 1896 4732 4728
f 4809 4860 4861
f 4812 4861 4860
f 4739 4727 4725
f 4739 4722 4737
f 4855 4837 4731
f 4777 4864 4804
f 4868 4804 4864
f 4839 4786 4838
f 4751 4850 4749
f 4945 4883 4973
f 4871 4804 4872
f 4872 4804 4782
f 4872 4782 4907
f 4961 4943 4873
f 4943 4927 4873
f 4875 4879 4874
f 4879 4787 4874
f 4875 4874 4915
f 4874 4876 4915
f 4875 4915 2443
f 4787 4876 4874
f 4915 4876 4916
f 4876 4787 4918
f 4906 4917 4913
f 4917 4877 4913
f 4906 4913 4878
f 4914 5002 4879
f 4880 4967 4884
f 4967 4881 4884
f 2416 4883 4882
f 4883 2416 2401
f 4770 4884 4885
f 4885 4884 4886
f 4884 4881 4945
f 4886 4884 4945
f 4883 2401 4921
f 4883 4921 4973
f 4886 4945 4887
f 4890 4885 4888
f 4887 4945 4922
f 4945 4972 4922
f 4888 4887 4890
f 4922 4972 4889
f 4887 4922 4890
f 4741 4891 4923
f 4919 4939 2414
f 4939 4892 2414
f 4919 2414 4894
f 2414 4920 4894
f 4920 2414 4967
f 4895 4920 4896
f 4920 4967 4896
f 4896 4967 4880
f 2691 4882 4883
f 4944 4971 4898
f 4944 4898 4766
f 4971 4884 4898
f 4898 4884 4770
f 4946 4900 4899
f 4946 2858 4900
f 4947 4899 4817
f 4817 4899 4900
f 4900 2858 4901
f 2858 4934 4901
f 4900 4901 4817
f 4901 4934 4938
f 4977 4937 4938
f 4871 4872 2793
f 4955 4903 4904
f 4878 4904 4906
f 4904 4905 4906
f 4906 4905 2443
f 4916 2443 4915
f 4872 4907 4908
f 4976 4907 4836
f 4907 4976 4908
f 4908 4909 2448
f 4976 4909 4908
f 2448 4909 4783
f 4962 4943 4961
f 4962 4873 4926
f 4926 4873 4963
f 4989 4783 4910
f 4954 4911 4965
f 4965 4911 4912
f 4954 4878 4913
f 4956 4913 4877
f 4914 4879 4875
f 4914 4875 5001
f 4876 4918 4916
f 4916 4917 4906
f 4916 4918 4917
f 4917 4918 4877
f 4811 4979 4848
f 4893 4940 4895
f 4940 4919 4895
f 4894 4895 4919
f 4893 4895 4896
f 4895 4894 4920
f 4967 2690 2691
f 4973 4921 2404
f 4885 4886 4888
f 4888 4886 4887
f 4972 3671 4889
f 4968 4924 2705
f 4968 2705 4796
f 2705 4974 4969
f 4796 4970 4941
f 4969 4974 4925
f 4941 4962 4798
f 4962 4926 4799
f 4977 4934 4978
f 4928 2425 4950
f 4902 4930 4950
f 4950 4930 4929
f 4950 4929 4928
f 4930 4776 4929
f 4929 4932 4931
f 4929 4776 4932
f 4931 4932 2793
f 4932 4776 4777
f 3456 4892 4933
f 4934 4936 4978
f 4817 4901 4935
f 4817 4935 4807
f 4901 4981 4935
f 4978 4936 4977
f 4936 4937 4977
f 4901 4938 4981
f 4938 4937 4966
f 4981 4966 4811
f 4981 4811 4935
f 4966 4939 4940
f 4991 4939 4966
f 4991 4892 4939
f 4811 4966 4979
f 4940 4939 4919
f 4883 4881 2691
f 4796 2705 4970
f 4941 4970 4942
f 4941 4943 4962
f 4942 4943 4941
f 4896 4944 4980
f 4896 4880 4944
f 4945 4973 4972
f 4946 4899 4949
f 4949 4899 4947
f 4946 4949 4948
f 4948 4949 4950
f 4949 4947 4902
f 4948 4950 2425
f 4949 4902 4950
f 4985 4975 4984
f 4975 3368 4984
f 4984 3368 4992
f 4992 3368 3369
f 4982 4952 4953
f 4952 3369 4955
f 4953 4952 4955
f 4954 4953 4878
f 4878 4953 4955
f 2883 2436 4903
f 4878 4955 4904
f 4912 4957 4956
f 4907 4782 4836
f 2448 4989 4990
f 2448 4783 4989
f 4783 4746 4910
f 4910 4746 4958
f 4958 4746 4747
f 3664 3666 4959
f 3666 4994 4959
f 4747 4964 4958
f 4959 4994 4960
f 4994 4958 4960
f 4960 5002 4959
f 4958 4964 4960
f 4959 5002 5001
f 4916 4906 2443
f 2439 4905 4903
f 4905 4904 4903
f 4961 4873 4962
f 4913 4956 4957
f 4913 4957 4954
f 4954 4957 4911
f 4957 4912 4911
f 4954 4830 4983
f 4934 4977 4938
f 3322 4991 4937
f 4967 2691 4881
f 2705 4969 4970
f 4970 4969 4925
f 4970 4925 4942
f 4925 4988 4996
f 4942 4925 4943
f 4943 4925 4996
f 4943 4996 4927
f 4880 4971 4944
f 4972 4973 3671
f 4890 4922 4741
f 4741 4922 4891
f 4922 4968 4891
f 4922 4889 4968
f 4889 3671 4924
f 4968 4889 4924
f 3671 2705 4924
f 4891 4968 4796
f 4923 4891 4796
f 4925 4974 4985
f 4988 4925 4985
f 4974 4975 4985
f 4927 4996 4987
f 4992 3369 4952
f 4992 4952 4982
f 4992 4982 4983
f 4997 4983 4852
f 4852 4983 4993
f 3369 2883 4955
f 4955 2883 4903
f 4932 4777 4871
f 5002 4964 4879
f 4884 4971 4880
f 4940 4979 4966
f 4893 4896 4980
f 4892 4991 4933
f 4940 4893 4979
f 4893 4980 4979
f 4938 4966 4981
f 4980 4870 4848
f 4982 4953 4983
f 4953 4954 4983
f 4984 4992 4985
f 4992 4997 4985
f 4985 4997 4986
f 4997 4852 4951
f 4852 4866 4951
f 4997 4951 4986
f 4986 4951 4963
f 4951 4926 4963
f 4985 4987 4988
f 4985 4986 4987
f 4986 4995 4987
f 4986 4963 4995
f 4963 4873 4995
f 4910 4994 4989
f 4994 3666 4989
f 2798 2793 4872
f 4932 4871 2793
f 4871 4777 4804
f 3664 3665 3666
f 4989 3666 4990
f 3666 2448 4990
f 4991 4966 4937
f 4945 4881 4883
f 4983 4997 4992
f 4993 4983 4830
f 4927 4995 4873
f 4987 4995 4927
f 4987 4996 4988
f 4910 4958 4994
f 4980 4848 4979
f 4964 5002 4960
f 4785 4999 4840
f 4998 5000 4786
f 5000 4998 4999
f 5002 4914 5001
f 4840 4786 4785
f 4879 4964 4840

