# https://github.com/mikedh/trimesh
v 74.04363345 101.28883732 26.42835040
v 96.41511969 -2.78408238 38.11608811
v 100.41399538 64.29789508 49.80046241
v 85.35289655 -76.84820648 98.97425072
v 112.25654067 52.10979617 151.19383072
v 115.00838226 55.50641942 142.79628308
v 114.22277728 64.84510165 142.94001837
v 114.01924278 61.09119826 145.85813153
v 83.92926286 -93.01844280 135.78643522
v 115.90637824 41.90974291 138.73030036
v 112.72763309 88.31856768 139.48558466
v 113.23572369 89.87102336 134.23422577
v 82.42814201 -81.57984955 124.93320982
v 84.86408267 -84.23142187 119.59420239
v 84.73219673 -71.25256927 108.36322942
v 105.34632459 61.23345923 57.12249408
v 105.22359014 53.11957637 55.28760127
v 120.47269688 -9.16470211 114.62260058
v 81.16498353 -60.76961121 90.52980620
v 103.20639759 6.82654356 58.01646684
v 50.53975495 -70.29326309 -7.14126165
v 70.62222692 -8.09457742 8.70206521
v 78.15183706 -71.87284798 21.51917314
v 86.17934256 31.00835882 25.35223048
v 78.59556614 -3.46784644 13.42561170
v 63.00485580 -77.50402758 6.18701456
v 53.06023890 -64.84205836 -3.82776993
v 50.06045016 -44.59805325 -10.81333071
v 85.58911334 -26.04332150 25.92363414
v 115.39812112 21.08369733 102.80021028
v 114.71744297 22.61812789 93.76345704
v 112.10382587 15.98817609 94.45947638
v 85.75939100 -93.68193679 130.65465005
v 102.42570565 25.40200731 57.86113971
v 84.04284829 -50.93651622 26.31501747
v 80.20137904 -83.44966893 81.69599221
v 92.44224463 7.96341809 29.79127701
v 91.71765389 -5.49198898 28.80106739
v 79.43671617 -71.59215503 82.76428800
v 104.55184256 8.87615503 68.32131977
v 102.87830939 14.19270399 59.75249386
v 94.06107768 -24.46869569 51.11057596
v 101.94614759 2.02286413 56.46411747
v 95.76775131 72.47018308 43.71520453
v 93.15961623 19.73637387 38.10265045
v 51.06236742 2.83924899 -0.70138772
v 101.30205435 97.06286603 65.78291882
v 95.65970838 90.83355916 48.66036161
v 94.24194332 96.20605847 50.26733627
v 89.45016479 52.72476601 28.94410911
v 86.29409752 -87.91878512 95.93555588
v 87.67290927 -92.59779630 115.77449855
v 88.55266102 -99.88617863 104.90070066
v 29.12039662 -105.68130635 48.33557455
v 30.55150659 -63.41384715 -11.74112423
v 26.63967123 -82.63316374 -16.95476058
v 40.21823494 -106.16319318 50.51705028
v 26.22748929 -44.09161944 -17.04289710
v 44.30016515 -88.49902947 -12.06469904
v 47.25684212 -88.35781509 -9.80322871
v 37.94306743 -62.01290663 -13.03356046
v 76.66886828 -136.19538577 76.30910736
v 90.61437461 -13.03477904 29.78998344
v 89.92763927 25.77929561 32.94798918
v 77.15338970 -14.04644768 14.17990851
v 54.19081949 -47.82111706 -3.81402769
v 78.18591164 -77.14389742 26.06600869
v 54.37539748 -97.36795974 54.79089120
v 84.69951232 -42.46290575 27.42516261
v 104.45527812 3.43851944 137.60025544
v 79.00632195 -109.24547976 78.58217642
v 77.81278696 -123.45942610 78.11107937
v 81.90299209 -22.23475561 19.66368401
v 81.60851408 -64.03403099 24.53368046
v 83.32899926 -59.20670215 100.41671734
v 82.32242237 -58.47595284 97.69532854
v 92.29890571 -45.85563644 77.28710716
v 90.78468061 -53.28020065 70.26952825
v 117.84319627 34.72041579 131.82826717
v 115.45305700 29.24923041 133.57947202
v 83.41574172 -60.54406375 113.63098952
v 66.01293582 73.45820430 10.66984252
v 63.87901759 54.98063085 4.75555910
v 76.05841090 61.74437345 12.19570402
v 103.90806068 47.80483508 54.35849835
v 100.77247639 39.17432014 49.86409619
v 97.40388511 35.81592097 45.34842126
v 85.99971887 -90.75147975 123.89115005
v 82.84161668 -86.81512102 86.24178832
v 100.04059676 -32.73872750 85.78104382
v 97.90543790 -30.28515732 81.98408659
v 77.22269073 -74.22683021 130.91322575
v 119.76716457 65.33982526 108.63681076
v 86.31519146 -88.72812811 121.27644836
v 119.96818923 66.90483122 115.34779419
v 86.27221777 -88.89203456 109.32452464
v 116.51197362 83.95746533 116.87301466
v 77.59424332 -69.87677293 127.28949085
v 64.88823982 -73.54664016 152.99184953
v 71.68410859 -81.51770823 148.64706077
v 74.42947898 -88.20377609 150.46560786
v 78.38621330 -85.88668134 141.55160356
v 119.36021407 -4.98317552 107.00821790
v 118.98110233 -12.15086752 105.02884023
v 95.30541990 -18.32505034 55.63777892
v 88.74727621 -35.21388972 36.29079131
v 86.33973535 -42.85510783 31.91291888
v 85.42725192 -55.42675413 32.01450270
v 94.78354233 -34.76129822 59.20658777
v 111.06707527 70.52883471 72.86171103
v 94.39593037 33.49803788 40.27205681
v 91.58016812 35.27601043 32.52370649
v 56.35984217 -32.58011509 -6.99853551
v 118.96523673 36.44166375 108.57007440
v 32.59053202 -149.54083067 58.57491235
v 40.00715389 -43.63862091 -16.18356304
v 29.20939161 -43.06502030 -17.36143049
v 8.99331470 -88.45772065 -13.66885927
v 9.48181567 -55.01417894 -13.88258247
v 9.65159623 -117.41317447 55.41220613
v 26.79700494 -80.80791136 -17.47293002
v 43.68595249 -42.70679571 -15.91263359
v 24.47304752 -118.13707310 50.14852772
v 22.48347448 -108.60386902 49.63749354
v 39.06385205 -120.65405651 53.36569854
v 74.67470684 -45.57247533 11.90288325
v 73.97379822 -35.21467876 10.40699377
v 57.78113848 -45.22197387 -5.03773433
v 63.82246112 -52.46480081 0.14706538
v 61.28029764 -58.25125231 3.42937749
v 52.38576410 -91.89524228 7.15738274
v 46.91550797 -47.99103829 -9.96982446
v 57.17832563 -29.82174639 -2.42616828
v 113.75781720 21.44464163 133.11663629
v 108.49521365 -27.56334049 96.34337284
v 112.05929735 -24.93500059 98.50181404
v 106.11992030 -33.26680610 96.61362665
v 69.43649822 -110.55538525 70.65696458
v 66.02228931 -6.15160717 5.99700022
v 78.79846701 47.35210579 11.89813041
v 60.96035909 -10.34515129 -0.14620963
v 60.91090800 -15.65156281 -0.74119470
v 113.47438897 -1.47899332 101.97983513
v 77.42785729 -63.39968305 16.77793293
v 79.02777631 30.24664578 19.60997056
v 77.12918511 27.50689718 17.20180389
v 75.71646367 -78.17729799 74.98846047
v 76.74012014 -79.99270675 77.03164268
v 87.30999736 19.22374955 30.71938600
v 84.45758530 38.02810393 20.26047178
v 83.70189890 34.41746549 20.12452885
v 71.59847035 32.14896060 10.40556734
v 58.53801271 -67.92638855 -0.20239746
v 50.30337397 -79.92769717 -9.07425596
v 109.07772532 -29.53183379 99.38922115
v 84.70357885 -44.27880346 108.65927694
v 83.22887227 -47.30545396 99.40068539
v 93.54576569 -43.45916659 76.59781143
v 79.80538205 -64.91976710 81.61426832
v 86.09821870 -60.83395281 57.45696064
v 73.38096079 -69.24630752 12.98315175
v 46.06123923 -81.08530698 -12.22871454
v 49.46071313 -38.81352880 -14.26144946
v 54.43228808 -93.48234001 53.00188277
v 69.46414338 -80.61390735 60.27558983
v 71.51305481 -78.21631298 58.82096777
v 64.21445166 -85.62808092 54.99090727
v 80.55997837 -75.11632391 36.50871662
v 75.89425895 -81.89773548 35.35409870
v 53.22012876 -38.60836349 -10.61626969
v 65.09658360 -84.77274258 52.45638770
v 55.73184909 -91.54172912 52.14358826
v 57.99612961 -91.02391083 15.78886142
v 116.25420336 -18.03951244 100.97793964
v 82.75192468 -121.89780395 87.41608568
v 96.29953039 -33.50457652 77.98111639
v 88.98685765 -52.49967566 47.60186835
v 99.61848959 2.41291571 43.75525081
v 110.18810033 12.72211560 90.11450119
v 107.76699081 19.87040475 75.15965649
v 109.75147794 15.40062400 135.94015003
v 84.04386257 -54.48097194 114.90748289
v 62.42852085 -161.20659000 95.20438276
v 113.98640660 -26.25310951 107.81353844
v 99.34359070 -20.36911657 79.34616491
v 65.95233068 -165.75306070 85.67868855
v 110.75269806 33.87339087 150.04416591
v 54.81141239 -159.39010003 113.17717162
v 71.32630291 3.58717855 9.88601663
v 61.69178490 81.99161034 10.46715062
v 63.00189315 95.35415414 16.02263129
v 54.56344330 5.06686882 3.14953576
v 55.70289028 67.26504190 2.98387471
v 44.10528310 75.22571396 5.00438643
v 36.61022477 -64.88658510 -12.61280565
v 35.59102457 -68.49606810 -14.75152498
v 26.21682740 85.03052428 7.15178520
v 29.79440797 17.72417182 -23.94482051
v 24.68045073 91.98567418 10.56533151
v 24.86096657 -68.76096130 -16.36439616
v 3.53344108 -69.97553695 -8.72770900
v -1.52597564 2.79562002 2.20222153
v -3.76136055 -72.82907438 -2.20714236
v -5.93847324 -19.83436356 -1.90592822
v -9.44036443 1.04831148 4.27123293
v -10.84617643 16.59986526 11.35056309
v -6.13140966 12.24778713 6.95421268
v -13.38103032 49.79277749 8.50351494
v -14.17529937 92.69849428 20.16217660
v -19.16784480 0.92397907 9.87286412
v -27.10052941 80.75695552 27.27613204
v 73.82258084 69.75221743 14.79914561
v 65.18755823 -8.52783589 4.32854692
v 58.02823818 72.58023201 6.55605967
v 57.66771047 55.99149939 1.78201392
v 110.73748690 49.36980999 68.55904007
v 107.81207500 53.04126005 62.09903396
v 87.34597244 95.81655523 37.17546094
v 32.76309720 7.61704895 -27.28073182
v 114.47797325 95.09583454 120.53007235
v 100.51824875 -10.80304845 81.40471665
v 97.98141743 -14.67665410 75.80474012
v 46.88201284 -11.18148443 -16.40845666
v 99.50477697 -22.59493316 94.05773670
v 35.61729064 26.24092148 -14.09992725
v 33.74913919 23.08067422 -19.04795051
v 92.64269114 88.59920448 166.57354838
v 65.95316289 -57.84840724 147.20560080
v 51.81789491 -139.59813297 63.21265628
v 55.69051339 18.98506553 8.83951846
v 34.86912610 -139.08054760 58.24087668
v 49.91029323 54.79959729 -0.32878358
v 39.43551586 34.80698656 3.03304108
v 32.90406290 17.82139365 -22.73351378
v 86.77774886 90.69833771 171.99365689
v 93.90149877 43.50294174 178.92690906
v 85.55579233 -3.95817563 165.06073910
v 87.04654445 -9.79963722 159.69909065
v 81.75975127 62.98431685 183.90028520
v 83.04768616 73.58229178 180.82028172
v 84.83990441 -0.99644103 168.79672061
v 82.04182082 0.40271065 171.90487429
v 86.56938657 7.49857448 171.70429584
v 75.40742566 61.78690443 189.55497859
v 78.94398969 49.05353489 190.35262512
v 70.71808668 -32.43978076 159.75579556
v 71.79807111 -20.59310885 171.12254290
v 73.48670985 4.69857160 182.60260098
v 70.95614856 5.70736357 185.06446040
v 65.22179308 -26.37757818 170.65758103
v 66.12587109 -1.15456677 184.67597230
v 62.01334398 -5.31594928 184.30586426
v 60.82302463 -82.80425397 159.70820448
v 54.00251715 -49.91971183 161.70880866
v 60.26504009 40.58642194 199.05157615
v 45.58555835 -59.45607454 164.37940868
v 25.35915047 -59.20964230 163.07630694
v 19.01318337 -64.33096141 163.53206625
v 3.19352633 -87.82801696 159.30235299
v 8.71395031 -86.74927840 162.82169464
v 6.85687519 -30.17578765 172.24180799
v 0.07289931 29.88909800 198.93058812
v -3.36006446 -91.69967593 153.74335356
v -2.23312248 -7.45974618 184.66930804
v -2.24740097 -30.97992415 166.88150516
v -8.33462232 -23.64334774 169.01106596
v -4.60196203 -88.11180358 155.71051185
v -13.96899736 67.90274622 184.34506068
v -8.11903498 -85.10555222 152.69202358
v -14.92898416 -15.94352934 171.18806435
v -5.90964039 79.70367867 185.59610185
v -19.85757047 62.63583402 182.64597097
v -16.56571083 -107.10749296 133.00741055
v -21.78973688 -91.96113379 141.30176850
v -18.40419371 -3.66298021 174.79943528
v -21.75863637 -9.80916779 168.57160148
v -13.30829279 81.08161306 181.20944976
v -23.33097567 5.81878174 175.44161643
v -33.58615480 15.50401036 171.89677589
v -25.49061743 25.24140637 182.95106402
v -24.38107365 60.65164736 181.55962064
v 44.91391863 -172.34315950 58.11763850
v 40.63872086 106.81570273 18.09470315
v 33.36208631 -46.60981720 -13.85775915
v 37.80709762 -47.52326030 -13.46765082
v 18.81048548 -50.79855986 -16.29173590
v 28.48991369 -12.02326484 -39.13616298
v 26.22272463 -63.79543216 -12.27745426
v 25.98395428 -48.22158267 -14.65059458
v 21.27384768 101.69460364 14.93682583
v 21.41456972 -69.68468623 -16.74217591
v 16.97582582 46.85233823 -1.76633640
v 11.52903062 92.07300294 11.47384226
v 14.02442734 88.25626068 9.13926966
v 12.45278619 45.28475844 0.30055753
v -5.42441561 -155.56345174 58.31127934
v 52.65579027 -154.71293180 61.81795384
v 23.84745881 -158.16001265 57.22771674
v 48.30597754 -154.49710677 60.69891546
v 11.30152719 -47.90134069 -11.92939967
v 9.23704497 -83.32504350 -15.78334467
v 14.73213768 54.38074708 -2.24763727
v 7.54374263 -139.77595316 59.41244777
v -3.77847455 -164.38099294 54.08384744
v -8.07070656 -164.65838318 55.56941635
v -15.14665844 -166.86869035 59.54852956
v -22.51343496 -140.97471970 72.36670338
v -25.39711190 -123.20769870 80.22511966
v -61.55569157 -1.74679472 119.34678505
v -62.25969838 46.15423514 95.50037302
v -60.78745252 37.16487256 92.75663999
v -47.08259741 11.29962973 65.23221649
v -41.55457622 -7.82544975 41.40140491
v -41.22559298 -6.17177582 39.28963460
v -34.26338686 -38.90363412 39.62570277
v -20.63538698 -15.42008478 10.22482367
v 30.59305536 -32.02252418 -19.53192940
v -1.02298708 -52.02916776 -4.43480515
v -3.29866967 -60.13950829 0.95477865
v -1.36194910 -89.69169720 5.76344547
v 8.70742206 -109.82812949 53.58306300
v -3.44917080 -107.04768070 62.71608021
v 59.77012019 31.03006872 10.69666722
v 12.09547826 -106.39530513 50.83500387
v 71.13596884 39.93474036 10.93836904
v 45.12934028 38.29764843 6.57224681
v 47.57742479 43.16653415 1.35653157
v 47.94594350 -46.62225529 -9.83599202
v 38.35222991 -20.23495201 -14.24369841
v 43.69962294 -64.51139630 -11.17780135
v 87.14952469 -112.41453675 98.83412024
v 82.96991562 -121.46526794 90.70829390
v 71.57513862 -39.84447280 140.31246220
v 76.06131754 -38.36845105 130.63165375
v 70.60349316 -44.96671746 10.84270033
v 68.62000259 -39.97121238 9.36977296
v 65.18257788 -35.12114121 5.03485226
v 59.75276768 -53.07181743 -0.05140673
v 54.53104186 -95.09760128 34.62932249
v 61.72451407 -91.44268309 25.14992754
v 61.40437179 -91.00973780 21.27743770
v 47.66397988 -96.75944162 19.98941685
v 40.15453870 -97.25600111 1.26392849
v 46.66834847 -94.74314225 -1.70993344
v 64.80900156 49.88505026 4.40157716
v 58.50254544 50.41756015 1.10650963
v 82.48189421 14.18689987 24.65584494
v 105.65061764 19.56035963 149.50372534
v 113.64776837 25.55678411 137.40731782
v 91.22443612 -2.67427413 159.02181653
v 96.70969274 5.04614701 157.79254625
v 96.01493207 0.96809052 153.06091243
v 73.13640173 14.68043382 13.43757698
v 67.60956293 -18.15577274 3.61884974
v 109.79872266 6.27733768 93.24000543
v 71.44993353 -54.69947624 11.84406755
v 68.69843063 -45.38656828 8.66561886
v 68.91660395 -52.61729976 8.22061984
v 65.78667966 -58.62729891 5.46111848
v 47.29474567 -75.14836535 -11.71317934
v 41.57792650 -82.49642277 -15.74602813
v 117.67787013 3.60760143 104.43528568
v 100.68328227 -13.66852796 96.67359879
v 103.29852525 -8.11388269 98.43387357
v 107.15003153 4.81039162 90.88045944
v 51.20712496 -4.72715962 -3.49107851
v 125.82009358 -7.98490266 122.36279370
v 118.18045224 -21.70235022 115.08536949
v 110.40605024 9.81747901 94.29233028
v 100.55818446 -11.59797978 92.89891513
v 101.72622581 -7.60985300 92.54366626
v 102.73465707 -6.63211135 88.99517486
v 77.79349087 -136.06161004 79.01008715
v 98.81783108 -24.45233438 83.35394924
v 101.79349426 -19.40719610 83.58998280
v 80.15607788 -73.98682449 45.18014066
v 82.88551863 -71.14163768 40.52827776
v 84.94338790 -62.47135056 68.73307659
v 70.51852539 -87.09757399 34.50939598
v 116.78771521 28.21499449 100.16352341
v 110.35095897 9.88404987 117.57828503
v 57.06799482 -173.68213288 107.05330655
v 64.04142286 -45.71350624 149.29459743
v 120.67645075 4.31964097 110.25913805
v 90.74385433 -39.34962190 45.29967015
v 91.53493930 -29.89791407 43.88206792
v 80.83288221 -125.17366115 83.32759714
v 100.97471020 1.08514386 144.22206100
v 66.89809837 -174.77487562 83.67998700
v 93.09829575 77.14764486 171.04815112
v 95.03589127 73.73040235 170.33807858
v 100.43150080 69.04837549 167.62468215
v 107.13164641 59.58139761 158.22889450
v 112.14427966 95.17957306 89.51060443
v 97.48028006 -24.39108940 71.25310363
v 38.34180465 -11.87068064 -32.52323159
v 35.35446773 -5.64665649 -34.02867181
v 104.20845610 54.56608888 163.95074169
v 106.89241347 71.52647738 157.84641117
v 58.20708919 -61.39590797 159.51094967
v 68.69197989 -46.32898004 138.95167607
v 71.37799286 -52.26283389 133.75992123
v 60.52116200 14.20062168 7.26939702
v 30.16873897 23.28337347 -20.37040901
v 35.00737638 -11.35948308 -37.23582619
v 30.64570631 5.84942076 -29.53656744
v 25.68377980 -2.57070444 -35.08535911
v 72.00434659 57.60372745 8.23240619
v 64.66081704 17.64764910 10.20057020
v 55.39343352 62.79947375 1.28048983
v 33.73751481 2.04918110 -29.64607570
v -1.69349048 53.43895432 4.11951992
v -4.15985091 70.15316757 9.48960851
v -11.32487004 67.62707002 12.89437296
v -10.14354999 -28.02278710 0.29529040
v -10.75533824 -15.70993206 3.75253952
v 13.68750451 -69.10464635 -14.85278063
v 10.16666965 16.88839290 6.40672405
v 9.00930759 5.87466632 0.93046863
v -0.86643296 100.16243454 18.41207942
v 0.49555066 7.78741341 4.77643025
v 40.31402975 54.88656727 -2.25767345
v 28.18512581 50.75514959 -1.70177202
v 24.26567372 45.37912369 -0.89211552
v 21.12142341 45.99571920 -1.67030541
v 17.78246695 -77.22244755 -18.62374021
v 24.14319569 0.94634254 -31.81017311
v 8.20533482 -32.07534772 -15.77954358
v 13.07706856 1.15095526 -6.39689969
v -18.86711437 90.87578768 22.50199271
v -15.36117966 98.49840307 24.28767914
v -22.07915341 49.29736286 14.46354201
v -24.86849968 53.92101972 17.63452534
v -19.14485372 6.34180301 13.79327876
v -23.58676180 112.38067528 44.79494736
v -32.34356165 6.94764424 27.60945410
v 64.26877789 -41.23082514 -0.50724993
v 41.41101393 -0.25022161 -18.47386148
v 62.22016690 -82.50306597 158.72468182
v 118.82651048 39.28427219 91.43486176
v 102.47961657 100.39643219 142.09305993
v 103.08979682 102.76742954 135.21356835
v 107.58686971 99.75789296 131.00948629
v 100.43952384 109.44076767 122.01151014
v 109.86685937 100.20828015 125.53942849
v 100.26576190 109.54128664 108.27032441
v 110.68214843 99.74152920 107.91819470
v 95.85410048 114.21612167 98.03809432
v 115.26095929 43.24597892 83.62910823
v 104.99109154 96.71820308 75.23422319
v 75.64384168 113.35580692 40.88128628
v 75.29672447 27.08977615 15.54540480
v 71.35448751 24.86056861 14.63372088
v 67.66171817 63.56820557 9.38945615
v 64.54437772 37.31120488 7.08824384
v 58.30389755 25.91126506 11.77868788
v 50.17793279 37.04580741 10.52353211
v 46.52580919 33.40521831 10.10476699
v 46.88804410 36.38655246 9.81581699
v 46.30713706 29.01755877 8.69290162
v 25.95592226 -143.18188594 57.12673502
v 36.54961409 38.53716228 0.37917825
v 22.97900298 -33.89756700 -20.07224924
v 33.18339900 -171.36399800 55.34800000
v 42.32791140 -53.48357262 -15.07831410
v 105.42163823 -21.43776902 98.67161492
v 48.47398694 15.39234613 5.06038485
v 47.37625832 21.24790967 8.20701212
v 43.63616632 25.55859969 4.26971148
v 52.93694030 -52.15811394 -6.50872247
v 39.79992277 30.87228266 2.91363795
v 46.81700577 -23.11102085 -6.68056641
v 49.54268494 -29.28258056 -11.32527862
v 39.01697133 -25.15799736 -13.45205931
v 77.23158777 -45.54557698 14.14875740
v 88.26929099 -105.09723457 107.71065872
v 95.33090898 68.84917456 171.65579599
v 104.57205510 87.58326887 152.58599710
v 72.29212132 -32.25867651 158.00501022
v 65.34216849 -40.22823385 150.98157285
v 73.87803922 -33.35261799 151.23880564
v 74.52200053 -105.73941505 138.43058444
v 65.26189152 -120.99790739 130.43976963
v 56.99719682 -142.74866151 122.07173400
v 52.71792257 -150.70300798 121.74381781
v 107.12299689 6.48178521 123.06336007
v 96.43092901 31.26478077 171.71216736
v 89.19955420 22.78681518 176.40349119
v 88.06946404 39.04518793 182.44937445
v 91.32075587 28.92850724 176.27675468
v 78.45684870 4.39873645 177.33702801
v 82.61051600 32.97912868 187.04588741
v 70.55654263 -1.87049522 180.24108998
v 77.50502172 29.71708084 190.55323096
v 74.59010866 -17.52550813 170.02854312
v 68.96375329 -13.95521868 178.12120087
v 56.64976674 -68.25172487 161.12527618
v 79.04885570 93.17345899 177.12085452
v 75.47479443 95.44327198 177.91909634
v 75.53375036 -99.08569595 143.26295724
v 66.60853122 79.98680307 187.88002045
v 67.39295036 91.42712314 184.03002366
v 65.04505643 -31.54720539 165.48344464
v 60.11730956 89.75152705 187.11563652
v 61.53639738 67.09596136 194.89016475
v 72.43433261 47.13323761 193.94676352
v 60.15175382 -18.31861274 180.84136477
v 59.53446873 44.30106380 198.46497693
v 50.67228434 63.33733341 198.67637355
v 52.60843989 -84.26828779 162.91782232
v 56.19738368 -34.78004557 169.33883626
v 47.90931405 -42.94044484 165.56526735
v 47.33984488 -83.63374018 165.15229240
v 62.41123448 26.42398722 195.12756494
v 54.45387885 -140.87668795 123.94279073
v 54.40989747 -4.71151298 187.18407121
v 58.11103258 -12.97349325 184.31178149
v 48.17568505 -50.48359641 164.07963782
v 48.15318924 43.64043336 200.57969656
v 43.88462061 -67.95630300 164.87139978
v 44.55523888 -45.99688595 165.38836389
v 41.27619082 12.36819639 196.02662486
v 44.58041866 37.65484623 201.83835835
v 38.62589566 -0.03528124 191.78280036
v 32.76941418 44.89970984 202.41273444
v 19.77832244 -58.79024896 163.73029223
v 61.45043412 -88.16274917 158.37308702
v 58.23981640 -25.43927050 176.87407419
v 42.17641322 -26.70973508 179.98438963
v 39.35957977 -71.52475627 164.34598490
v 41.53855261 -32.54385232 176.38690346
v 32.26824421 -89.65908593 161.39989348
v 31.69114096 -83.04526964 165.81036893
v 36.31782320 -126.79461382 126.91139323
v 31.57794198 -52.97711362 161.39904960
v 34.80358445 -85.83507776 165.41880456
v 21.55811046 15.13138366 198.39234965
v 16.43770430 31.91121257 203.57394484
v 18.60497047 23.28402065 200.22315927
v 22.54206524 -52.31344927 162.85319302
v 13.54539013 8.16567400 193.97323207
v 14.06785085 16.57269698 196.62061924
v 16.64988438 -87.25332643 164.77911258
v 17.46341285 -33.26313745 174.58388234
v 14.70626870 -73.47363692 163.72212294
v 11.86317787 19.01170653 198.42388658
v 11.28011321 -8.32367048 188.16323217
v 8.40109483 -33.88360218 169.25052424
v 1.34376013 -69.75525985 158.13287396
v 8.67291294 107.80887518 179.24462022
v -4.98471631 -102.90529342 142.12873176
v -1.33654674 112.16080202 173.05424591
v -6.05150113 -119.42614098 129.33479429
v -3.62321850 -109.62478208 135.53765076
v -15.64063206 54.78761737 187.96252660
v -12.31171547 -110.21981792 133.83006640
v 6.07639036 -82.54468192 163.41948897
v 14.84312326 -48.20197284 161.50240601
v 3.96830204 -47.79165228 154.31967999
v -3.32534146 -85.38456126 157.14865430
v -1.21213858 -74.53094635 158.07680387
v -6.84262606 13.21840112 189.14057685
v -4.57927457 6.08975143 189.07059401
v -7.37562340 18.47114364 191.25020956
v -11.62322489 -10.34444380 175.32868229
v -10.25252450 -90.51106896 150.41424105
v -29.70553288 28.22018644 180.16499848
v -34.62075744 22.80570203 174.11519385
v -41.26488231 24.01889971 168.92646606
v -28.13854158 120.35845765 140.93799429
v -43.39961937 62.20097521 165.06063522
v -44.78858026 79.99448326 158.75921238
v -49.79907243 78.03654423 153.84202906
v -45.22813377 103.78916178 138.82222895
v -40.68293402 8.30038548 156.55908081
v -5.34334222 -53.21364807 142.96527183
v -48.21173925 22.19921252 156.35502371
v -54.95231814 62.42532094 146.91968404
v -52.58683605 93.00384570 141.32849792
v -46.54677800 13.04779105 150.13949059
v -42.23836938 12.06122163 159.19279204
v -28.01379929 -25.85573651 147.86464157
v -33.14733037 -17.45678965 152.13460147
v -28.91269922 -28.10872877 144.28491405
v -39.40526378 -4.42107589 150.03315351
v -55.07741375 55.31284762 147.68861062
v -41.89135742 3.22653562 146.60389160
v -37.14907791 -14.08663652 147.41040674
v -13.17480035 -74.52333486 143.36252637
v -30.69719256 -29.71998937 136.67312463
v -58.11453246 60.83471708 141.80456436
v -55.14190758 25.84610402 146.00241155
v -60.11540613 67.35942511 136.07655285
v -40.31451401 -7.44256238 140.54927897
v -18.90666873 -43.39246895 132.17094964
v -25.04906327 -38.30699339 132.06999903
v -57.78588201 32.00164140 142.00221569
v -18.34555197 -65.07961793 130.23356935
v -51.10084651 9.51523611 119.21456030
v -8.31886513 -133.29763006 118.31431138
v -18.39654551 -156.62206218 79.58840631
v 14.44803731 -76.67330758 -18.15591317
v 12.63038376 -78.89106210 -17.99386240
v 10.70301987 -37.18719791 -19.26138917
v 12.19808720 -51.86709633 -15.00707883
v 6.29092499 -81.54918302 -13.71886777
v 1.15127349 -41.81072970 -12.23311794
v 4.80408842 -54.21189082 -10.34100081
v 4.43565153 -64.94695170 -7.93962915
v 3.84276342 49.73114193 1.50242576
v -8.61426135 47.25634381 3.88022877
v -16.65086214 21.30231667 15.69110538
v -8.91395493 -133.11965872 64.57032644
v -8.00392994 -149.46368834 60.81104844
v -12.72229243 -130.06060224 67.57331975
v -15.16707066 -104.30516268 74.61741859
v -60.08528845 36.01127271 138.91298930
v -30.03920245 -90.25740698 121.45467549
v -58.80484407 -17.85985024 121.11924121
v -50.05241577 -35.09841891 119.82184980
v -58.75707809 93.96031250 121.27371538
v -60.29222917 -5.23591266 116.79410860
v -50.49323790 -33.59571484 117.98289849
v -63.83304742 58.32476799 118.25923011
v -62.10422817 82.47107512 110.35754956
v -31.59159885 -92.62422120 113.78369219
v -63.67279424 71.14071164 108.40357772
v -58.60267631 92.69494181 106.52819462
v -43.16949421 -38.92842778 104.58822327
v -63.24987492 53.63290481 107.62044529
v -61.44179221 83.72001669 102.61817317
v -25.73239733 -48.56162342 109.45539327
v -41.21957999 -40.26070458 100.23824801
v -34.79150156 -103.12087422 104.59409499
v -28.09031338 -81.47892286 104.19987948
v -25.19313508 -56.66125016 101.89858841
v -62.14542191 33.09474504 101.54719815
v -63.08957678 43.14472648 99.21544102
v -39.58903176 -43.07732149 96.66229894
v -52.24973142 8.30608637 98.40515765
v -54.56505168 13.34707344 97.74007146
v -63.48663908 55.00950341 99.26673100
v -25.71819132 -52.07306600 97.93442526
v -47.14021562 -12.90760753 98.69043103
v -63.36845458 60.99458907 94.94530381
v -23.73946591 -65.38831467 93.51479648
v -39.58278311 -33.65911937 94.68451790
v -51.26612920 6.69526820 93.21415238
v -56.75473640 21.74297594 89.06214011
v -48.58439210 -1.50332321 88.64175859
v -45.19300081 -13.68147633 92.48980386
v -50.37826485 7.90390040 85.85061336
v -47.85371454 -0.60723740 77.85616598
v -45.25566556 -11.23921940 72.87655756
v -18.12008849 -166.35990307 76.60894203
v -20.82320383 -160.15331338 68.47396344
v -46.01239848 -4.84041064 66.32952256
v -38.90524069 -29.37191951 64.09632083
v -20.40172475 -167.85575125 67.30822525
v -12.06726296 -84.78514641 68.24718045
v -10.15036345 -88.27551469 64.80949258
v -36.67860219 -43.44759633 63.44386113
v -28.13001970 -69.96022180 63.82067515
v -45.81896017 -3.50706309 58.27145690
v -34.32313370 -55.94512254 65.55566792
v -10.34069790 -87.17928591 58.32153396
v -32.80557365 -50.42999153 50.42407227
v -28.37084779 -70.19394038 41.92909469
v 57.05352171 -135.39510134 64.83619910
v 25.86599659 -23.39629168 -15.17902537
v 26.57043261 -28.76925765 -15.96900494
v 20.52761309 -22.87586521 -14.01171564
v 21.80283366 41.69568956 -0.50604909
v 18.10413355 -46.89981821 -13.69011985
v 9.99382337 -46.24095070 -12.05270114
v 11.27572678 33.54853597 10.28537933
v 14.14425878 31.20807078 9.78087640
v 19.19623128 -142.34862408 56.79661580
v 18.75888700 -130.41870404 53.93796663
v 3.00885359 38.88394555 5.20244368
v -4.02014898 47.90412837 2.42649672
v 0.87350665 38.00712164 6.32382365
v 1.36644663 24.32370103 9.89787053
v -2.83147314 -30.25258880 -2.21663608
v -1.54308426 -31.65520810 -3.07274577
v -3.56876198 -47.13400642 -7.13566383
v 0.19655603 112.37055722 26.73650562
v -5.18899387 -51.87474868 -3.50005411
v -10.59132329 38.13023536 9.33793108
v -9.14065099 22.34832514 11.33274531
v -12.88545067 30.39467002 8.00607511
v -0.09054853 -125.88696016 62.88757950
v 39.68414585 43.56141190 -1.08595274
v 37.89660406 -51.83833917 -16.20980236
v 36.58268558 -80.49122840 -17.78159609
v 19.71871977 -55.46305441 -16.17636053
v 17.11292650 -157.36194108 56.68415593
v 12.68505617 -151.55696324 57.17676371
v 6.53860588 -164.12483582 52.83185210
v 4.14916687 -146.48815775 57.78380170
v -55.30344078 19.03014867 85.61076323
v -22.94667497 -85.88780326 87.41995819
v -43.06213750 2.49085299 46.07579773
v -39.80293508 4.05578284 36.89685488
v 25.74893797 17.86208838 -23.88045291
v 17.99797711 -5.98342587 -21.77613351
v 21.57470398 -20.50439617 -14.27054564
v 25.23902136 35.19450368 -0.87900514
v 10.94077774 -22.68489361 -8.62385313
v 13.11586600 -2.25085086 -7.51235234
v 20.81317991 35.14794706 3.01697283
v 8.53626259 -19.89933314 -4.32230767
v 13.77442086 17.47474203 4.86741922
v 16.97558771 31.96327958 6.11607846
v 15.59786394 34.69330240 6.28395385
v 14.24233509 27.46006236 8.29488149
v -0.01482718 -64.71578812 -2.52635175
v -7.57503612 -39.02292263 0.32887562
v -11.43774535 -64.40301482 3.76078337
v -8.75939820 -42.38715083 2.03163989
v -14.44692517 -63.29548862 7.79602693
v -12.89098151 -50.23150652 5.50696297
v -15.17645127 -40.33443658 5.96569274
v -22.53029654 -29.42439904 14.78076059
v -18.31028877 31.64152441 13.98766389
v -17.57463485 25.64248966 11.61855359
v -19.22181087 19.84098779 18.44389540
v -22.73704901 8.17641109 19.21090727
v -23.02934803 -38.82553475 16.54959968
v -26.41418441 -25.21402637 18.60322816
v -26.72697497 28.36691790 21.42730670
v -26.03397709 0.16545879 15.37711669
v -28.40784064 -42.28806467 26.71734001
v 0.88837028 -114.73998022 59.99951057
v -31.38023987 -39.07081557 32.11643941
v -30.59835828 75.73780262 29.96227206
v -37.80723676 51.11021085 39.17294078
v -16.50396209 -92.04255856 76.60080799
v -46.71925247 59.42793747 56.32694346
v -28.74692158 -93.15404836 96.51773937
v -49.32882234 60.40783104 63.64086634
v -45.78984123 79.96259898 60.49404966
v -53.72089076 68.04734517 75.18361685
v -56.39375399 47.44938072 76.93469436
v -57.59672401 38.63730631 82.85691511
v -56.87964135 75.26209442 80.82864195
v -43.92989656 -27.16692996 108.32198973
v -61.95684628 68.03691320 88.62369489
v -47.74443136 -31.47008070 108.16850362
v 32.00007989 -116.48214929 50.47197369
v 27.87231848 -75.41266353 -17.61790476
v 10.06478907 -93.45814289 -9.95647375
v -3.96495870 -86.87290140 3.27095864
v 1.17273638 -101.22999928 55.44374168
v 14.16793463 -39.92434910 -19.69690122
v 61.00133897 -87.38012515 12.14431713
v 73.97265273 -79.75805320 20.83926522
v 77.78607986 -69.68347150 72.88090852
v 15.75786934 -102.17636292 46.57713994
v 6.03680790 -100.19642217 49.99905511
v 22.25892258 -101.52582348 43.60788126
v 34.60166152 -97.39450079 -3.03174625
v 49.39736686 -16.33580668 -9.35121417
v 46.31792720 -17.36104732 -11.75822922
v 43.02702879 -16.41264706 -12.80423066
v 27.96655039 -19.86394236 -18.36831953
v 40.61354072 -14.08670510 -21.82904710
v 35.70300739 -15.09896388 -22.56098061
v 31.72086799 -20.41093530 -28.71098469
v 67.29571783 43.33346602 9.69382862
v 65.55250974 -29.77048945 2.48968673
v 63.21659344 -31.43046122 3.20159027
v 59.28792215 -41.34926321 -4.39423494
v 40.61973053 -37.48260131 -19.33847474
v 125.87939366 -0.26960850 120.99701355
v 110.20526535 -2.73176332 98.15435395
v 69.57952911 29.74059718 10.53108271
v 35.73198750 -18.21261731 -16.41382148
v 36.91421479 -14.38218922 -34.83159843
v 121.71519400 1.62731637 116.04055457
v 40.28880426 -13.09371342 -25.47836426
v 38.89357393 -14.46139385 -28.69679301
v 80.23001505 -128.51542773 84.03741981
v 98.02743268 -42.16496259 84.13980608
v 87.63956759 -31.37414194 118.62562148
v 84.97022178 -41.56315608 105.34300501
v 88.09685558 -109.02293416 100.08858264
v 25.22376681 -90.47854586 -12.36946902
v 55.92271683 -92.46263582 44.36261734
v 35.26299994 -94.74998449 -9.11161851
v 36.75624840 -14.07937303 -19.14347554
v 38.23899398 -15.24952427 -27.20449526
v 69.28977761 -150.64762470 68.97492936
v 47.72434035 -109.80976010 54.36912830
v 50.74751316 -10.22848985 -3.93044171
v 46.53211570 -54.28036703 -12.36205034
v 112.05126952 10.84572298 96.79146273
v 110.37777525 84.29110683 75.52457100
v 48.69617091 -22.23227732 -4.57063026
v 114.36457791 94.35109788 107.39080385
v 71.12289151 -171.41169988 70.65281840
v 103.59997966 20.20898140 155.06731331
v 107.96590111 15.83503933 142.86081482
v 66.73085896 -159.69492364 84.95586354
v 80.62105254 -62.76559580 82.34582025
v 73.91157604 -148.60991809 77.68398186
v 96.13630247 -43.85919138 81.77609473
v 104.85894307 -4.35068462 97.33973572
v 108.53157328 2.11399271 93.79577358
v 102.29547632 -19.02469985 85.84820563
v 117.48800586 -3.81392429 103.69927354
v 36.92442441 27.19091455 -10.65564103
v 49.57502169 -13.14924274 -11.03141618
v 111.93654941 12.92182095 115.26714321
v 77.75873429 -92.30251908 147.58729624
v 99.59607435 -11.88782462 136.39470808
v 104.01400951 42.67669388 162.01899300
v 52.04018420 -171.14966157 119.03412199
v 102.69295366 -15.72101812 83.90527114
v 96.21059563 113.69063025 89.37355808
v 98.67206567 109.94402341 89.81919115
v 93.04854361 116.22834914 80.95465586
v 47.61826015 24.65056569 9.00457249
v 6.28035424 2.72754314 1.01599191
v -0.83582290 -5.67326287 0.54125776
v 74.79693479 95.44572662 23.71582815
v 86.55576570 107.38006881 48.18880350
v 111.33093030 94.65058422 133.55605937
v 83.69427700 127.13615434 100.14912680
v 63.36856110 134.62665759 68.44720625
v 62.81833801 130.87759683 56.02388239
v 52.77629672 -31.67263560 -10.85070336
v 53.60388856 132.48998551 51.21132746
v 69.18796304 21.81296460 11.94244643
v 63.99672484 24.76416583 12.22873574
v 58.02483367 -18.01855937 -1.04535538
v 47.24707533 -168.50215170 58.57614464
v 57.55381034 84.17806926 9.72385188
v 50.67183179 73.73548930 5.00462071
v 52.03538060 29.61653295 10.92930628
v 38.19124053 -30.38015239 -19.10023508
v 31.88555362 -29.57164949 -19.15672729
v 35.48336843 -164.91129472 56.85939514
v 28.52699960 -38.40091800 -18.16059673
v 27.14766037 -31.71548431 -18.04802246
v 29.72831692 -122.31420940 51.48135620
v 18.46405541 -168.41783491 53.43656904
v 24.91199448 -126.90550122 52.57970419
v 10.98679554 -161.99062713 53.79716852
v 11.50081602 66.11919511 1.61540344
v 13.82947660 58.26398649 -1.41863845
v 7.20227976 31.46077492 7.72840237
v -0.71780864 -141.12372646 59.02071038
v 3.92945884 -23.77855483 -3.53800063
v -3.12920293 -132.63162372 62.43358050
v -6.10198712 -24.00921317 -2.21759722
v 52.13291050 -17.17355826 -1.23595483
v 113.37618113 -6.55402616 98.98436983
v 108.88421553 -16.61234396 100.28192202
v 104.82606582 -9.49311908 99.81474739
v 103.41103832 -20.42950962 98.68489429
v 76.67559651 -95.29253289 77.58094558
v 71.40573581 -134.08288767 71.28097085
v 62.12900326 -107.08103800 65.87043293
v 86.49974164 3.07133276 21.22267311
v 62.03050659 -99.60284791 63.48319402
v 80.12194906 20.22477710 22.41923976
v 82.10976651 76.74330371 21.98324850
v 81.35093065 66.92632096 19.18372526
v 78.80979678 10.34467666 18.95822816
v 78.26434404 1.07451686 13.99905638
v 75.08858123 24.11403832 16.60910857
v 46.17290641 -136.90512948 61.72628528
v 73.49826873 -13.24318246 10.69733897
v 63.80245063 -68.42306025 4.53300453
v 43.93931626 48.83257930 -1.06730956
v 42.99727638 -28.40623445 -14.87974574
v 32.52779884 38.98580137 -1.61263059
v 32.95289189 -23.60201743 -15.13929619
v 41.61246057 -13.13184934 -22.93171109
v 112.83175830 77.21290246 82.18739358
v 118.22490870 57.87710506 91.35575486
v 101.32281766 -30.08227110 87.22182081
v 100.67336976 -38.79986269 91.02517343
v 112.83952037 64.19619270 76.46765225
v 84.04710691 -82.82463456 90.08576328
v 110.41608008 60.75468211 67.53789837
v 106.32474634 73.88388927 63.61122707
v 102.92548372 81.17560425 60.40922934
v 100.19702740 74.48134389 53.35696796
v 68.36504278 -168.10693725 67.47399609
v 97.21919878 86.17838060 49.51644133
v 97.39573660 20.77137470 46.39090580
v 92.48788392 76.89195117 37.99637732
v 95.46760225 10.52470327 36.05676209
v 91.81381599 88.51360024 40.07710557
v 85.02845893 73.86361557 24.82941092
v 84.07908858 -32.22026748 23.94465931
v 66.55210490 -38.33733585 6.66486897
v 53.62438236 -22.51916008 -1.31260529
v 44.13532909 12.37126936 -3.58785931
v 47.45124191 -92.27799683 -5.61948866
v 93.84661807 -44.32829523 65.16432890
v 98.53956405 -6.39412166 50.98369832
v 119.23766081 40.23447262 126.14002474
v 125.89286241 -8.62305749 124.93375776
v 120.04372297 50.46190910 114.90451171
v 115.70608227 24.55969515 119.34766405
v 81.35893751 -47.16162676 121.19192603
v 114.97064600 23.46749538 111.17111036
v 116.01022696 89.83392623 110.48687740
v 115.34782049 89.22431574 97.51214894
v 117.59783945 77.64013776 109.77560514
v 100.65550557 -5.62049730 77.88504788
v 71.41177380 -167.88478876 74.55021716
v 69.88439950 -172.26380900 68.12018600
v 71.82091604 -155.39436849 70.60169642
v 89.16595764 -55.09153775 54.69354275
v 85.06591718 -62.68589965 45.98814228
v 69.00231800 -8.46074501 179.16487073
v 72.72059409 -22.59565473 166.42515780
v 79.34129659 -18.69840929 160.45190348
v 60.51012263 -68.82475727 157.18574414
v 79.15528784 -22.50637207 158.27601267
v 77.48352197 -27.16761365 154.63206578
v 81.18228647 -24.33184730 153.74035425
v 68.59725219 -70.92258412 146.18403983
v 87.52567776 -19.49495417 149.60686244
v 66.80597172 -51.20907469 144.37047177
v 110.19159570 71.74732288 150.99337630
v 111.71554062 65.89068715 149.62296047
v 92.91402280 -13.29309130 147.99020939
v 77.12738125 -34.34339428 144.97497693
v 85.05375470 -26.28333706 145.18900004
v 78.48068995 -35.72283750 137.84241824
v 93.03363360 -17.19409812 142.71315812
v 93.02973844 -21.10196831 138.39618764
v 87.72229841 -27.83694829 139.06255752
v 71.73186600 -55.08870682 133.23937573
v 83.87462004 -34.54832885 125.74095811
v 94.25843315 -22.48766328 133.57927583
v 91.10563500 -27.40272038 120.76542930
v 94.93344085 -22.56479266 127.01297567
v 68.89702859 -120.09662501 126.64088244
v 99.41519942 -13.04125650 132.27137709
v 57.32855074 -138.20864607 124.03279161
v 95.67477603 -21.84960882 123.97846772
v 107.88197973 7.75671389 128.45000642
v 101.59532277 -11.06208653 124.08591066
v 100.62127333 -8.97142098 130.35385667
v 72.99457501 -124.04020316 112.71636263
v 90.45343849 -26.39652785 112.06524352
v 66.35887234 -133.85247525 110.97306698
v 82.90795852 -111.06710600 113.27296917
v 64.50866931 -139.19990539 107.57320851
v 85.62139536 -34.74291073 101.35942127
v 80.36098793 -115.99031261 111.68687753
v 77.55103562 -128.04358329 95.19005067
v 81.41833557 -56.34081482 87.60100576
v 71.11563155 -144.75377072 87.15379965
v 85.65745701 -55.50188632 81.02403238
v 69.51806890 -154.05868910 82.44568958
v 89.92118100 -49.64716731 77.74479219
v 88.96421098 -54.42990712 74.89275871
v 100.70221664 85.71721058 156.38539206
v 107.89791450 6.47190044 118.86249801
v 91.71460787 -29.49121920 102.59445663
v 91.41757967 -27.43659537 107.36476558
v 106.85620151 32.33640483 155.07999872
v 103.18928170 68.47453536 162.43437384
v 101.33568009 47.61933527 168.10629955
v 81.86972879 -93.68898527 142.41362893
v 84.92423691 54.75403197 183.60749017
v 74.18210711 82.54281058 183.99253251
v 68.40877437 -43.33406287 141.38533488
v 68.26219402 -39.97604672 145.20652004
v 74.06652292 -10.76491774 174.31639381
v 76.03508394 53.81321970 190.39260120
v 66.94472386 -86.52040423 156.45709067
v 53.32486686 82.40593870 191.14938942
v 65.51391740 23.02776733 193.40790790
v 49.61006766 -158.38138990 121.66308837
v 64.16237141 -17.95400412 179.03539321
v 49.04806560 -164.09885951 121.14085218
v 68.33360455 12.37419028 188.73722633
v 51.01009820 -66.56612435 164.10670504
v 54.25025272 24.65865717 196.66663760
v 59.59863309 33.12909515 197.98365061
v 48.65927645 19.58027543 197.74145050
v 47.77941040 27.30577854 199.15719659
v 36.09776585 24.95050679 200.74392830
v 122.44292372 0.84944965 125.97982264
v 117.39573884 -14.48370371 123.00439144
v 110.66119213 -29.48119472 112.56864254
v 113.44624902 6.06220668 118.68937272
v 111.13189078 -1.04445800 119.91649272
v 108.84974492 5.00013811 117.59120485
v 110.29126695 -12.38024146 118.54124986
v 108.77501080 2.18348570 118.39212746
v 108.34380620 -18.84469188 116.21344957
v 105.68581893 -16.66305403 116.69566661
v 105.00644798 -11.44050111 117.34311511
v 103.05425195 -33.50949267 104.37554299
v 103.32775476 -18.85162269 114.75347352
v 96.43445266 -38.47480402 93.08280000
v 94.91065528 33.82112610 174.80823370
v 82.94459533 28.73436576 185.12349491
v 55.18150171 -115.69754837 134.66773107
v 59.08975573 -117.35872152 133.25583996
v 56.49964365 -106.14515451 140.97880368
v 56.64552271 -134.27214294 126.25547487
v 53.84283559 -86.89351335 160.80568315
v 57.92398419 -23.27446745 178.67124798
v 48.30425118 -110.81319276 139.49185781
v 43.25711029 -17.99893269 183.90996250
v 44.04171649 103.07754110 184.28473231
v 41.79222575 118.57466852 174.86107152
v 40.07878587 -36.49512067 172.56969407
v 36.27890589 61.84974339 199.59840786
v 32.93070958 113.82978817 178.46139017
v 26.25124596 -104.00862648 146.65777595
v 30.60183552 -46.17251385 163.58724184
v 40.93901624 54.77476849 200.52486503
v 33.75978199 -113.56218634 135.29591541
v 35.67914273 -54.65084368 162.03852998
v 34.19802989 -32.97329375 176.14289641
v 35.32682472 -120.85291883 130.08860536
v 32.54735670 -66.21699523 161.82897566
v 24.70440720 121.96499784 172.87144040
v 27.91060267 -36.66862815 171.60152085
v 27.97613359 -33.80619776 176.13928893
v 31.21424331 -95.54224376 155.83839709
v 25.87132922 86.62122408 190.93085336
v 31.36833767 -31.29099611 177.99826447
v 25.50301571 45.07136879 202.52801625
v 21.21584754 63.88946375 197.64698455
v 22.69369094 -114.62603589 135.29664155
v 17.43364044 -125.23633141 127.74841885
v 16.41020547 106.67492592 181.25712779
v 15.27268523 79.46868414 192.08662197
v 15.61189156 -108.08754897 141.15298525
v 8.68811928 -81.02971645 164.70900480
v 10.53060415 -105.78040232 142.24696443
v 11.08640087 49.14609723 198.49686392
v 13.03194069 61.86528891 197.11692173
v 7.46090736 52.71514755 197.50093565
v 10.21851249 -98.70201462 150.50717012
v 2.45558992 -123.21130841 128.48635674
v 4.08071583 48.98910322 197.99232245
v 7.54218143 17.81589813 197.33957294
v 11.02889181 -114.87511245 134.38452228
v 1.64327185 -97.24693415 149.16737099
v 1.06279268 -112.05370558 135.09658429
v -1.04103446 55.04219829 194.25231889
v 2.02777068 20.80312397 196.85517835
v -6.84974739 29.68084506 196.03734354
v -7.40438511 31.98041718 196.12026734
v -12.65353427 26.13218142 191.51378485
v -34.97888950 -31.77581328 115.40044920
v -39.52769722 -38.50648799 115.05709167
v -39.73653352 -26.21920494 121.38322269
v -41.39380842 -23.51071472 123.48535933
v -44.77546505 -35.70537801 122.44805408
v -48.17668629 -9.02594846 127.67148570
v -50.47237800 -17.18051553 129.58135789
v -51.06073276 -27.82835070 130.51293619
v -48.37405909 1.86480864 126.19664173
v -50.22472235 4.57170771 123.19073690
v -51.54205236 -25.11505176 131.49748573
v -52.61060565 -14.72271902 130.77932254
v -50.18899803 1.03987874 125.89131515
v -53.60280665 -21.31609679 133.16061117
v -56.49460359 -8.89879406 133.63664494
v -60.66238240 -3.42706098 135.25920263
v 40.96866145 -83.08150541 166.67239884
v 34.23825769 15.23450418 199.32436071
v 33.92559503 -2.78019194 190.87370345
v 43.63669084 -164.14739423 121.67463407
v 42.58031033 -170.06624116 120.68564054
v 40.06627611 -147.91497035 121.58885388
v 29.51584764 -3.40246583 191.27004597
v 40.25357548 -160.72444454 121.28485142
v 25.84771113 2.29178626 193.64633906
v 25.20194830 -82.43845000 166.45152687
v 25.29859351 32.84928262 204.04749610
v 34.49195133 -166.40657175 120.89282459
v 37.51200923 -142.81469179 122.01694095
v 48.26459900 -179.09800700 120.54000100
v 31.59615526 -173.47019478 120.06459130
v 29.34829327 -157.29568130 120.34933710
v 23.25525555 -176.49985439 119.53631145
v 12.15464710 -82.90480241 165.51241275
v 31.07152272 -141.31575939 121.86422042
v 8.08064442 -17.17883444 183.17402742
v 22.21840248 -141.55095777 121.64679074
v 21.86102100 -180.60737225 119.14699750
v 8.08742411 -163.02327357 118.58936171
v 23.93028849 -152.05704470 119.87811857
v 4.02423967 -36.24894455 162.96827068
v 13.27832372 -141.33054829 120.65839999
v 6.77006919 -59.92443693 159.07653231
v 15.18575097 -157.26617455 118.52879923
v -1.84036843 47.85446911 196.32503383
v 4.69720420 -134.30174093 122.91080175
v 6.11296815 -148.95381750 118.57085252
v 2.87409139 -140.54597270 120.48356487
v -2.91305394 73.21748401 188.07788589
v -2.48110861 -41.75705465 151.69497201
v -13.19143816 -24.38441360 165.32529093
v -9.21663461 -77.19828554 149.93961388
v -10.17072703 -61.63466239 139.26241451
v -5.79022632 -39.34397345 151.02112398
v -11.39174512 -27.82963565 162.47637297
v -19.61416192 -26.47043964 155.55323692
v -20.39074984 -94.76791551 142.43186099
v -20.01800964 46.57342151 187.24611194
v -28.33344501 47.31477721 183.01645733
v -18.18135122 -70.90664664 133.50825934
v -11.48110812 -52.71172499 136.51394138
v -12.61516410 -173.71613514 88.31911090
v -8.64913596 -162.47660859 98.21381396
v -13.26532211 -42.82124028 139.29825887
v -27.14755609 -11.47115304 161.90308517
v -10.35654813 95.92914615 177.28277088
v -18.02112542 -52.45000720 129.27854423
v -9.81638142 113.43354135 166.22944670
v -26.82922894 -98.08741921 132.38007238
v -19.73731409 -39.23958884 137.91208627
v -9.20890035 -155.73555693 99.36993397
v -2.88855771 126.32727518 159.73417320
v -19.85185892 91.07046454 172.80609263
v -16.63562560 102.18963774 169.05721930
v -30.49917682 7.42477768 169.09531386
v -28.57732366 34.47455854 181.16562992
v -14.91889636 -163.16105743 84.51933881
v -29.82688879 44.92741834 181.85202288
v -20.92907920 -48.92885819 125.79653767
v -37.95415333 18.24012256 168.10245771
v -22.65574652 94.98735651 168.35875544
v -33.41472025 72.62102048 170.74064616
v -42.46219433 18.49545624 163.26502634
v -41.57639574 44.37363523 168.82403901
v -28.59508344 98.05488497 160.57759951
v -38.36582386 59.12588184 170.50453129
v -34.74751415 80.68074310 165.22421484
v -33.52246118 97.91184894 155.06496966
v -29.41973712 -40.08174411 108.37084422
v -48.33380980 33.40847476 161.95266403
v -27.71325376 117.27018974 145.36976340
v -34.31904171 105.93023076 148.77744086
v -32.46049739 -49.63454303 92.05505934
v -51.20917738 41.30194551 156.44704579
v -41.92333233 95.21851098 149.85546214
v -44.90890581 -6.97585256 130.77600807
v -31.10837974 -51.33688103 90.31597494
v -51.97864026 31.70917863 152.48305155
v -46.17799883 -0.93458082 129.08369544
v -53.21156850 40.07124890 152.72151893
v -49.31303336 9.43333446 125.80039173
v -55.73711202 41.33790364 149.13338630
v -59.64411299 49.84028766 141.37256955
v -61.09952631 43.06588193 138.58133275
v -10.46789781 6.08350759 185.68632698
v -45.70852282 7.99148259 143.85465360
v -51.52525278 20.40274745 146.65976284
v -42.29957566 110.33604178 134.75369433
v -36.11342576 -18.19021353 143.12345455
v -41.78294688 1.56394858 144.11431429
v -52.67923432 96.97731771 136.92718396
v -48.89059959 12.76179302 143.18161750
v -47.72824053 105.80389016 130.89386846
v -36.55846803 -22.27577660 136.58141568
v -43.97802905 -1.61273761 134.85042291
v -56.27188723 25.85154356 140.72891310
v -40.15936725 -13.22374525 137.28642662
v -23.04892095 -78.57713893 130.24236880
v -56.87240063 95.56368372 129.16973245
v -61.99303949 55.80771130 135.73219391
v -53.39368019 16.52887503 133.86131596
v -61.87664366 81.42492030 127.34117497
v -23.50082717 -74.73131573 126.15474411
v -29.04782061 -35.30986893 123.00354800
v -63.73747733 47.61729582 131.56555104
v -62.78240720 40.61119296 131.37638295
v -62.83166336 74.85839749 120.19244390
v -55.75710781 -26.54306894 130.84481638
v -55.84951354 20.83894743 126.88601736
v -62.67939652 39.01020690 114.37258002
v -51.97660182 13.05077388 121.46465673
v -48.98196681 -36.07056952 122.10118372
v -59.78027850 30.91026826 122.02263202
v -63.42434694 67.14152038 124.30298630
v -63.89135072 55.64710544 129.83256452
v -25.07674061 -56.07039810 112.89403919
v -57.74003504 24.67369108 119.26512522
v -25.17198173 -113.38815480 114.46948393
v -52.16018838 11.66154909 111.48904669
v -60.14227951 -1.70094465 114.06836283
v -59.56468873 23.95988441 104.94589704
v -32.74060737 -109.87299402 107.13624019
v -24.05964948 -122.42193166 102.80414566
v -16.51789749 -127.06094168 110.18081400
v -41.31086884 -26.94676269 100.81983786
v -25.09341873 -60.10334465 94.65611418
v -37.74048226 -45.93174828 97.39959526
v -37.93934669 -48.18035904 92.03731045
v -44.50691059 -25.87688621 97.77597263
v -28.92351665 -54.07252173 91.52719938
v -44.07069632 -28.87778486 92.55786689
v -41.09662809 -33.64415204 90.30185308
v -28.16589202 -120.88601995 95.58141165
v -28.08556960 -63.13738174 86.56996643
v -32.58074286 -116.56826808 91.45784441
v -31.59363049 -59.57466539 79.52404780
v -28.32495250 -128.74955474 84.55783552
v -39.01595868 -35.49930996 72.94413758
v -30.05861215 -65.69621859 73.39677793
v -23.36492801 -146.40619120 74.51341239
v -21.31775414 -154.71607527 71.65191372
v -19.97587979 -160.91375576 72.54038551
v -42.79354911 -16.04706884 64.30399630
v -14.47511973 -81.63799657 62.75486614
v -29.85906594 -65.05647590 57.13397783
v -17.07898857 -81.46848585 56.02084227
v -17.14781165 -84.72690137 49.92292437
v -20.02786097 -84.62328842 42.60279785
v -26.14998649 -74.42729443 65.36247651
v -63.70818855 -16.01306915 131.35691135
v -64.44545716 -5.37646278 130.81509937
v -62.74818181 -9.21079919 131.34546362
v -62.40844588 -4.44148476 127.43879504
v -60.64284342 -10.55164897 127.86847614
v -54.19868215 -13.09540438 109.96252334
v -51.76073995 9.15189459 111.08053356
v -49.17251809 -10.19901169 107.50827674
v -56.24686307 98.60459965 117.94356634
v -44.64296594 -18.39016387 110.75387164
v -46.21991828 -17.10300831 111.05663688
v -51.02107493 -5.48324609 107.48809107
v -53.21805482 6.41357949 108.55231645
v -56.65488834 0.19308889 104.17135138
v -51.40728038 102.88295817 104.39733467
v -43.16980392 -24.92847426 108.12706700
v -53.24963487 5.31157391 104.39853903
v -31.54381230 -96.94930334 106.17607658
v -59.41486433 89.12069168 101.84846023
v -60.27256124 26.85150374 97.59970557
v -48.72060750 -1.56812795 94.63476245
v -43.31773682 110.53267139 105.78528417
v -59.45889831 86.14653299 96.29079330
v -28.94174935 -91.22345518 100.16376370
v -60.65676523 77.74578590 90.81232721
v -51.66988849 99.97917616 97.36087381
v -27.07864314 -71.76248914 102.50137569
v -24.43820879 -71.02081566 94.97092053
v -52.85777837 93.74654205 89.47718035
v -37.55067905 115.77907478 100.17915702
v -58.06769547 48.69974914 82.82887322
v -46.71270472 98.67539269 85.02165018
v -28.58948172 -105.42920614 89.55820825
v -50.12242841 12.01432460 81.18589770
v -44.58739663 103.11498181 87.91619976
v -50.47135780 88.46772655 79.71736328
v -48.98910823 11.49118550 71.91103419
v -26.70022743 -109.48595992 85.53615688
v -26.14853680 124.97770220 89.83386531
v -10.67850000 -177.72300700 92.21530200
v -43.46503815 99.61010973 72.15702746
v -17.01365206 -121.26058493 72.49463944
v -47.61270160 89.41985832 71.16908403
v -27.24849299 123.34767945 81.20061640
v -14.73193439 -85.30017940 73.67484348
v -14.26096402 -116.12323739 70.66560670
v -16.25009757 -81.03402330 74.99896849
v -16.63025168 -80.39324170 71.87498266
v -36.72314608 -36.23422581 56.49808192
v -2.01904559 -119.49991502 63.36407178
v -7.81969079 -95.73691777 64.76000091
v -42.56801902 73.73961693 50.19123697
v -44.60820513 90.97137342 63.92506448
v -8.21101429 -91.08598014 62.26647559
v -37.97207036 89.10558316 46.59785205
v -31.50896001 113.23772610 62.40280154
v -27.02464319 118.26620258 60.81019404
v -40.86148377 -18.41905466 47.46843607
v -1.97906189 -96.27778755 55.00792896
v -3.35598971 -98.27081072 60.55194560
v -39.75352891 76.87110991 45.52750585
v -31.87814119 -49.96792674 39.18873898
v -29.89126953 -55.52936188 36.10109428
v -27.26230853 -64.69289200 32.46490822
v -28.86122821 14.24736480 31.04065542
v -25.71391227 15.24733421 27.99907783
v -25.23144372 -70.28221641 26.26233362
v -23.40805909 17.44675823 23.94276998
v -18.54850906 95.19267369 24.46219481
v -16.16078200 -76.63507015 10.37866620
v -16.11805589 16.47837207 14.80418495
v -13.59961232 -80.96711426 9.30966332
v -18.68630557 41.20078423 9.81923000
v -12.24141471 -75.87771680 5.24344988
v -11.11114645 -53.56134450 1.73666531
v -6.44317047 -84.09299816 3.84679101
v -13.24242770 -19.16060988 5.48096312
v -8.05136444 -47.47231688 -2.76694157
v -5.20271775 -35.78527792 -1.20777604
v -3.64701282 -75.87427755 -2.72469698
v 0.09021405 -33.86083096 -8.69081439
v -2.75762418 -36.83318405 -7.61699219
v 5.59306034 -89.83180874 -9.51001943
v 6.27210296 -86.00530600 -12.89749150
v 2.54623327 -44.29305524 -12.05431187
v 3.28281354 -35.67125950 -13.34132947
v 10.39983913 -10.81700340 -6.10470197
v 10.77728236 -15.24688253 -14.93712866
v 19.82561451 25.15794074 -1.45512746
v 10.16141198 -10.32650809 -9.70254220
v 12.67517300 -6.72319732 -8.75696441
v 16.25897734 7.71065652 -10.42095568
v 14.80846496 -6.96534384 -16.60185588
v 22.50642792 22.80263179 -17.26763520
v 16.20164310 -2.51051834 -16.93513812
v 21.48720877 -15.67774201 -20.55117287
v 18.79148249 -14.87676399 -14.89901273
v 17.47112786 -14.04710784 -21.18527273
v 16.92245970 -10.79262483 -23.56595531
v 17.77774573 -10.65390583 -28.88939351
v 17.65494360 -13.01478362 -27.74856110
v 13.99498824 -23.23046893 -10.99234389
v 24.58629850 -21.26200848 -16.10969195
v 22.18289857 -22.52910490 -14.39836039
v 18.24331427 -20.54893428 -11.71103747
v 13.39713972 -21.49960740 -10.56527355
v 11.43085272 -11.42188056 -15.73263952
v 21.04672891 37.87758502 1.27104750
v 4.47347575 -48.62165335 -8.52313705
v 12.48534392 27.77351574 9.55977280
v 4.91884907 41.95368649 1.21353869
v 1.31295152 -14.44313024 -4.57013512
v 10.64584705 36.53630855 8.34359837
v 5.09619082 -6.86442125 -3.47761006
v -6.96232148 -40.65545836 -1.25363353
v 4.70119358 28.86708373 10.22387584
v 3.85454696 24.10542848 9.72385759
v 0.55567277 60.21659092 3.85868532
v -5.04779216 45.20851076 3.54266800
v -0.27871468 34.49814264 5.65607410
v -1.95035533 28.99398193 9.16952145
v -2.16371575 38.60304692 6.48935255
v -9.75104819 -49.71421223 -1.54849315
v -9.36524124 -55.77042939 0.44411970
v -9.14573873 25.18396145 11.18433689
v -12.86327689 -59.06128317 3.23254151
v 7.32067212 -132.12191766 59.30549054
v -16.01834697 -31.30185931 6.91091767
v -20.22122025 -53.29364505 11.10630887
v -23.42068919 61.13599361 19.18968401
v -22.40460085 24.68389658 16.53919601
v -22.09185973 23.08580739 16.50257653
v -22.90010458 -62.72053437 15.97696869
v -24.22316072 21.46828072 22.49207478
v -24.51128225 25.21023765 21.45884567
v -29.55963141 39.12862821 22.05554398
v -26.98734474 21.00270424 26.72916238
v -30.10378016 -29.90730193 26.73948332
v -8.26696436 -103.45599237 67.21614258
v -30.63030989 -9.82389194 20.67962043
v -31.60859955 45.78428390 25.19040676
v -33.04585507 33.61627064 29.07169442
v -33.81579987 46.06557009 31.52160609
v -33.17812896 27.95575328 31.73790462
v -34.22853979 37.95182744 33.70939384
v -38.64449954 -6.90765938 34.21676508
v -37.54383569 32.45058101 40.34381892
v -40.41074868 43.74429418 45.15647893
v -39.37672424 34.64368495 44.52782553
v -20.72639688 -93.32502428 81.97896377
v -40.80150517 59.48709187 45.82639731
v -20.50883240 -98.10673028 81.60553748
v -27.40138560 -129.69768815 79.33693463
v -43.42139914 48.26208511 51.45878391
v -45.40162039 41.64134264 54.82667088
v -47.05593769 45.81149920 56.94621041
v -31.04433857 -101.92162529 95.77404094
v -49.37046245 45.56064316 61.71830447
v -49.46662497 65.74519115 65.69997138
v -48.34944346 71.67213450 63.62465825
v -54.04705240 36.94455541 72.00276199
v -55.07626561 57.05692747 72.51976829
v -42.73256014 -35.08585270 99.20496658
v -60.99825686 60.08641467 86.04967032
v -59.15844047 54.41990341 80.91304904
v -62.11605668 50.41806905 92.88557162
v -60.44608091 5.00087314 113.09854684
v -63.26821079 1.94764288 117.86307876
v -64.09322845 2.38334699 119.99855152
v -16.94703388 -79.86153045 62.60491456
v -23.28699290 -77.21288814 65.92854208
v 32.13696520 -103.35578684 47.45786425
v -3.61235280 -93.73002331 44.86518660
v 20.03944644 -100.18076306 37.01596385
v 4.47072596 -97.89643198 39.99213035
v -1.18717084 -94.46494767 41.13396865
v -8.85028461 -92.16920217 41.20974290
v 36.94627174 -98.45356598 33.18340031
v -0.24396880 -95.45390506 32.26158916
v -8.70097857 -92.27426328 28.34141161
v 44.97577904 -97.96575740 29.01615270
v 11.81150120 -97.22652552 23.53712210
v 3.41342943 -95.52934190 24.88746578
v 41.55574583 -97.88086337 19.93442097
v 16.83534494 -96.75756485 17.25110588
v 5.94018453 -95.29979257 18.69547453
v 38.52327889 -96.52123718 12.15628444
v 2.80698892 -92.28164789 9.59442344
v 12.14526883 -97.18444589 -1.05843550
v 5.56948601 -94.84026594 3.67878065
v 25.03571494 -18.98012841 -19.43675469
v 46.67968995 -12.95809659 -17.19142106
v 23.65344822 -18.04467020 -19.61894732
v 14.84622505 -15.01119552 -18.40752932
v 24.46740356 -19.76861849 -32.41864574
v 27.02254821 -39.10574815 -18.27588551
v 21.21673869 -37.10339910 -21.01615611
v 121.54905000 6.98046573 105.88657921
v 119.88806041 5.67647764 106.57560277
v 114.90184392 -13.79933274 99.12531448
v 59.50210746 45.07265281 7.06206116
v 63.47641006 47.39816015 5.29746902
v 45.20419747 41.22882029 2.16678340
v 33.65408274 -18.65327024 -21.28986153
v 118.75237085 7.70678794 99.64995173
v 102.44313415 -16.95209791 87.71198836
v 74.07101819 -150.00776685 75.33940540
v 72.19590157 -161.03228023 74.38597303
v 98.22487750 107.32283353 78.40912759
v 67.58522530 118.04456298 164.25550506
v 80.06421957 104.62202703 168.23461685
v 75.83583400 117.50905394 157.50254997
v 67.41697818 124.42435501 155.33421232
v 86.71486419 102.94562161 162.53234893
v 105.58937538 80.76547401 154.50031010
v 66.41538496 131.47137143 144.58529511
v 81.77255813 119.68289594 147.10849382
v 101.78278126 97.29902657 147.65566957
v 67.72271662 131.73607108 142.05621057
v 88.47563370 114.04235767 146.09634732
v 106.07820986 94.14601859 145.80885011
v 77.39384784 125.58015792 142.19775056
v 67.45829000 134.72106549 128.85449105
v 56.14770781 138.18459763 134.96053557
v 55.25602394 139.64658231 128.82573794
v 75.76532650 130.39059803 128.90162915
v 81.87794651 126.71734161 126.66309898
v 73.93077648 132.32466750 121.71784447
v 64.45237784 137.07947128 118.46911808
v 112.52254462 98.61950812 114.14143920
v 75.82978316 132.00164613 104.44995698
v 70.58840494 134.72129532 86.30395671
v 73.50958520 132.13404496 81.51654903
v 72.65511514 129.05988741 67.44083063
v 59.43238902 119.36139518 35.05376960
v 40.29943369 124.86167702 36.97034055
v 39.05319020 117.53044604 26.95365276
v 33.63328399 29.84779194 -10.92545121
v 33.87322509 112.76598732 22.52979076
v 28.94505642 30.64615894 -11.48436147
v 25.37338785 131.05889647 44.88665949
v 29.72491749 27.09855872 -16.98531356
v 25.78343032 30.08969633 -11.99479207
v 24.53697576 114.91049858 24.48543213
v 20.09190775 126.10548148 38.91757576
v 14.51814162 135.48508784 53.45973157
v 4.23671630 137.06880839 63.07293368
v 5.29477810 133.90030185 54.13233525
v -0.47613097 127.85141467 46.76911157
v -2.54764714 108.83731798 24.61617734
v -15.42190370 127.99852037 60.26773949
v -11.02777809 127.66627535 54.45599089
v -17.21359545 114.28006438 39.80047813
v 80.88543887 123.23146927 65.86867567
v 95.28742697 12.26294506 163.15928584
v 100.05849240 27.36387174 162.27546964
v 97.40696860 35.22026133 172.07078808
v 66.32506424 -38.39976075 152.28132623
v 39.79463158 -33.00948592 -19.24281313
v 39.31920897 -28.39840006 -17.69545722
v 50.79572567 -18.04857582 -1.56055844
v 47.73737497 -14.50484164 -14.85814566
v 18.46439133 -18.14799757 -12.18163638
v 13.20244230 -18.50023040 -12.77096848
v 23.24705335 -19.30945799 -27.87698689
v 23.77471267 -13.90533399 -39.82359019
v 21.95626063 -18.29431688 -32.90038466
v 63.40463332 21.80441577 10.11643105
v 51.85365550 41.77851894 9.09870734
v 63.40185779 44.83531230 8.84396467
v 54.24105588 46.84093206 -0.05805213
v 7.84568355 26.78669595 10.89100783
v -9.74696641 26.93913864 10.57410477
v 87.53675471 -32.14619837 101.72226115
v 103.45290450 -23.47956655 96.86023056
v 110.29019033 -24.16761809 97.71798008
v 107.38140333 -25.92876912 95.40864899
v 105.98041790 -35.07486364 104.17753390
v 100.59142725 -39.30995770 93.74990023
v 103.07649105 -37.08971825 98.28068358
v 108.88019221 -32.79160548 104.32335618
v 88.76226346 -42.14855148 88.78858611
v 108.27698632 -33.25530417 105.92975280
v 115.42131845 -26.08538776 114.03645668
v 123.76220534 -11.25739058 125.46568710
v 122.51763984 -15.90199898 123.13157256
v 112.06246713 -29.52925032 112.38199487
v 104.89822607 -3.35847619 118.98101820
v 101.48140390 -13.11383981 117.65304913
v 98.36929384 -19.33648185 115.94925290
v 107.26545205 3.95143448 119.44548805
v 112.02147296 12.00120574 114.07782032
v 112.34589421 13.20682752 104.82597622
v 113.53803082 12.18911046 104.11817303
v 123.61140821 8.75880312 115.32376498
v 119.55815953 9.52703343 113.98214635
v 115.52884362 8.64454176 116.56037039
v 112.14742048 10.68717461 115.23122753
v 125.84381139 1.23370898 125.66191355
v 123.50844950 6.22928629 110.13345783
v 126.86127892 -2.18313886 125.64311630
v 126.89405029 3.71063176 119.88487241
v 126.65994085 4.63277267 121.68292856
v 124.47871556 6.99686937 120.89241552
v -46.33636601 -8.38593508 128.69591148
v -42.06726398 -9.71854756 135.31329884
v -38.65945397 -22.65143087 126.60125214
v -34.50764248 -28.98841087 121.11858413
v -30.89068129 -33.51612949 117.52142340
v -49.94858902 -21.19955146 111.50601919
v -51.13448728 -4.49665716 106.83365865
v -47.55385581 -8.01376582 102.48437159
v -41.05516427 -30.33792852 97.03266548
v -44.32325371 -21.25878865 94.69173041
v -44.24225714 -20.71477464 99.83397465
v -36.88512410 -47.76402046 86.22567328
v -37.79253138 -44.06819521 101.21280715
v -37.78593768 -48.19710156 88.30164963
v -33.71704339 -50.63626249 85.10383092
v -31.07943449 -43.38158266 103.29385941
v -38.31669729 -41.62557258 111.52163387
v -47.89538314 -35.68751652 123.86808777
v -52.34980645 -30.36425867 129.06820157
v -50.76889167 6.91069660 120.39382426
v -54.64794167 4.94099765 106.34803334
v -51.52491544 8.84109005 117.17029207
v -53.06736587 6.97103903 113.47117528
v -65.05911484 0.82993971 122.56681363
v -56.53442135 -16.08992404 133.36218755
v -58.12118119 -23.31736410 133.02289978
v -59.46565568 -23.16597269 131.58712063
v -15.23117120 -88.46690071 25.15816221
v -15.75072258 -88.87856899 34.46654871
v -10.99242035 -87.11589632 54.09423928
v -30.29161672 -92.68563008 128.43186306
v -30.67684060 -121.60613013 86.95962978
v -33.78991555 -109.72142642 95.35217240
v 0.72550012 -156.78880937 117.38868784
v 1.03400752 -171.87805338 115.53683659
v 3.95737986 -171.33567314 117.81184995
v 2.06051987 -179.06594875 116.24975475
v 5.44446700 -179.43804150 117.32310675
v 2.23828786 -154.02934637 118.08789461
v -1.39932854 -142.35513220 120.83263642
v -5.48424682 -141.52082604 116.55645809
v -1.19738110 -150.65768718 117.37681448
v -60.97933500 56.77509976 84.30009299
v 57.70496940 121.26996003 166.53441532
v 14.74518446 137.85011166 58.97823192
v 62.95454153 138.24927350 98.89602703
v 63.06547349 138.01009169 86.54895947
v 57.68546990 137.08952140 69.08704671
v 45.10012061 143.21759218 93.87257941
v 34.84147170 140.63454492 66.50784015
v 26.23041017 144.47652625 97.89111959
v 22.36889692 142.55049250 73.86118543
v 20.05152263 143.57759727 82.18901670
v 24.63417223 140.61405196 65.74942221
v 13.32413725 141.29950926 70.68491549
v 5.78769517 141.34291109 96.23801725
v -11.48326694 133.74411818 72.29141572
v -14.91570432 132.87369616 92.05241641
v 46.50240743 121.44558941 171.82217854
v 21.04488847 143.73185644 115.82134959
v 25.80824120 142.49023434 127.54116840
v 43.14531119 141.23781601 132.21904361
v 34.75357826 139.33948096 141.88650951
v 46.34013356 138.01891585 142.68017049
v 11.79293741 140.10882249 131.22054314
v 54.09437339 135.90167973 143.80446238
v 13.36283621 136.58975937 146.05819249
v 32.08865854 132.44597157 158.38410136
v 15.52741174 130.18660127 160.72906058
v 26.52951753 129.09985110 163.89240466
v 13.81481464 123.50473455 169.76341913
v -37.75873319 117.08897062 117.99858871
v -14.51023049 132.16616994 127.82639607
v -4.78051043 130.80057400 150.75809978
v -29.21809330 122.19310971 135.06764020
v -35.59429525 117.99995629 109.18135979
v -28.27488184 124.74210287 110.37145877
v 69.50668539 135.28688532 108.66365760
v 40.23180613 135.51524546 52.38643605
v -10.44254068 132.52899902 137.46820326
v -3.06100359 136.83472442 129.77629695
v -57.86487854 4.77408834 118.78711844
v -60.97000450 1.36933784 126.74912985
v -57.22874343 0.88273125 128.97228354
v -56.13668478 -0.64334234 130.07308141
v -61.54554946 -14.25238744 135.86438007
v -61.59834570 -7.78369200 136.19153292
v -63.77937444 0.50744070 125.57829128
v -62.57597196 -1.40695977 133.65921356
v -64.91880973 -3.31246868 131.93835862
v -62.48317837 0.80283456 128.04160688
v 49.63792790 -65.21364710 -6.92749987
v 90.57264454 15.60093867 32.57803614
v 83.73648971 83.98436685 26.06011888
v 85.59136634 -77.70949872 109.19456811
v 111.31557915 59.45206315 151.22626109
v 113.46455497 50.35498437 148.79655288
v 114.02319990 71.82018458 143.27564918
v 81.51204256 -83.48014062 133.26504532
v 114.81428515 77.29441916 137.06327975
v 116.68435335 68.93221305 129.87406445
v 117.87549535 52.55130907 133.93756692
v 119.08652702 61.45266365 127.24019592
v 81.12813502 -69.15384497 120.44266611
v 85.12117467 -81.57108276 113.88090182
v 84.45800185 -60.68899843 106.49622235
v 98.52981787 54.02658528 46.22518518
v 94.27025708 49.54834652 37.79776233
v 91.38620265 57.20120736 32.23482223
v 83.55719817 -98.80664409 86.46884114
v 87.53301273 -97.89049191 97.08022489
v 81.82506762 -69.44660857 91.01350679
v 45.48409018 -103.65020104 51.62352431
v 40.40538301 -63.89542273 -12.21903538
v 34.23625499 -39.92109029 -19.61736328
v 37.04301965 -85.14351046 -17.11268844
v 30.88870284 -55.93725798 -15.90738391
v 30.88975971 -88.70734627 -14.33940073
v 30.89259518 -61.01564725 -11.99474273
v 18.91783209 -62.25798330 -12.58034712
v 63.62957911 -61.99467253 4.72539338
v 71.96573512 -102.43243290 72.13213625
v 67.38432124 -90.51268195 65.77684602
v 66.27551465 -94.13409280 65.31759381
v 84.59979150 26.27617801 25.67319368
v 70.53743460 -73.90927124 11.92951925
v 81.88408415 -16.25532457 18.89787477
v 58.18235245 -61.66620044 1.84764785
v 51.82386246 -87.65859973 -2.51810847
v 53.23368979 -44.64835167 -8.22494754
v 108.49123638 26.60864489 74.14198681
v 116.60691802 32.98892326 88.07073195
v 112.66909725 24.81623681 85.50492112
v 98.81417097 -28.48042390 85.30321868
v 68.75677026 -84.51223431 65.43418249
v 82.74524915 65.16018985 20.15587302
v 93.54508809 27.23778089 40.21525853
v 87.71025080 0.57886507 22.30998305
v 87.72226338 51.00106648 24.32936522
v 86.54417014 60.73788139 25.09505288
v 85.56480915 42.19560145 20.16263700
v 80.39744196 51.76398823 13.72016195
v 80.92358904 -34.63669299 19.93595975
v 115.59756973 89.64639240 126.39308387
v 89.17290196 33.89957017 27.26369270
v 85.69484291 -99.20222045 90.69948225
v 104.94761764 15.04637265 69.81658838
v 103.36250446 17.78961282 61.30719840
v 92.51324184 -47.05957463 57.42329845
v 91.35936590 67.86223084 35.41331921
v 46.41989727 1.72006000 -6.96911824
v 114.32635970 81.84740766 86.35523277
v 108.86486738 95.04682273 80.79263842
v 113.89439874 70.43533595 81.99914299
v 111.10982484 88.02925224 81.29878556
v 106.58206827 87.96413714 68.40798641
v 97.03117029 100.57117013 61.49180101
v 120.06933446 54.78037582 123.64295335
v 119.83969787 42.37703983 117.47263112
v 120.30660145 56.41909758 102.95769601
v 114.60442355 92.33121556 127.33448201
v 86.85936485 -100.98185581 117.10225100
v 112.63996521 33.40399911 145.10504815
v 69.32517328 90.61304792 17.58594127
v 36.73706228 -88.76249018 -15.34673730
v 12.60783103 -56.58274127 -14.89826685
v 15.26362191 -59.35917760 -14.00179509
v 16.71998597 -85.36865424 -17.81914755
v 25.11068046 -87.69735099 -14.78539653
v 21.15938013 -40.36451735 -19.79803818
v 40.17201465 -100.19466450 47.65560934
v 16.15898269 -43.48722981 -17.43958282
v 36.79274210 -54.90132896 -16.45090173
v 64.15376572 -80.65342486 9.24298116
v 66.64900520 -135.62141001 68.45811783
v 65.56498800 -116.47571051 68.58264274
v 46.76151597 -33.42650394 -15.74738382
v 73.52956218 -148.58251173 73.19532573
v 93.63904813 -16.46699774 38.26813669
v 52.89662217 -76.94800311 -5.59137731
v 118.68586394 33.99780002 97.84437803
v 76.03000965 -54.11115626 14.10662795
v 67.58014764 -101.40604174 68.18906787
v 63.94358915 -71.48369384 5.11516714
v 81.08364771 34.50182844 17.91423059
v 53.44944285 -81.71246520 -3.59130196
v 63.49018848 -90.91511045 60.55464394
v 63.08658721 -89.43969580 58.65608500
v 44.43304362 -99.40372963 49.36625961
v 84.70712495 -107.46273784 89.82127483
v 91.14135247 23.17521705 35.91429541
v 83.28439600 -64.24466675 28.65395885
v 107.30180259 9.06440949 82.81356186
v 97.35527078 -27.53898347 75.95065785
v 102.81475247 0.20972463 71.59625805
v 102.97498978 3.40446075 65.07855032
v 99.45201756 9.98083609 156.78630823
v 104.93015078 10.06739976 145.31064339
v 115.36182798 24.93664361 124.64548645
v 83.68727010 -44.87001498 115.41881300
v 80.27341909 -46.28702336 18.02163330
v 77.02594459 -32.03081237 13.79958001
v 75.49536363 -73.47661292 69.76617427
v 83.05777435 -69.91098888 33.27356311
v 119.47221477 37.05613591 100.86129667
v 116.82701397 28.11826594 109.74377655
v 73.05576820 -72.78499328 140.07038655
v 114.58522676 35.54582784 138.58411653
v 57.60535222 -154.14429962 109.71031144
v 74.94948137 52.13288451 9.07972060
v 102.56294651 35.43088138 53.89619175
v 98.59599685 27.92907686 48.56089643
v 99.53274213 -18.91243265 92.23655637
v 88.73673803 -25.23003607 31.72875543
v 79.12112936 -55.38865268 18.32363795
v 60.95969498 -39.19194798 -2.45785095
v 44.45192320 -0.12606327 -10.75425709
v 101.11066613 -21.70481799 96.79543535
v 118.17607801 42.51306069 95.25783309
v 118.80219352 68.85734240 95.55154862
v 117.49790959 73.13964375 94.57531867
v 115.67020951 93.87810828 113.50568226
v 119.79968057 65.16123148 99.19717112
v 35.17317123 16.61963625 -20.73429846
v 93.23726190 111.92801429 69.25319021
v 119.20891056 42.76556061 101.39851603
v 96.65285949 -16.46873888 64.99304725
v 64.69413360 -54.47853247 148.08496849
v 110.79751962 91.80550646 141.37218501
v 108.72758741 86.62726902 147.73508454
v 118.43224140 51.54568806 92.75667209
v 114.64564224 56.68260746 82.87463528
v 42.79814928 -6.42339298 -17.26392300
v 76.14844256 -65.46397771 129.13641713
v 69.39579210 97.78283309 20.83528059
v 72.14689832 108.15351034 31.37314727
v 45.15864700 -148.06931869 61.62956664
v 32.23255262 -159.48217977 58.06751448
v 40.07676669 -46.68956931 -13.36263564
v 11.85579755 -63.88127882 -12.31658929
v 17.54849922 -124.24895648 53.11933902
v 16.47175409 -116.21511054 52.05979099
v 43.94744559 -40.09712630 -17.68226444
v 31.22777442 -109.88334853 49.76794631
v 14.51293481 -88.46638270 -15.89796550
v 15.33385697 -83.35337288 -18.50758335
v 71.84641968 -37.96820569 9.41310131
v 69.51438919 -32.10725019 5.10725810
v 67.48224352 -26.47040115 2.45605480
v 66.81727934 1.54512021 6.64700813
v 26.64797503 -47.26768679 -14.74749811
v 17.57670607 -46.21753659 -13.81480491
v 65.99204963 -47.59932300 0.61740278
v 41.93313329 -125.64703552 56.65148736
v 41.07490779 -47.77698461 -12.86134924
v 44.85252409 -50.89314480 -13.07767454
v 112.33162183 17.21482009 125.83833605
v 84.71818588 -99.97617731 130.13441314
v 85.55131554 -38.21560942 113.05599004
v 103.81064978 -27.99052299 89.48096289
v 57.18075617 -85.03876366 4.04543063
v 72.06437775 -145.51754379 71.48690253
v 73.31814773 -123.10877262 72.57310213
v 70.90535429 -120.20181287 70.47494740
v 64.38023065 -126.85073031 67.34056809
v 56.44177824 -121.02427335 65.24124544
v 42.19832987 -68.23426852 -12.36571917
v 40.58667803 -74.58912689 -15.60109322
v 118.06193619 1.40258807 105.33815226
v 107.76167062 -0.02322809 94.63671035
v 58.58368796 -106.76117053 63.80716706
v 53.66890648 -120.44227623 63.32770406
v 46.38630323 -36.86113236 -16.95372161
v 70.37649460 -60.07070920 10.18553249
v 77.75691352 44.56262617 11.54336615
v 67.87204177 -58.63655482 7.16193234
v 110.17035377 11.10162969 94.04701817
v 105.87756804 1.72071325 90.29585306
v 94.46779576 -41.95124807 78.31898808
v 84.17987595 -51.99603689 104.73382200
v 83.42324518 -46.77771078 95.52999322
v 82.11716456 -51.26721650 94.08214327
v 77.03230690 -132.60896448 88.45051577
v 57.82236267 -44.03106746 -5.47798324
v 78.93435528 -78.18648808 31.94329988
v 51.33607029 -94.13630395 46.27585895
v 71.61447665 -85.76705560 28.25058489
v 54.55776339 -89.45835858 5.72679916
v 121.93453474 -13.76695675 119.18781583
v 85.79251660 -113.96365227 92.68845408
v 102.50175963 -5.88246536 85.31905656
v 96.34642811 -12.50492636 44.71757587
v 94.08998473 -11.09895924 34.97856143
v 90.86612586 -37.31972585 43.57407276
v 84.46642810 -67.06499516 36.63511281
v 89.85173091 -26.07989562 35.07002356
v 119.28041085 -15.13404661 113.11006722
v 116.57993230 28.65121914 91.63889839
v 103.96315996 -3.85733613 91.49201229
v 106.96992299 11.55345484 77.30707982
v 101.30561748 -6.27501752 82.02026126
v 95.53666371 -34.21472782 75.84586391
v 113.86890899 16.87996215 118.33879754
v 103.17319181 13.04772313 150.75975919
v 111.69713958 26.89071732 144.48770177
v 85.61782161 -96.19959836 131.06047161
v 116.13598918 -22.24702404 103.48181875
v 111.17020157 12.83709857 97.71229726
v 88.98776212 69.99539119 175.73087974
v 113.37432877 35.24951048 80.24276197
v 85.25898007 -71.61296903 102.41571907
v 99.74531241 45.55096029 171.34306818
v 52.25923532 -157.68256998 120.55391684
v 66.98406891 83.99697643 13.89491688
v 56.56071223 97.10933898 14.63140534
v 51.76287121 11.80384871 5.08964970
v 49.00388802 63.40219085 -0.50184288
v 45.77230584 89.93777207 8.98231862
v 39.61762531 64.89103303 0.69473758
v 42.26430113 59.81154828 -1.67781093
v 34.97496755 89.20786924 9.01451538
v 43.25311828 88.77831035 8.17828809
v 24.88879225 98.05202087 12.96611125
v 33.27599259 62.85944822 0.17780532
v 29.50084495 -1.82190347 -34.43701193
v 26.83844282 73.04918147 3.65984210
v 15.46113810 72.97981869 4.32663526
v 24.24169181 62.34109830 -0.49138929
v 5.65087314 56.83260295 0.47765663
v 51.23434033 61.13586934 -0.59313878
v 10.16315560 -71.88805338 -14.54287885
v 4.43538643 68.67584485 4.92978630
v -1.91673223 -15.47958721 -3.32251636
v -12.05168329 88.20021913 17.68795064
v -5.81563283 86.40686032 13.96467866
v -11.92704779 -10.99914861 4.54102766
v -4.76105507 -1.18731007 2.04151001
v -10.95959586 72.73606480 12.95115148
v -8.58306752 98.32806060 20.25719081
v -12.91928133 -3.38773630 4.50444255
v -12.00550568 12.81031094 9.61020399
v -14.16600710 80.19758176 15.88124580
v -21.05308091 72.83909258 20.28616935
v -15.12214360 12.25792381 11.75427621
v -22.12789833 82.60105581 23.15407467
v -24.82094392 -4.46914734 12.94302357
v 68.33803618 7.88780566 10.15940665
v 74.41119245 8.64906694 14.37598422
v 110.51902936 44.03950198 68.34137822
v 106.85036615 28.00064693 67.92294994
v 55.14555331 -34.18274796 -9.55451013
v 48.65667265 9.77737838 1.32314646
v 39.14149302 7.83033298 -17.50232727
v 49.13565834 -0.83044960 -4.37339928
v 109.34846185 38.11768495 67.31057337
v 40.84006539 -10.68465735 -24.00640655
v 79.65732649 104.83027977 35.80193306
v 37.72137043 20.35151703 -12.83677246
v 32.98611682 27.55290307 -15.22995280
v 117.14026420 44.68340739 89.55298613
v 98.86064202 91.61941101 155.39648709
v 116.60625720 72.73827308 90.52052116
v 98.37345511 -18.81911923 76.43653247
v 78.74425891 120.68721876 55.92044335
v 39.82563193 25.26866927 -2.00867624
v 39.31347389 -4.85912044 -23.64739045
v 36.90802537 -1.53019957 -26.63001992
v 64.00562163 108.63924291 26.42978460
v 62.83922525 102.54750862 20.49663208
v 39.01050151 38.07559922 1.37335594
v 34.77448688 35.02171021 -0.92563828
v 109.04728945 11.58866732 127.57754908
v 88.47896555 78.44792131 174.53502120
v 79.57715411 83.32861882 180.77577142
v 91.33199682 50.42926243 180.20321177
v 91.90044221 -10.50512402 151.68329301
v 84.64073251 68.66269975 179.97872501
v 89.80312903 58.60640729 180.47323166
v 89.70905462 6.30839351 167.38455200
v 87.35106171 45.23568165 183.42896115
v 74.35709904 66.80821926 188.04905510
v 78.41822854 -5.61403092 171.73879928
v 75.85659227 75.10904992 184.75688509
v 82.95093525 -97.41088112 138.06990750
v 81.28649293 43.42606144 188.96782320
v 67.09346027 67.17151714 192.63284867
v 79.92333067 14.17428713 183.34406691
v 61.98738396 -39.15282472 155.62987051
v 60.59664135 -31.44750292 170.08333412
v 67.95696908 15.99713324 190.70846429
v 62.91837661 56.62404926 196.11173932
v 60.00484798 -74.70188271 158.78584686
v 56.34348384 -75.43162060 161.30870675
v 55.72667627 -63.13582945 162.13406677
v 52.93218255 -39.85085418 163.78069487
v 45.66676186 -41.67010924 167.13621711
v 47.03756534 -39.30932213 168.62579579
v 54.93807362 -15.94495652 183.76698813
v 57.37760565 18.10589193 194.66291978
v 59.26041087 51.34422981 198.51553011
v 50.75815253 76.04275735 194.16952465
v 51.05864619 -57.43631225 163.86966819
v 47.61318128 -31.66839710 175.03373933
v 43.01593534 42.22747418 200.87885580
v 40.56909224 -81.35387283 166.90695861
v 31.63533499 -17.59049582 185.23560787
v 31.05571287 36.24065521 204.34149992
v 29.70337379 -65.07413345 161.55952994
v 24.57636812 -67.24670896 163.09029109
v 25.89084747 -51.40517501 162.57638915
v 10.50394901 -19.61984604 181.85423909
v 13.74342464 -58.75038974 162.64066072
v 6.87944631 -71.22470605 160.91338515
v 3.02309545 11.34850807 192.11489782
v 9.69111739 -26.06792778 176.03238613
v 7.68738602 -12.50763624 185.01757750
v 9.42616142 -49.32101939 158.76986653
v -2.91095036 -12.19348320 180.28446356
v 9.31797004 0.89631019 191.82973693
v -3.23566089 -20.38998008 176.10276399
v -3.44043486 14.81701002 190.80496703
v 4.37430725 -43.81544820 155.70275998
v -2.53215627 -25.05674920 170.91966980
v -0.36496030 65.03956307 191.42706827
v -12.77702441 42.91504752 192.05819835
v -10.72383012 -2.39722747 182.34511068
v -13.73786562 -94.91094668 146.78817723
v -15.84766492 -88.50093868 146.15904126
v -19.77428720 53.59712471 185.88731305
v -3.08165904 94.92388515 181.63198611
v -2.05813434 100.89547885 179.56456514
v -26.93281043 -3.71814767 167.65674782
v -23.75673112 39.57343531 186.08804382
v -20.83397712 -100.54969148 136.32140823
v -27.39238823 19.09237842 179.72173148
v -23.21525227 -58.04179568 120.02324352
v 42.53939833 -163.13975858 57.93393935
v 27.59824121 44.00712893 -1.47343709
v 35.02654040 41.72597646 -0.59162468
v 26.77460394 26.53770916 -17.71513787
v 18.48508545 -64.36401884 -12.76555523
v 15.82389566 66.77116301 1.15034471
v 15.13398385 41.89867900 0.13853948
v 16.68726547 38.39743807 1.97115693
v 16.41751292 -147.35268990 57.25624576
v 9.55253558 42.62680709 0.13661646
v -1.99395882 -156.94083974 56.65871006
v 4.86753000 -171.76199300 51.87360000
v 9.87445447 -65.24797261 -11.41305644
v 5.13474982 -49.64484793 -8.84804681
v 8.05712995 51.20636247 -0.25157905
v -3.57346813 -63.63003673 1.25610826
v 14.67825313 -138.17849717 57.11029108
v -12.16763757 20.03465350 12.18043069
v -18.28588227 -24.74926194 9.83050566
v 3.00412506 -133.51697517 61.29029385
v -6.90191750 -171.98024750 54.80430025
v -19.45133861 -161.65687107 65.24046907
v -19.18255025 -166.92824950 63.62032325
v -21.80632441 -133.64033519 73.74090262
v -29.78114182 -120.05205050 85.27481656
v -23.81903975 -73.58620203 91.74032097
v -57.90392978 29.50246690 86.23293071
v -58.44872036 33.65068156 85.18682780
v -54.48303459 26.91398065 74.46424329
v -50.92026385 19.24494687 71.53937732
v -25.25455753 -54.53935704 21.11178226
v -8.61157188 -59.23468086 1.36375668
v -6.86538806 -89.41583124 11.81703949
v -13.06129066 -85.23464447 13.61034341
v 5.69754478 -110.91886172 56.14264683
v -0.66646252 -104.47290535 59.32441093
v 55.49197303 -10.80214551 -3.34024317
v 64.21168843 29.79176994 10.92954250
v 66.64457600 31.63245823 8.33930304
v 17.38824267 -52.30768701 -16.55099072
v 13.34749416 -103.82562787 49.00006717
v 13.10502430 -42.79266288 -16.74801310
v 73.90141265 44.77058026 8.84364488
v 74.20004259 36.49731254 13.31988567
v 62.55404551 -24.11025644 0.39904408
v 122.79564243 -1.76955131 118.91815205
v 44.14793113 44.99305514 -0.41586650
v 43.64319595 32.51521965 8.59495854
v 42.89582519 -22.22827661 -9.48769098
v 41.85992965 -17.80907924 -11.13344780
v 39.56769614 -23.58250107 -12.42999862
v 118.70971294 34.49940480 112.22936442
v 57.79432185 -49.92267984 -1.96691866
v 25.11801906 -104.64478501 47.71919655
v 49.51498363 -95.26625460 49.31965468
v 44.97775310 -97.41266289 47.59948235
v 49.75449612 -94.89407848 44.33275848
v 25.77589332 -101.94519833 44.66810274
v 39.08116463 -98.27007900 41.17074636
v 66.35193318 -88.57996952 22.69008205
v 47.10815030 -94.91004400 12.51988512
v 47.93624070 -94.24281591 8.89293699
v 42.43170514 -96.01246124 7.63636785
v 45.16428395 -95.86379308 0.89991145
v 40.68760386 -96.43418342 -4.75770303
v 26.00739004 -94.79758813 -7.01701361
v 20.67899976 -96.60843390 -3.34495159
v 31.14197472 -17.84913428 -36.78920680
v 63.04344158 -164.11626641 65.16577903
v 68.28426616 46.74273959 7.02659317
v 52.36964518 -48.62030305 -4.97571300
v 63.62120048 -34.69487090 3.72501826
v 99.09571999 -5.36889398 144.26203564
v 92.57585941 4.55409613 162.07152575
v 109.60089388 28.58979894 149.96584648
v 79.27638524 -109.03085886 123.81717113
v 85.49161984 -104.07697745 119.90203491
v 114.57702807 -24.36718686 101.77366243
v 74.15855941 19.48990369 15.90656992
v 70.31814290 17.87221257 12.61726441
v 75.43449492 -107.81203013 74.90062170
v 52.54324755 -1.82584501 -1.74057466
v 36.65040406 -12.91107338 -35.93283937
v 112.86609290 0.13359521 100.85848664
v 116.64256240 4.85156696 97.74287016
v 98.23950118 -39.12048785 80.41925172
v 100.32202419 -37.58563713 87.06604646
v 99.22555586 -35.45503437 81.85914069
v 50.81565290 -14.82347930 -2.87381775
v 50.17416881 -11.01016919 -4.61711737
v 102.18612325 -7.43672240 95.65046202
v 107.08388282 7.57415832 89.69587383
v 77.41059490 -136.91281498 81.05948883
v 76.61664711 -140.86922701 77.15295979
v 93.24356061 -44.94515539 79.33011186
v 78.31671641 -70.26351909 60.00062016
v 77.10143988 -78.57582624 39.88599726
v 78.92978057 -68.49408760 80.83402032
v 84.46235536 -61.43470853 75.31641995
v 113.93648767 18.16349794 108.87023918
v 56.22659700 -178.02204900 108.68648500
v 98.94976234 -24.80986438 80.86824188
v 86.92369504 -54.50876809 42.82004331
v 94.26104542 -18.19359445 43.68815719
v 99.06284401 -23.84195306 88.96109863
v 98.33199060 -23.08261349 87.92649177
v 100.85566430 -5.36230088 139.62670776
v 76.36940511 -39.43535489 128.74215920
v 88.04968232 96.66901018 166.99811944
v 101.57320153 72.90840186 164.83350912
v 97.55011294 81.72478886 162.34285478
v 96.07824479 91.86211642 159.31103943
v 59.85894907 -172.63594843 100.75716426
v 58.24828904 -45.39125609 157.34570374
v 76.93036989 -45.74238153 126.43188037
v 80.53271483 -58.15307506 121.15216646
v 27.26475911 4.92100148 -30.68705900
v 60.10593739 -0.73346518 4.07344685
v 37.91178992 -73.13975951 -16.44788581
v -7.13858641 59.12058547 9.10673257
v -8.19921082 7.61010621 7.17997077
v -15.19017462 60.17107305 13.39396543
v -7.53675173 5.36905897 6.08560324
v -24.17629631 40.32076323 13.48214104
v 40.72812543 99.97122266 13.92113407
v 23.65383417 52.14603481 -1.13349921
v 12.83809545 -30.36293773 -18.11631420
v 10.93273650 14.83071077 5.40493493
v 8.82650621 8.40518800 2.40730634
v 5.05740381 92.80504087 12.98667006
v 29.59399769 35.94371292 -1.99904813
v 22.45438707 4.80003721 -27.42261699
v 24.11909221 10.81394748 -25.93864243
v 22.94766871 0.19375052 -30.78345618
v 21.64695917 -8.84011364 -37.05417157
v 14.03009826 8.36705799 -4.08383327
v -14.63454032 109.66233822 32.41323633
v -24.07558118 2.68822841 14.96355039
v -26.77872170 111.88838311 49.52702304
v -37.63230560 3.10068859 31.96813685
v 112.57260516 53.06681732 76.44045004
v 113.87623526 46.76496948 77.77667969
v 65.99019835 -42.69483890 1.27186453
v 63.91064650 -45.17774385 -1.77803187
v 103.07285865 -12.51170376 85.89568118
v 96.13866079 106.39270718 145.13049460
v 96.46035360 103.15837424 149.03086983
v 106.60903224 98.12391709 139.81354676
v 86.77118429 122.69679133 125.81870999
v 102.62108789 107.05515697 122.46398340
v 94.75906413 116.63962032 108.52769284
v 80.66348086 128.38588604 110.82100771
v 109.93362283 101.13564037 119.06751573
v 88.35286998 123.04198282 98.91334138
v 109.46680725 100.15056886 95.10358895
v 112.37988622 96.25783441 95.90388901
v 91.64303202 119.12916512 87.07809259
v 103.14492383 105.46364711 92.77544418
v 104.27247444 100.59095791 80.20595493
v 85.94928433 120.51480963 70.18032892
v 85.61683258 115.72234730 59.04755896
v 70.72156830 126.76008612 56.14058419
v 48.27931383 -8.65293944 -6.13091749
v 62.22497874 128.18333052 49.94548229
v 66.46309310 119.01720503 39.73351806
v 71.97621932 26.31877570 14.91643266
v 66.54354629 34.58608544 7.39599262
v 57.54510536 36.57054077 6.84914298
v 54.54813782 27.42127059 11.23260342
v 48.82832316 25.86134542 10.02939881
v 30.24250113 -26.71649233 -15.84311716
v 11.88159125 84.86798637 7.98283590
v 54.40341275 -172.37190975 60.53898975
v 107.52748129 -13.81849625 99.77081356
v 102.35525320 -14.90137548 98.95748742
v 57.18709488 -28.72364062 -1.72063542
v 45.63435090 18.84101298 5.05958000
v 45.96519857 -21.07416287 -8.30530859
v 42.94276433 -32.13999218 -16.75696899
v 105.82735353 5.23984393 131.65781901
v 77.40247364 39.27770414 191.84910410
v 96.61986301 62.94147313 173.43993344
v 93.61959783 59.13991588 176.55799181
v 98.63735594 63.53769398 169.98318534
v 78.32357047 -11.91805248 167.10333507
v 76.38172631 -16.36310537 165.49071165
v 108.31704714 62.47950939 156.56433712
v 64.92074841 -42.36751607 149.50937649
v 95.92125838 -3.40703279 150.34213720
v 72.46480385 -111.46208339 132.70324162
v 102.56164301 -2.14526666 133.81569477
v 62.24782784 -129.03761710 126.68909413
v 60.39616071 -130.20133244 127.27367047
v 82.13039316 -40.94874056 121.31037757
v 59.10939650 -137.05983860 122.89065215
v 87.45931088 -39.94294325 92.94561312
v 99.42060670 55.26806403 170.96999630
v 91.71206166 17.42536322 170.72923365
v 82.44786625 49.53042524 187.52784627
v 75.99183100 19.46869158 188.38000360
v 70.36574295 -87.18174621 154.20929125
v 72.43868338 -92.25656928 151.62952577
v 73.80300077 24.97456017 191.62822566
v 68.29445345 -3.38523143 181.59688035
v 54.44554357 -41.89962285 161.58813906
v 65.88432908 -7.34724020 181.00807422
v 56.91843158 -55.18483280 159.83583793
v 69.81964935 -103.01154401 142.18395771
v 54.26284926 0.36947957 189.87266848
v 53.04836336 -33.53942560 172.16358437
v 50.79953427 53.31382840 200.21407975
v 43.73584744 -86.30219552 164.88718546
v 36.57976647 35.41109533 203.06068441
v 50.88203875 -123.55868331 130.52171632
v 48.42071212 -172.70600078 120.61336177
v 45.76645807 -137.94907969 124.61120542
v 51.02565041 7.70263657 193.05137331
v 44.01624043 -5.00695290 189.58004833
v 40.06411337 18.21756779 199.22459390
v 31.14181311 31.60375868 203.85964949
v 43.34320143 68.50152375 197.62639010
v 40.04451011 -57.18395718 163.47119137
v 50.46675688 95.91333997 187.05496944
v 41.72098892 86.83320016 191.32574987
v 41.91485378 -73.26733968 164.67098869
v 40.03652021 -42.21865133 167.14297177
v 43.33771242 -52.14392728 164.49652092
v 40.91301586 -48.36197287 164.87273593
v 31.60268006 -85.07098450 165.76842864
v 29.51936143 -75.22432838 164.15242977
v 20.78869224 -16.28124832 186.02178433
v 31.85253377 -9.02177687 189.13498909
v 24.50869512 -20.96481021 184.26305056
v 28.99642345 -50.89793461 161.72143156
v 25.44485903 -45.85079536 164.09985913
v 18.54876010 -5.20263934 190.38733479
v 27.68060071 39.62807094 204.25032837
v 20.45811732 -73.36714642 164.32374052
v 30.89779246 -41.73104077 166.09948061
v 29.67287020 -129.66341601 125.33850247
v 19.17998438 -85.57305384 165.79438559
v 21.97281753 27.82572188 202.35585414
v 13.95291075 34.69403678 203.15803954
v 22.30569061 -45.74272071 163.96283705
v 13.36564913 24.07601260 200.37020835
v 13.64748711 -53.15824745 161.36689384
v 16.68664237 -44.10826715 163.60186097
v 6.54078837 -7.72331343 188.19362304
v 17.30220044 -36.41284721 169.40825480
v 16.20471412 -38.13687323 167.37039763
v 9.77364439 13.35690457 194.74933143
v 17.04228165 -131.42291738 124.97631976
v 14.83700731 0.40716795 191.32415057
v 8.24276700 -40.61632993 159.30356017
v 4.20425990 -19.90057433 180.29609883
v 6.27395140 33.18664439 200.86793339
v 5.37602097 71.86789057 191.67065008
v -2.44933201 -32.07912976 165.60959346
v 4.19574593 -40.27734366 157.56351467
v -3.17377277 -133.85836117 122.30681534
v -5.93224994 -133.93636760 120.48199327
v -9.08381825 -93.20622132 149.77965123
v -9.41015361 -119.89873327 127.26620700
v -11.22964798 -109.68153700 135.02348183
v -35.49743891 33.84453252 175.68549285
v -31.94942857 -37.12950207 111.22274938
v -40.08538479 -22.70780505 124.39309014
v -44.95016297 -16.29377612 126.36103739
v -41.62914375 -20.53599110 124.92150106
v -43.93479551 -16.52536007 126.25435757
v 11.55503653 -42.46677922 161.08510413
v 2.53907782 -85.19433018 160.42531810
v -12.68828071 11.82605826 185.51935509
v -15.39754672 18.71226651 188.15210938
v -15.75892038 -92.55958461 146.73050875
v -18.54198855 12.55681421 181.82911500
v -20.79658469 25.26738125 187.15113048
v -17.49424698 34.42089641 189.68734790
v -24.77273073 9.66708493 176.22651507
v -40.55828869 32.11001661 171.56004187
v -37.23903299 41.94888641 173.59177684
v -35.63614373 47.76454543 176.47498447
v -32.53065824 55.04516575 177.87419042
v -40.49975945 51.85508181 169.46029219
v 2.45187093 -51.67280614 153.04286219
v -1.72921995 -35.76124225 157.88825201
v -44.69330969 45.09598763 164.86194242
v -49.97939474 66.39627713 156.54019199
v -46.69777135 76.73132859 158.62618416
v -43.80047241 98.11227891 145.71086906
v -37.16024680 110.98514500 141.83584394
v -46.21617914 87.97585838 152.22835441
v -30.09766758 87.76101466 164.59327781
v -0.52748154 -47.59975199 149.39439926
v 0.59171547 -61.50212541 153.81677498
v -45.96480074 58.06537080 161.83199690
v -35.97017356 0.17412460 159.59811302
v -38.54349786 9.13892716 160.44885017
v -44.74994283 22.90741968 164.76008015
v -44.87362320 18.73097331 159.69359306
v -54.09629393 74.81252238 149.98094448
v -46.32116818 40.32939148 164.00606195
v -52.44585867 81.35035561 149.22043783
v -4.16728355 -60.44500178 146.33827867
v -31.63493801 -18.48798490 153.57172386
v -51.56111514 60.23330807 151.18174124
v -53.14507449 46.96265056 151.48540249
v -50.08353931 22.17165590 152.97174702
v -37.70284147 -8.51396251 150.10117846
v -56.59460216 78.32135766 143.74019439
v -59.68142920 55.90378044 140.83637708
v -18.94824965 -84.02882289 140.81229318
v -38.55992483 -14.19880221 141.68522108
v -28.50171852 -34.99259022 131.30889187
v -23.39213293 -42.84656998 126.61659893
v -23.69327323 -89.13574990 137.90431209
v -22.04355664 -65.17729783 124.28952021
v -40.87285823 -14.04868522 134.29363807
v -20.04850561 -57.92279262 126.56875410
v -24.81577887 -45.99208462 117.26688646
v -23.00265896 -46.78669999 122.48201345
v -13.71567565 -120.41540491 121.85116349
v -17.68695508 -120.12222474 116.45162585
v -24.24137824 -106.28242683 123.77664488
v -2.57486729 -153.64718249 114.81233252
v -30.45144392 -48.15801427 95.90715207
v -31.93894125 -103.37514486 118.91266324
v -33.27358583 -99.96586787 120.78503784
v -2.01085875 -179.39666150 110.32709037
v -14.87617208 -152.57979959 89.65741048
v 11.28926909 -66.70137902 -12.30673299
v 6.78329636 -51.73155099 -11.78382929
v -11.03873770 -33.09889838 0.82874993
v -9.28883582 -66.70279810 2.72524828
v -8.92642532 -71.04917940 1.88956535
v -18.29912451 -4.60705540 7.62195755
v -21.58438453 38.68772107 11.96639667
v -15.94460000 -172.27000400 59.39030100
v -9.02282832 -158.51287092 59.01560785
v -9.29027180 -121.33067460 66.55015347
v -5.96826261 -118.76215581 65.57898882
v -25.30827502 -139.21689971 75.68999329
v -58.81062943 -23.38327338 128.50865694
v -26.93779883 -86.75005827 128.57282104
v -60.82925891 -3.80154524 123.92918421
v -63.89032966 45.25641047 122.91136956
v -33.25773011 -96.52707538 120.79274592
v -64.10862304 53.88044623 120.30137875
v -33.38573678 -96.25321972 115.17756539
v -34.97996534 -101.41811149 113.98944688
v -62.09036316 84.69370447 117.45056236
v -27.59908274 -79.92707180 114.96035139
v -58.87933497 -13.37096895 114.89334171
v -52.39322409 -24.63337020 111.88993003
v -53.05950001 -28.88102591 114.07311355
v -47.58715039 -35.55284761 108.14296472
v -28.74297714 -83.36582562 109.72727934
v -26.69582995 -64.56880216 107.03662830
v -52.60313549 8.65923245 105.67110587
v -43.69554365 -38.50056581 109.33704618
v -53.13025014 10.18651914 102.40742577
v -25.24718063 -50.88791330 101.44556303
v -52.51173326 5.86476638 102.29576693
v -62.27888834 78.66335789 102.39993727
v -63.64156514 67.43515957 94.34746458
v -39.61978792 -43.16688585 100.17601206
v -44.97507365 -17.69416268 99.52906124
v -58.29079001 20.89504501 97.51302672
v -23.99918193 -63.61262023 96.84471598
v -50.28116873 -1.09842055 98.77596195
v -49.80822931 2.34873716 96.57140444
v -62.21793595 77.25710801 96.06566418
v -47.22220593 -5.67051797 94.49547650
v -39.86866179 -38.08789237 95.19610884
v -57.14913326 17.70559223 95.22948373
v -40.20356135 -41.88303533 91.61536874
v -52.14571528 12.59063191 88.06019519
v -62.15336204 55.07484288 91.66329737
v -42.87012560 -18.59731106 88.98553372
v -23.62561596 -69.75994725 89.59740641
v -40.32793914 -35.83229431 88.21763888
v -24.53847738 -68.82756779 87.08099668
v -22.34421146 -75.42649197 86.24962433
v -49.17451080 4.46845558 86.28010284
v -39.35184951 -34.73243787 84.42329235
v -40.67648280 -27.36009984 81.47455395
v -41.19788180 -27.78404623 84.84622015
v -45.31597667 -11.54602470 80.84078110
v -37.24966075 -40.73646542 82.27216565
v -35.14169721 -48.35072443 82.30828432
v -41.40266404 -20.46238912 79.11777271
v -26.34739445 -74.47428015 72.28269862
v -32.89993239 -60.36688159 72.51361244
v -18.67544600 -173.29507400 71.74095950
v -27.83870777 -72.36890537 70.75521948
v -20.84940693 -165.44995379 67.01716624
v -46.53887787 3.16422489 62.94150805
v -39.83568622 -25.47707887 57.01178324
v -25.41462566 -73.55326932 57.82659747
v -44.93089393 -5.67800353 52.24795576
v -45.22284476 3.56586283 52.13216717
v -36.57490505 -31.94628408 49.15305723
v -25.77690064 -76.52104842 38.44100327
v -35.45729872 -31.36997470 40.42853425
v -30.99015543 -57.04069364 44.03043191
v -22.03803703 -82.93061892 37.57856225
v -27.24480070 -72.73684716 39.44895302
v -20.10831289 -81.81132091 24.88052624
v 54.19279141 33.76745842 8.42206920
v 58.09617100 34.23047346 6.83536729
v 26.16963726 -15.17849397 -39.72138981
v 32.61902088 -14.24969688 -38.56321238
v 25.04026884 -25.91347558 -14.93909054
v 18.67738857 -25.44380658 -15.61069795
v 19.90458358 -30.38999508 -19.32818388
v 11.19002934 97.51756171 13.57109559
v 10.95030273 21.41773042 9.51303839
v 5.38597214 -13.51990580 -4.61730043
v 4.80709393 -27.12457776 -5.33654435
v 9.43217375 111.01159886 22.95954257
v 0.83070426 46.21203824 0.55415493
v -2.73836083 17.30108539 8.11417643
v 4.46889895 36.70277014 7.03037170
v -0.92560017 45.22731815 1.42781416
v 0.94463084 21.11686243 8.17048848
v -4.05533288 19.68014549 8.67462136
v -12.76246519 35.48259118 10.38485493
v 52.92544302 48.26244354 -0.98047710
v 32.47001585 52.33709626 -0.99168761
v 6.52718104 -156.44050327 54.89521595
v -0.16893450 -171.21296325 52.47827250
v 0.62974926 -149.75365468 57.48691808
v -21.87240319 -79.50165504 86.10153474
v -53.14786658 27.64183974 70.87012400
v -40.19449570 9.72312723 42.24090404
v -37.00645025 -19.83112070 36.23394831
v 19.67865165 -2.66243697 -24.73413811
v 19.74724049 6.83749258 -19.09101067
v 23.91383076 21.78616489 -20.15743085
v 24.53586072 25.24067091 -17.67832310
v 15.77743652 -13.57784221 -21.07772886
v 18.28110967 -13.61803312 -23.89980344
v 19.85765055 -15.83432690 -14.96772282
v 23.60122728 30.52302192 -8.70059348
v 11.29774902 -18.71271851 -11.37826503
v 22.45699899 33.45246017 2.01919384
v 11.25704827 -20.94898343 -8.43108179
v 6.94585839 -28.00071495 -10.66237891
v 11.19935963 -3.61370634 -5.15716130
v 10.05659497 -19.44654719 -6.02346275
v 0.36559660 -53.04600327 -5.02108877
v 13.09807538 23.50122920 8.85957108
v -10.59364453 -47.01631098 3.17655101
v -16.57381106 -56.09284383 8.08723147
v -19.57599784 -60.77348483 11.81358936
v -15.52411159 53.21361136 10.85260456
v -17.34927148 34.00691336 13.23612320
v -24.00615315 -66.02448817 18.91533739
v -18.25693448 -68.62744547 10.88973759
v -18.29818912 27.96848154 11.30818559
v -22.20800205 28.45431835 18.17801757
v -17.95584376 21.53098504 16.14788577
v -27.23360768 -33.54800012 21.59177086
v -28.09280586 34.71114103 17.72237795
v -26.98590707 -46.55262643 25.73673662
v -25.10313596 10.33414902 24.46361681
v -26.42241115 45.31330192 17.90348493
v -28.06340147 51.27788017 20.64321057
v -27.82271198 -48.58937490 28.40335143
v -26.90788155 58.04960220 21.91160479
v -30.83407146 53.01239755 27.08677610
v -36.63302947 6.73448639 32.20332172
v -35.44307917 -1.19727646 27.88118493
v -10.08320153 -107.65108464 69.52288927
v -32.30717560 71.40881567 32.25952729
v -32.14147462 18.78457063 35.24302628
v -21.31245601 -162.03061234 67.32270040
v -37.55909542 18.32376045 42.74904685
v -36.66871104 74.21236961 40.64454804
v -34.13994370 87.83599074 39.27526308
v -45.09184553 10.15655154 57.99740648
v -25.11152167 -86.80804417 93.55444310
v -31.56784266 -115.15527272 88.64075236
v -52.49859138 61.25808064 69.58661100
v -32.42659597 -100.26743294 100.48809490
v -53.40788638 75.38019092 75.71516925
v -57.11951731 65.43692852 79.44241353
v -57.65224019 43.64194670 81.33846819
v -41.57552446 -29.18251868 104.81652119
v -44.91515944 -33.88943623 104.44016039
v -45.56891912 -35.44939166 104.98462151
v -43.42814401 -20.00574838 109.82108197
v -48.43821513 -26.43630641 110.18967890
v -64.04063854 -1.81534534 125.36488947
v -65.79888452 -2.48098913 127.88967143
v -2.42974770 -85.47092463 -1.27278016
v -4.57754705 -93.26398062 54.53601072
v -16.55198234 -86.34724961 22.40625283
v 59.32520844 35.27641910 6.28960013
v 14.23997540 -95.33776558 -9.08384719
v 8.08214776 -95.54805875 -3.96823607
v 39.94323300 -13.96715238 -15.13408321
v 37.98993934 -14.12558668 -16.12109209
v 37.80713951 -15.57773839 -14.54323592
v 34.53013764 -17.75410327 -18.36610581
v 30.34174105 -19.55439338 -20.52584989
v 31.40299371 -16.53425866 -38.27346928
v 59.90134859 -26.31447060 1.57216676
v 61.88564897 -46.80191486 -3.22882943
v 113.91614232 -16.91578413 99.62074147
v 109.54951356 -1.13522147 97.42730705
v 107.91150581 -5.07004469 98.15213358
v 72.19243810 -26.50245960 7.08113385
v 34.92981740 -17.65329790 -33.81103886
v 81.05605559 -34.62275660 132.23100927
v 83.53959136 -35.44489440 124.04857158
v 87.29814280 -33.91451998 106.99824641
v 83.72844162 -40.32356347 100.10954288
v 84.44819414 -38.64376948 99.12573073
v 44.19985208 -92.89387089 -8.77763757
v 65.68044351 -88.48594433 41.65174779
v 32.54265215 -19.74043538 -18.43374238
v 34.26559027 -19.06923644 -28.95542025
v 71.16988715 -166.01131952 70.39585425
v 121.89061887 -16.69552561 120.67585660
v 82.49738475 -65.71714098 56.79221288
v 90.40563307 -46.54496428 81.19188006
v 101.35824503 32.37971081 163.05851182
v 97.73587192 20.88568570 163.08332983
v 70.88730600 -173.46493500 73.53364600
v 119.74307281 6.14172746 101.60570700
v 114.64068512 2.69996762 97.28097748
v 111.40352615 0.51972684 97.58304551
v 69.39374146 -85.00806041 43.59971228
v 37.12175400 30.43003506 -1.74784965
v 112.08982637 14.41420708 105.81577633
v 60.88671337 -176.60934037 98.48861575
v 52.34203936 -164.65925307 119.29929983
v 105.35116774 35.18504961 158.72167594
v 104.37322730 77.72929528 158.96551108
v 66.18168512 41.95697348 9.53504167
v 65.01857662 27.48786757 12.54755123
v 56.85191032 22.85360919 9.47784902
v 30.09117827 34.60611724 -2.69001983
v 24.49950069 39.17702023 -1.44514268
v 1.58807668 13.91582783 5.72369120
v 109.16611149 95.48386887 139.42321270
v 90.81287652 120.51618046 110.92152260
v 81.64644366 128.63110524 92.65200803
v 60.31654406 9.33885420 6.64778811
v 56.65171399 -160.07937714 63.17487681
v 57.58180894 40.69768278 8.99923544
v 49.85565296 32.61459184 9.05890574
v 47.31878873 82.23095423 6.98988457
v 43.75277369 -133.40356386 60.03416845
v 34.09859350 79.34084009 6.11573126
v 35.80936419 -34.82171369 -20.13682362
v 18.95590000 -171.93499800 52.97959900
v 31.83643545 -136.96334052 56.80220063
v 19.80773537 105.36160622 17.33041880
v 7.25525073 76.65342701 7.06262870
v 11.11463593 25.06394862 10.46457827
v 10.83889621 28.54553512 9.56307089
v 5.55101628 18.70955934 8.15713291
v -5.21243361 80.95776571 11.96926989
v -1.87702284 32.50601341 6.29465909
v -8.28081474 30.64837564 6.97843187
v 82.85323737 19.86014759 25.94571747
v 86.56930497 5.69966333 22.11671020
v 77.75378492 15.01082925 18.02961173
v 49.96666654 -124.73820036 62.28880725
v 49.26864886 -25.87457100 -7.30720745
v 43.76659707 -25.76458783 -11.58914803
v 32.39291207 -22.46388545 -15.48984167
v 124.69601612 4.40671424 115.52095898
v 104.28530763 -36.90395915 96.05615149
v 108.81366237 77.16167534 68.46149856
v 100.48646239 91.74768473 61.15554676
v 96.83684085 16.62014570 43.80018875
v 99.40780505 7.23837788 43.98636963
v 75.25507026 -58.49819809 13.76452044
v 57.52686780 47.61062190 2.04341106
v 41.50455254 22.83769997 -0.53523602
v 42.52941023 6.26339186 -9.49882992
v 124.48399303 -13.06834473 123.72721868
v 117.04040270 83.84063781 105.54998527
v 99.33863220 -5.83280177 65.57892002
v 91.65088434 -51.39807241 60.30932978
v 84.32140914 -64.69687457 49.42252611
v 83.53046858 19.82935570 182.47895353
v 74.01283922 -22.44965824 164.66329155
v 86.14445130 -17.37516875 155.24074224
v 80.25747482 -29.11873614 147.80168033
v 68.77506067 -60.03048434 142.51954876
v 112.43338909 79.45059870 142.97123764
v 85.12348174 -23.18235423 147.61231256
v 90.70229719 -24.07815722 139.91170108
v 54.84816499 -152.04105180 119.56806432
v 105.60357958 2.20849489 124.03210323
v 97.64199179 -18.35397898 118.58119299
v 68.60192559 -142.29194119 96.03588148
v 62.97645040 -156.39471109 96.54558091
v 86.57077664 -47.57997857 84.94147055
v 110.84203160 7.88132938 116.98145624
v 91.66367815 -36.39590346 93.59406303
v 88.10769392 -35.92790316 96.10820760
v 93.45222873 -24.78552840 109.86925338
v 89.66778208 -29.54585609 109.41321368
v 108.94931196 43.79973085 155.10916302
v 76.97439012 -94.80394375 147.23739241
v 63.15720949 73.94045142 191.55958716
v 73.02239192 40.38801254 193.59934445
v 68.26734246 51.21266371 194.59677227
v 51.96850212 -177.04870531 119.51056487
v 62.85120054 2.17746027 187.00113308
v 50.74764806 -75.09831672 162.98076501
v 59.84637308 10.11449357 191.55480809
v 124.92770037 -1.91605336 126.86305904
v 122.01473426 5.53539980 123.78433675
v 119.20991310 -7.41443302 124.68010855
v 114.49671181 -19.17576238 120.18381190
v 115.48704306 2.53768289 120.97188085
v 109.29824262 -27.06555190 113.77222781
v 114.37675372 -3.98035633 120.76028853
v 109.40075854 -6.95622911 119.03210122
v 106.05518719 -30.69712146 109.58529757
v 106.96105886 -3.75568524 118.02377000
v 103.63936188 -12.90564954 116.78562932
v 100.99822880 -18.50938255 114.52520341
v 103.00282281 -26.58736195 109.67603453
v 100.77513660 -31.22320850 104.49339190
v 95.95282706 -24.60660226 109.01172346
v 99.51863898 -21.47585041 112.65880630
v 95.08420083 -35.47416916 95.47012210
v 93.92689471 -28.96301187 103.39238015
v 93.58586692 -43.52095228 86.48207492
v 90.85509369 -43.22655463 86.61902340
v 71.27677906 -96.10633580 148.75913609
v 68.64928687 -113.02958742 133.78378819
v 60.84187592 -105.41412673 141.81535095
v 60.77062447 -94.32091234 153.38694053
v 64.75613800 103.12157270 178.59856266
v 53.85759185 -92.64383549 154.62851270
v 56.90093464 -100.99700296 146.68743697
v 53.78061581 109.63389815 178.24179777
v 46.78502546 -100.96747429 148.59636407
v 47.93554704 -25.39589874 179.12245359
v 48.21148843 -97.15217468 152.17307076
v 48.17184460 -115.31736753 136.00977977
v 43.10000105 -124.54638212 129.39807716
v 38.13742371 -95.20295454 156.29939096
v 34.52251535 -100.46806888 149.95166237
v 42.40197464 -110.61621519 139.72307451
v 39.32335460 77.84189302 194.14197937
v 32.65527528 -26.38244623 181.32770687
v 35.63791995 123.86487910 171.02086224
v 28.18641807 -122.08337356 128.57736668
v 27.31505497 60.44289804 199.86976733
v 29.25105736 75.73110819 194.37030797
v 25.29190356 -39.20380798 168.69100872
v 25.09909402 51.06307411 201.58855639
v 21.94991585 -33.11560662 175.32937526
v 17.46689714 -25.67482607 179.43141275
v 18.52592248 118.85733284 174.70011435
v 21.92769794 101.20756539 184.79999032
v 19.85182351 50.74775296 200.66089056
v 18.96096156 39.55464774 203.57884501
v 18.87911210 -121.30158203 130.06373221
v 14.84529150 -93.53134882 158.42383456
v 16.46124798 46.07415854 201.24346745
v 12.73881242 71.45125423 193.67075800
v 7.76207796 38.04563996 200.79216532
v 16.79420764 29.10663345 203.08365421
v 3.29647761 94.18971382 184.32167726
v 2.93227068 -106.66124757 140.38796479
v -33.34789681 -39.38554004 109.78853883
v -37.31133713 -32.07564304 116.00188614
v -45.03404098 -29.76270276 124.47471192
v -46.67675400 -33.06651143 125.60561617
v -47.43123935 -24.94382596 127.24549367
v -47.89004522 -2.85488103 127.50403042
v -49.00662916 -3.30703431 127.44626524
v -54.23263430 -5.26895428 131.09880107
v -59.82457106 -14.43779785 136.26665076
v -60.91467505 -1.48517195 134.14672295
v 30.38340095 10.91795256 197.05271240
v 30.89482888 22.39953206 201.44289245
v 46.27141432 -150.51316993 121.67787962
v 38.05603067 -175.91004901 120.44291287
v 37.86944175 -135.59230004 123.85127699
v 19.63752971 -82.31208272 166.14797744
v 26.96866948 -168.13188071 120.56710076
v 17.05694608 -173.00992770 119.27275742
v 10.24326058 -168.83864200 118.77855809
v 3.75546076 35.64666799 200.18299126
v 3.45726042 -163.29826145 118.61079567
v -2.43400375 -72.96538403 156.61707596
v 1.47940815 -148.99699819 118.89503476
v -1.25795045 -162.61208224 113.53160961
v -2.79081858 -173.78320714 109.61962413
v -1.91041370 -139.73707409 121.08070677
v -5.89136476 -33.59614843 157.51872700
v 6.92996674 119.94190676 171.12362352
v -5.64021629 -47.49472045 143.72948673
v -7.54954608 -170.22921006 100.45418489
v -16.93002101 -99.96563791 141.15493598
v -13.95678547 -30.53535063 154.04003608
v 1.14595796 119.84651107 168.52153258
v -15.48665352 75.90814436 180.92633191
v -14.05724513 -45.30659763 136.55735631
v -20.77312702 -20.53233118 162.25454241
v -8.94202424 103.62328184 174.04748276
v -17.41641391 -37.21203072 144.24851395
v -25.90346569 -24.34577282 153.26068124
v -26.67221770 -8.52913885 165.01334321
v -23.29141108 -30.37051738 147.05793212
v -30.33271346 69.26720032 174.05605550
v -28.12318259 -94.96559004 133.23874191
v -33.65909161 5.54922380 164.17991323
v -30.72954500 -95.23322461 128.50108566
v -24.56588560 72.14457719 175.71706721
v -34.45450645 -8.52814859 155.82423273
v -35.72222657 71.54637491 169.16934117
v -28.88269300 83.02316998 167.88295852
v -39.02312304 2.58790272 154.91571098
v -23.96692064 111.25785286 154.81528162
v -43.69251962 33.78327579 168.53396960
v -28.89227860 -39.19006342 111.22619128
v -32.17386381 -33.13369990 115.52570448
v -28.76055424 -43.33906559 105.04476878
v -52.94598725 65.30014000 150.84214279
v -13.39849458 126.04943547 150.92251770
v -49.08634404 51.23345284 156.66124520
v -32.06941448 -21.10809357 146.02172608
v -45.30331002 4.34713094 138.29754020
v -59.41914035 78.91141723 138.18432022
v -57.93752675 84.92357311 138.58347947
v -47.93559980 9.43434495 138.37500557
v -54.69856612 22.30992289 139.39880187
v -57.46071726 91.21746944 133.95371366
v -60.30776725 83.66671558 133.73180766
v -58.49835775 29.48225657 130.30058836
v -46.18182753 109.15923220 117.01612251
v -61.86066866 70.90734283 129.88845902
v -60.86726362 88.13569160 125.06879702
v -63.02123502 39.37175382 124.35013847
v -27.24088937 -42.85682650 111.95645637
v -53.48512516 -31.05839133 126.90344874
v -25.76942064 -69.96279455 115.27135363
v -62.05888640 33.90681627 112.15432562
v -13.42154443 -139.88554162 102.87915041
v -42.09037596 -40.11704914 114.83052955
v -42.42716926 -40.83337252 112.45005144
v -56.51460342 19.33274987 112.02727631
v -40.64862435 -42.99768983 105.22842192
v -49.87584060 -33.24334247 110.22852709
v -23.73360392 -127.39140997 95.91384056
v -34.90635838 -108.76438941 101.69987019
v -43.96022082 -28.54624750 95.92299934
v -39.03199912 -47.07393879 90.64051147
v -36.35331384 -48.01037452 94.94685561
v -19.48070994 -135.67523913 94.63850761
v -34.39475208 -110.56539408 97.04750341
v -31.10019012 -119.46488787 92.02992830
v -21.80632938 -75.64442092 82.56090950
v -19.48720372 -78.79674361 80.94717219
v -34.87116962 -50.92568986 79.82439405
v -16.79501934 -82.00485954 77.58713139
v -20.17765600 -77.82564096 79.09469448
v -21.40409671 -147.53554079 79.72935405
v -27.68031743 -70.16586011 78.06786920
v -26.31615775 -137.82046565 79.11655970
v -35.68003987 -51.46376764 69.26261749
v -25.62611032 -73.97969222 51.54227164
v -23.92342893 -79.62897192 44.36216145
v -29.31062433 -65.45479883 51.32235329
v -59.91195575 -17.71332584 127.42907590
v -57.89414743 -21.88843363 124.31956601
v -55.62853158 -18.94816395 112.40230613
v -56.96704361 -15.59762357 112.23533035
v -55.88850276 -6.57291190 110.61739209
v -52.28359048 -16.06782289 110.59068903
v -59.12992015 0.43445229 108.28888218
v -50.87003788 -7.82295575 108.12087094
v -46.05057356 -20.33389251 111.60539152
v -46.23382386 -12.43066693 107.75228909
v -54.82453886 -2.04469464 103.65754986
v -47.57850790 -9.00284750 105.49130070
v -52.51018354 -3.74761677 101.32017684
v -42.02345433 -21.42435364 104.67861564
v -51.85416526 2.26682032 100.49648474
v -41.14073065 -25.08102787 103.61093892
v -59.20600249 32.37523745 91.74839922
v -55.95787324 95.99515932 101.50481378
v -47.85772867 -6.50034320 98.93881942
v -48.83544874 -4.05644929 97.87997807
v -58.44989849 85.73975622 91.82808914
v -56.58278662 84.70957012 86.32807573
v -45.71105635 105.07668081 95.20850583
v -54.99287608 81.74890574 81.99528321
v -54.35429078 21.02852867 81.64900973
v -40.07810504 109.25118128 87.84837665
v -29.84969438 122.98981443 99.81716261
v -52.16569127 17.53296843 78.43104006
v -52.15818394 81.05069891 76.52576278
v -42.11656216 104.04916286 76.43213638
v -32.14261505 118.82460415 90.29155304
v -48.19207056 6.67204748 71.41940314
v -51.85196660 67.90929693 70.64399551
v -20.32589123 -115.72225739 77.87339008
v -38.24987728 109.59551745 74.17825468
v -13.31686005 -98.18320270 73.53554590
v -20.45025036 128.24018237 74.63660128
v -27.08209134 121.23632192 68.02913089
v -15.22226166 -80.81448863 68.86458714
v -11.08180809 -91.50488906 68.44944474
v -38.26395901 104.08952937 64.36814687
v -41.59367240 15.23872004 48.45743398
v -21.75874824 -76.74970278 59.78940397
v -35.73617388 97.04000641 48.05127672
v -32.85058792 103.32034701 48.80206128
v -30.24563846 98.02762376 39.79024286
v -34.78035622 13.44566636 36.69043125
v -25.52235396 107.72207842 41.38187482
v -23.95116558 103.83177306 36.11112812
v -29.39106746 85.56706564 31.60627572
v -30.34224545 64.61857449 27.39103022
v -21.15852248 -75.78525142 18.94843043
v -23.84181070 -21.29839725 14.29568887
v -19.80331425 17.36320858 18.92839560
v -18.05209385 39.44588939 10.05530395
v -6.66292235 -78.47787617 1.06039885
v 7.04580971 -78.11861354 -14.20530077
v -4.20185299 -41.79060628 -7.66552801
v 16.07271783 20.09831009 2.59320903
v 16.74939149 25.04671604 4.49606846
v 9.72469183 -2.37246544 -4.25200432
v 20.28962203 29.98997499 2.41229809
v 18.42391885 17.21950636 -8.79329722
v 9.05924592 -13.81487608 -9.48992762
v 22.18511428 30.58551341 -4.85784692
v 22.12046731 15.60599430 -20.57010536
v 17.35139864 -12.53369744 -24.76386947
v -57.88498737 3.19614008 106.80048010
v 21.57297141 -13.64444913 -38.78384145
v 14.39619484 35.88464085 6.32889598
v 10.19621031 -10.89114685 -5.42354352
v 1.34125047 -49.78053970 -6.04751564
v 7.78465566 40.55763875 1.85675736
v 8.15787053 36.36724423 8.49114608
v -3.34446290 -6.67141174 1.34097404
v -2.34589090 41.25740489 6.34126796
v -0.39648793 27.80978858 9.58773636
v -4.32259366 34.75184915 5.87748633
v -10.68753071 43.45252915 5.14733739
v -14.85297223 -59.76149273 7.74141898
v -14.29820836 -56.55139672 6.78927699
v 11.27214256 -129.07780630 56.43378647
v -20.97761831 -45.24638348 13.33320172
v -24.35686098 -43.89475163 19.71628523
v -26.75252261 33.89033159 16.74645170
v -29.07495354 -4.18416102 18.37349880
v -30.41091205 32.37386540 25.29433179
v -29.21494795 25.54343883 25.49813247
v -33.54647634 -23.53098419 30.41830568
v -34.67996674 55.65606633 32.64227192
v -32.78749715 21.56491373 35.30420638
v -34.52019984 30.26692811 36.79986231
v -36.40208827 46.29240824 35.14600756
v -36.16742866 62.87738649 38.97419646
v -42.17120477 26.83466044 50.72425703
v -41.15110736 20.24593911 49.50823969
v -23.30154574 -94.59882571 86.68751930
v -44.28300977 29.40438039 53.56111755
v -29.17926557 -124.93971010 82.48434193
v -44.04990535 17.52489156 56.12565695
v -47.15288018 26.93333579 60.46249911
v -47.13859483 38.91325438 59.27518538
v -54.75401733 49.77816922 71.68104621
v -53.37962014 45.79712773 68.47943848
v -60.82546972 3.39070658 110.94275897
v 10.52914943 -101.31829386 47.53931834
v 36.12308839 -100.11435018 45.33996570
v 10.48985991 -99.48243339 41.83044003
v 3.83827963 -97.46397978 47.71343021
v -5.46803452 -92.06386935 51.11310856
v 31.82279028 -98.81700988 37.57240125
v -12.78950135 -89.60316750 44.07325173
v 10.78525012 -99.09071132 32.33469497
v 17.26661680 -99.48166673 31.32244799
v 5.55301440 -97.93828085 32.87218593
v 22.43958261 -97.62417788 25.32054322
v 30.00146137 -96.74023072 21.79498347
v 32.87946772 -96.65328557 11.61169954
v 11.81263031 -96.04231678 9.42317999
v -6.76929432 -91.78159313 18.61714351
v 8.63144351 -95.19991218 10.30114909
v 18.87960580 -96.76802111 7.08274009
v 27.32038281 -96.53974295 -3.15851590
v 15.73451775 -97.21799075 -3.00524787
v 17.20702091 -16.23585372 -12.75362023
v 11.58876722 -17.59358238 -14.54740230
v 44.49428561 -15.05350980 -16.83566987
v 25.10063393 -19.21503746 -22.98348857
v 26.11881898 -20.43913518 -29.01351728
v 27.57267456 -17.82076587 -36.63671487
v 113.45773756 -14.83402893 98.35782130
v 17.75886153 -90.60756141 -13.99666311
v 113.77248952 -28.23826564 110.57406502
v 122.57486793 8.73956252 105.56687018
v 99.48291333 -39.49350534 91.99985635
v 99.48743659 -40.28527320 89.89385087
v 71.40869862 -80.75293613 48.83292978
v 57.58072104 42.80553432 8.83207615
v 51.87487113 43.54891435 7.60376236
v 48.72288510 41.95504375 7.02719443
v 57.21010503 45.64298110 4.33645230
v 72.58125680 -159.47336463 71.97829303
v 116.63330425 79.74534041 121.46958274
v 89.42357108 120.65694857 119.53711134
v 94.52218383 107.82227778 64.75744798
v 73.21176288 113.68909389 164.98302175
v 82.41120345 112.32543192 156.96545747
v 92.79293145 99.89098471 157.02973929
v 56.42015090 129.20884057 156.53640315
v 88.10427788 118.26744982 137.32786497
v 120.96213651 10.99917737 106.81077724
v 120.33441306 10.33842437 103.91210165
v 48.09105808 99.90861976 14.50633564
v 56.16899929 124.99648383 41.52402470
v 47.16376834 133.91328180 50.59943104
v 51.52788162 108.08987901 20.65741678
v 46.38798568 117.96649259 28.71361617
v 37.87821445 133.11366823 47.77510901
v 26.04341419 136.18267301 53.11675799
v 26.07045407 34.76621568 -1.75623401
v 28.82857616 33.35179593 -5.63120904
v 10.89331228 130.36900245 45.90727294
v 5.01540369 119.23540606 33.21363276
v -4.07499680 133.26223419 59.72307408
v -9.37573540 118.26563778 38.13655076
v -10.89559046 114.74747162 34.83264471
v -18.66812280 122.93918198 54.53271757
v 58.39259491 -37.06457547 161.57783526
v 64.22088943 -37.20053872 156.61582918
v 33.64340694 -25.94118961 -15.91650958
v 14.48074694 -19.89361759 -11.84275076
v 23.56774533 -10.54350665 -39.07998460
v 19.75909242 -13.57649906 -36.66556292
v 23.68343779 -17.14435987 -38.47322102
v 21.78235312 -16.67191326 -37.61011265
v 34.44176261 33.41973513 -2.09748067
v 103.44476340 -26.23449420 89.30768820
v 114.75269968 -19.22102276 99.93391276
v 105.07691253 -25.39517825 93.53792250
v 106.95889228 -35.67051425 101.87160464
v 95.13502142 -44.36489921 84.11921673
v 119.47999489 -17.40735749 122.56403873
v 124.93230752 -10.25864086 125.41613593
v 117.17349918 -22.43114789 118.25125748
v 126.83300909 0.62351980 123.20138618
v 105.51055170 -8.79843477 120.02382286
v 108.30200141 -9.04481815 118.83988385
v 96.50343506 -21.87962331 116.65853652
v 102.19076592 -8.41626672 124.61667551
v 103.80830869 -8.99106540 121.75700632
v 105.21671553 -0.88025986 118.93100835
v 98.11237485 -21.37440563 113.61161155
v 123.11753639 9.53192458 107.61538901
v 112.58893807 11.74725272 100.09786676
v 113.51193450 11.95807756 108.55330296
v 120.61886586 8.03020187 120.96576459
v 120.97969821 8.83143768 119.30550894
v 113.29917430 10.22488335 114.86872964
v 125.55346913 5.10603108 123.32744904
v 124.77496283 7.60964358 112.22424867
v 125.30595481 6.56047304 116.85383196
v -45.14273085 -11.81527409 128.13970572
v -36.41282254 -29.13874246 118.08481839
v -58.84777535 -2.16088673 112.05632459
v -50.53845901 -29.77744963 110.78106669
v -44.12295421 -13.87282416 105.94246196
v -40.86868404 -31.17555124 98.03570625
v -39.15193122 -45.96188756 88.80454250
v -34.75316082 -49.92720038 88.10713238
v -39.34919554 -43.15269995 109.01016758
v -35.39174552 -43.60147350 102.93058294
v -33.08012419 -42.32685993 105.15925768
v -54.38764110 7.02563571 115.52393568
v -54.64113064 2.93248612 126.62549063
v -51.42567860 3.55469600 123.96357267
v -63.29275491 3.29518409 120.46284916
v -58.52775085 -18.17849867 134.89373431
v -57.85773874 -21.18340545 134.32549650
v -62.90452308 -16.73769607 133.78579136
v -6.97154422 -91.19323283 49.40194407
v -27.73562496 -132.20407342 79.87996528
v -21.03415984 -148.09265688 69.57913533
v -19.44701488 -157.74436761 66.70904752
v 51.52985000 -178.70099650 119.43449800
v 63.34577665 113.84944593 171.26771811
v 70.21651479 107.46311770 172.88066718
v 55.72971574 140.56131797 87.81925427
v 47.20810051 138.82185736 65.66793808
v 44.54343831 143.25751137 115.77465769
v 48.45425201 141.39405230 78.39960006
v 37.98216577 142.34472597 74.50204100
v 35.86624080 144.30042505 91.00342881
v 28.25076183 144.04535505 83.62323916
v 17.87496518 143.79344895 94.47329668
v 9.76223775 142.07978025 82.28417711
v 3.15050663 140.34537465 81.72500029
v -1.77096404 138.28674207 117.94224099
v 2.31948868 139.17044796 70.67480774
v -6.01520379 137.23534666 90.39749626
v -5.67069008 136.89288723 71.54042372
v -4.27994659 137.40588600 76.77526152
v -22.13524952 128.57516224 97.55124423
v 32.97228438 144.34516258 115.95295855
v 30.09752292 141.31366376 134.76393765
v 17.48127470 139.90451463 136.14447541
v 22.81963499 137.59259287 146.48654039
v 48.70339348 133.62978405 151.90851379
v 34.04625499 136.14917999 150.79176117
v 22.29263386 134.45682628 154.11439035
v 42.85298377 130.27407686 159.99996246
v 7.98734451 132.04806159 155.33322626
v -6.73074304 128.72024583 153.53569490
v 1.65648758 128.19493502 160.28921578
v -12.49286082 133.70573327 117.52965937
v -21.91890039 128.52961844 121.93415426
v -29.22378986 123.46886369 127.47116114
v -41.89300444 112.76149249 128.91908529
v -21.14535808 127.69919547 134.76574163
v -18.39352526 127.45597245 143.34779219
v 53.57688376 141.01167205 117.99448744
v 48.06672588 135.20253315 55.96814600
v 37.63512389 136.99269035 56.76622151
v 9.45736728 141.64592066 116.64955518
v -1.36024914 135.59356234 138.74374157
v -63.96649260 -14.92782681 133.11139577
v -62.69218595 -10.93185883 134.36199955
v -63.10606777 -7.37114484 133.14542622
v -61.02691847 0.62217657 129.09921829
v -65.79433702 -2.53892942 129.17091557
f 315 2371 735
f 1555 2461 1619
f 1555 1619 2959
f 1619 1614 2959
f 1619 1622 1614
f 1614 1622 3011
f 1619 2461 2462
f 2462 3012 1619
f 1229 1621 2462
f 1621 1229 3010
f 3010 1618 1621
f 1622 1619 3012
f 1621 3012 2462
f 3012 1620 3011
f 3012 1621 1620
f 1621 1618 1620
f 1622 3012 3011
f 2652 1620 1074
f 1620 1618 1074
f 1620 2652 3011
f 1615 2652 1616
f 1616 2652 1074
f 2652 1615 3011
f 1232 2744 1230
f 3008 1230 1228
f 1230 3010 1229
f 3009 3010 1230
f 3008 3009 1230
f 3010 3009 1618
f 1617 3008 2962
f 3009 3008 1617
f 3009 1617 1618
f 1618 1617 2651
f 2962 3008 1228
f 2651 1556 1073
f 1556 2651 2960
f 1616 2650 1071
f 2957 1616 1071
f 2959 2957 1613
f 2957 1614 1615
f 1614 2957 2959
f 1614 3011 1615
f 2957 1615 1616
f 1074 2650 1616
f 3007 1596 1612
f 1596 3006 1612
f 3006 1587 2980
f 3006 2980 1612
f 1612 1611 3007
f 2980 2997 1612
f 1605 3007 1611
f 1591 2986 1582
f 2985 2770 1608
f 3005 1610 2902
f 3005 2898 1610
f 3005 3004 2898
f 2898 3004 833
f 2902 1610 2901
f 2902 1581 3005
f 1459 1577 1609
f 1577 3003 1609
f 1257 1608 2770
f 1608 1257 1607
f 1603 1608 1607
f 1608 2997 2985
f 1266 2770 2985
f 1266 2985 1271
f 1271 2985 2780
f 1605 3002 2995
f 1606 3002 3001
f 1606 2999 3000
f 3001 3002 1611
f 1611 3002 1605
f 2999 1603 3000
f 3001 2999 1606
f 2999 3001 1604
f 1603 2710 3000
f 1604 3001 1611
f 2998 2999 1604
f 1612 1604 1611
f 2999 1608 1603
f 2997 1604 1612
f 2998 1608 2999
f 1604 2997 2998
f 2997 1608 2998
f 2997 2980 2982
f 2699 2995 3002
f 1602 2631 1029
f 2996 2670 1602
f 1029 2623 1601
f 2968 1575 1590
f 1029 1601 1602
f 1590 2993 2623
f 1575 2968 1437
f 1601 1600 1602
f 2995 1130 2996
f 1600 2996 1602
f 2623 2993 1599
f 2995 2996 1605
f 2996 2994 1605
f 2996 1600 2994
f 2623 1599 1601
f 2892 2993 1590
f 1590 1575 2892
f 2892 1575 1437
f 2892 1437 1440
f 2992 2994 1600
f 1600 1601 2992
f 1601 1599 2992
f 2994 2992 1598
f 1599 2993 2991
f 2990 2993 2892
f 1605 1598 3007
f 2992 2989 1598
f 1598 1605 2994
f 2991 2993 2990
f 2991 2992 1599
f 2892 1597 2990
f 2992 2991 2989
f 1595 2991 2990
f 2892 1443 1597
f 2989 2991 1594
f 2991 1595 1594
f 1597 1595 2990
f 3007 1598 1596
f 2988 1598 2989
f 2987 2989 1594
f 1598 2988 1596
f 2987 2988 2989
f 1451 1597 1443
f 1595 1593 1594
f 1451 1443 1446
f 1594 1593 2987
f 1595 1597 1451
f 1451 1446 1450
f 1451 1593 1595
f 1596 2988 1592
f 2988 2987 1592
f 1451 1452 1593
f 2987 1593 2986
f 1592 2987 2986
f 1591 1596 1592
f 2972 1593 1452
f 1456 3003 1452
f 1591 3006 1596
f 2972 2986 1593
f 1452 3003 2972
f 2986 1591 1592
f 1451 1450 1452
f 1130 2995 2699
f 2996 1130 2675
f 1602 2670 2631
f 1588 2985 1589
f 2985 1588 2780
f 1589 2985 2997
f 1588 2983 1478
f 1588 2984 2983
f 2984 1588 1589
f 2982 1589 2997
f 2982 2984 1589
f 2982 2979 2984
f 2981 1474 2907
f 2979 2982 1587
f 2982 2980 1587
f 2978 2981 2983
f 2984 2978 2983
f 2978 2984 2979
f 2979 1587 2978
f 2978 1586 2981
f 2978 1584 1586
f 2977 2978 1587
f 2978 2977 1584
f 1587 3006 2977
f 2977 3006 1591
f 1585 1576 1586
f 1584 1583 1586
f 1586 1583 1585
f 2977 1582 1584
f 1584 2976 1583
f 1582 2976 1584
f 1582 2977 1591
f 2902 1585 1581
f 1583 2976 2974
f 2976 1582 2975
f 1581 1585 1583
f 2974 1581 1583
f 1582 2986 2975
f 2976 2975 2974
f 3005 1581 2971
f 2973 2974 2975
f 2972 2975 2986
f 2975 2972 1580
f 3004 3005 2971
f 2974 2971 1581
f 2975 1580 2973
f 2971 2974 2973
f 2973 1580 2970
f 1580 2972 3003
f 833 3004 2971
f 2970 1580 3003
f 2971 1579 833
f 1579 2971 2973
f 2973 2970 1579
f 2970 1578 1579
f 1577 2970 3003
f 833 1579 831
f 1579 830 831
f 1578 2970 1577
f 3003 1456 1609
f 1579 1578 1459
f 1588 1478 2780
f 1579 1459 830
f 1603 1607 1257
f 2609 2968 2612
f 2969 2968 2609
f 2969 499 1438
f 498 1438 499
f 2968 2969 2889
f 2889 1437 2968
f 2969 1438 2889
f 499 2969 2609
f 2710 1236 1171
f 1392 2345 1574
f 916 891 801
f 891 2491 801
f 2967 2581 1088
f 2182 818 984
f 1570 1565 2663
f 1571 1572 2292
f 2665 1571 1573
f 1571 2668 1572
f 1567 1569 2661
f 2663 1567 1097
f 1566 1568 1567
f 1567 1568 1569
f 1566 1567 2663
f 1566 2663 1565
f 2666 1566 1565
f 1573 1565 1570
f 1570 2665 1573
f 1573 2292 1565
f 2292 1573 1571
f 1219 1218 2966
f 2730 1564 1213
f 1218 2965 2966
f 1218 2309 2965
f 2309 2739 2964
f 2842 2964 1563
f 1992 1563 2450
f 1563 1213 2450
f 2450 1213 1564
f 2309 2964 1380
f 2309 1380 307
f 2842 1380 2964
f 2966 656 1219
f 1992 2842 1563
f 2309 307 2965
f 1218 2739 2309
f 2731 2964 1215
f 2964 2731 1563
f 1563 2731 1213
f 2687 2314 2295
f 2314 2317 2295
f 972 101 815
f 972 815 2577
f 2169 815 2168
f 2963 2853 1561
f 1561 2853 2464
f 1404 2963 2855
f 2464 666 1561
f 2963 1225 2855
f 2963 1561 1225
f 2855 1225 1226
f 1226 1560 2855
f 2373 1559 1560
f 1226 2373 1560
f 2855 1560 1404
f 965 2507 1442
f 2078 391 2077
f 447 800 2123
f 2122 2123 394
f 1457 1753 447
f 1753 1457 220
f 447 1753 800
f 2179 513 1075
f 923 400 497
f 2221 2217 2226
f 2226 2217 1099
f 1558 1228 2310
f 2962 1228 1558
f 2962 1558 1557
f 2962 1557 2961
f 2962 2961 1617
f 2961 2651 1617
f 2960 2651 2961
f 2960 2961 1072
f 1557 1558 1186
f 1072 1556 2960
f 1556 1072 1070
f 2744 2310 1228
f 2959 1396 1555
f 1396 1395 1555
f 1613 2957 2958
f 2957 1071 2958
f 2958 1068 1613
f 1068 2958 1071
f 599 1551 1068
f 1071 2649 1067
f 1067 1068 1071
f 1553 1240 1554
f 1551 2956 1068
f 2956 1551 1553
f 1554 2956 1553
f 1554 1240 1552
f 2956 1613 1068
f 1552 1394 1554
f 1394 2956 1554
f 2959 1613 2956
f 1394 2959 2956
f 2811 2848 1394
f 2959 1394 1395
f 599 1553 1551
f 1234 1240 1553
f 1552 2811 1394
f 1394 2848 1395
f 2959 1395 1396
f 1190 2719 1549
f 1063 1549 2719
f 1063 2719 1060
f 2646 1550 1549
f 1550 2646 1066
f 1558 1550 1186
f 2715 1550 1558
f 1549 1550 1190
f 2720 2719 1190
f 1063 2646 1549
f 2715 1190 1550
f 1550 1066 1186
f 2953 2720 2722
f 2722 1544 2953
f 2333 1544 2722
f 2953 2719 2720
f 2953 1548 2719
f 2954 2953 1544
f 2953 2955 1548
f 2954 2955 2953
f 1547 2954 1544
f 2643 1547 2233
f 2955 1547 2643
f 1547 2955 2954
f 1147 2233 1547
f 2719 1548 1060
f 2697 1147 1547
f 2955 2643 1548
f 1206 1545 2952
f 2728 1544 1205
f 1206 2952 2728
f 2952 1545 1543
f 2952 1543 1546
f 1151 2728 2952
f 1155 1151 2952
f 1546 1155 2952
f 2293 1547 1544
f 2697 1547 2293
f 2333 1205 1544
f 1205 1206 2728
f 1545 1206 2727
f 1543 2357 1546
f 2734 1155 1546
f 1544 2728 2293
f 2951 1545 2727
f 2951 2352 1543
f 2348 2352 2951
f 2951 1543 1545
f 2357 1543 2352
f 2343 2348 2951
f 2357 2352 2356
f 1546 2357 2734
f 2354 1209 1541
f 1209 2354 2348
f 2354 1541 2346
f 1209 2348 1210
f 2757 1542 1203
f 2759 2757 1203
f 1207 1542 1541
f 1203 1542 1207
f 1203 2950 2759
f 2726 1203 1207
f 1209 1207 1541
f 1541 1542 2334
f 2950 2341 1390
f 2456 2759 2950
f 647 2341 2950
f 1540 647 2950
f 1203 1540 2950
f 1390 2457 2950
f 1210 647 1540
f 2458 629 2323
f 1390 2341 2458
f 2950 2457 2456
f 2756 1539 2754
f 1538 1539 2755
f 2762 1539 2756
f 1539 2762 644
f 2762 2340 644
f 2949 2755 1539
f 644 2949 1539
f 2949 644 2334
f 2340 651 644
f 2949 2334 2757
f 1538 2754 1539
f 2755 1235 1538
f 2756 2763 2762
f 2755 2753 1235
f 1235 1239 1538
f 2460 2948 2321
f 2749 1537 1233
f 1537 2746 1233
f 749 2948 2460
f 2948 749 2458
f 2321 2746 1537
f 2321 2948 2723
f 2723 2948 2458
f 2322 2321 2723
f 2947 2747 1198
f 2320 1198 2747
f 2947 2748 2747
f 2747 2748 1233
f 2750 1241 2754
f 2750 1538 2947
f 2946 1059 2696
f 1061 2946 2234
f 2946 2696 1535
f 1535 2696 1536
f 2946 1534 2234
f 1535 1534 2946
f 2695 1182 1536
f 2281 1534 1535
f 1062 1061 2234
f 2714 1182 2695
f 2281 1536 1182
f 1536 2281 1535
f 2696 2695 1536
f 1154 1532 2945
f 2285 1154 2945
f 1175 1533 1154
f 2285 1175 1154
f 2285 2945 2236
f 1532 2648 1064
f 2945 1532 1064
f 2237 2945 1064
f 2285 2236 1534
f 1157 1159 1067
f 2236 2945 2237
f 2782 1397 1222
f 2359 1227 1398
f 1398 1275 2736
f 2359 1398 2736
f 2735 2733 1274
f 2400 2733 2735
f 1147 2697 2714
f 2939 1531 2940
f 2942 2939 2586
f 2939 2942 1531
f 2943 2936 1522
f 2942 1530 1531
f 2943 1522 2944
f 2944 1522 1531
f 1531 1530 2944
f 1530 1529 2944
f 1528 1530 1526
f 1526 1530 2942
f 1528 2928 1530
f 2928 1529 1530
f 2944 2542 2943
f 1529 2542 2944
f 2928 775 1529
f 2894 1522 2936
f 2940 1522 1523
f 1526 2942 2586
f 2940 1531 1522
f 992 1526 2586
f 2542 1529 775
f 814 1525 1519
f 1519 1525 2941
f 2571 2941 1525
f 995 1524 2941
f 995 2941 2571
f 2941 1524 1523
f 1524 2939 2940
f 995 2939 1524
f 995 2586 2939
f 2940 1523 1524
f 2571 814 381
f 814 2571 1525
f 2936 2943 2877
f 2877 1432 2895
f 1432 369 2895
f 1522 2894 1523
f 2894 2937 1521
f 2937 2894 2895
f 2895 797 2937
f 369 797 2895
f 1523 2894 2938
f 2894 1521 2938
f 1523 2938 2941
f 1520 2938 1521
f 1519 2941 2938
f 1520 1519 2938
f 797 1839 2937
f 1519 1520 2503
f 1520 1521 2937
f 814 1519 2503
f 1839 1520 2937
f 2895 2936 2877
f 1527 2877 2943
f 2877 1527 1425
f 2503 1520 1839
f 2877 2498 1432
f 997 966 1518
f 1518 999 997
f 966 486 1518
f 2602 2574 967
f 2574 2602 2599
f 2599 2935 2574
f 1517 2596 1516
f 2596 2595 1516
f 1002 1516 2595
f 2929 1516 1002
f 2930 2929 1002
f 1515 2929 2594
f 2934 2594 999
f 2594 2934 1515
f 2935 2600 1517
f 2574 2931 952
f 2931 2574 2935
f 2931 2935 1517
f 1516 2567 1517
f 1516 2933 949
f 2929 2933 1516
f 1515 2933 2929
f 1516 949 2567
f 2933 2932 949
f 2933 1515 2932
f 2934 2932 1515
f 950 2932 2934
f 950 2934 2566
f 2566 2934 1518
f 2566 1518 486
f 942 952 2931
f 950 949 2932
f 1517 947 2931
f 943 2931 947
f 2600 2935 2599
f 2934 999 1518
f 2600 2596 1517
f 949 950 945
f 2930 2592 2594
f 2930 2594 2929
f 2571 997 999
f 2571 381 997
f 2567 947 1517
f 2876 1511 1514
f 2492 1511 368
f 1505 1510 1514
f 1511 2927 1514
f 2927 1511 2492
f 2928 1528 367
f 1505 994 2593
f 994 1505 1514
f 1513 2927 2492
f 1513 2492 2552
f 2552 906 2926
f 2927 1513 2925
f 1512 1513 2552
f 2926 1512 2552
f 2926 906 2585
f 906 1528 2585
f 2925 1513 1512
f 1526 2585 1528
f 2925 1512 993
f 1512 2926 2585
f 1512 2587 993
f 2587 1512 2585
f 2552 2492 1820
f 2552 1820 367
f 1508 2876 1510
f 1510 2876 1514
f 775 2928 367
f 2593 994 2590
f 2927 2925 1514
f 2593 1003 1505
f 2925 994 1514
f 2585 992 2587
f 367 1528 906
f 2876 368 1511
f 2879 2924 784
f 2924 2603 2494
f 2879 2603 2924
f 2878 2603 2879
f 2603 2604 2494
f 2494 2604 1509
f 2494 1509 2570
f 2878 2879 884
f 807 784 2924
f 2062 807 2494
f 807 2924 2494
f 2572 2604 2603
f 2604 2572 1509
f 1005 2603 2878
f 1510 2923 1508
f 1505 2923 1510
f 2923 1505 1507
f 2543 2923 1507
f 1003 1507 1505
f 2543 1507 1506
f 1506 1005 2878
f 2878 884 1506
f 1005 1507 1003
f 1005 1506 1507
f 2543 1506 884
f 1502 1504 2922
f 1504 1502 466
f 2477 859 2874
f 860 2479 2141
f 859 2141 2874
f 1503 1504 466
f 135 2920 2922
f 2922 1504 135
f 859 2921 1503
f 1504 1503 136
f 2921 859 2477
f 1503 2921 136
f 858 2874 776
f 174 2921 2477
f 1502 861 466
f 466 859 1503
f 1504 136 135
f 2874 2479 776
f 136 2921 174
f 135 1791 2920
f 2499 2052 2498
f 1903 2147 948
f 938 935 2482
f 956 1501 2575
f 2055 2053 176
f 810 819 2112
f 819 810 375
f 689 2798 2822
f 689 2822 2819
f 2819 2822 1346
f 2304 2091 1300
f 2424 2304 2798
f 2798 2304 1300
f 2798 1300 2822
f 2091 2304 2828
f 2427 691 726
f 2534 726 691
f 2429 726 1500
f 2534 1500 726
f 612 2429 1500
f 2534 1348 1500
f 1500 1352 612
f 1500 1348 1352
f 2530 1337 1343
f 1343 1337 1499
f 2820 1343 1499
f 2392 1344 2531
f 683 2820 1499
f 683 1499 1344
f 1348 1343 2820
f 2531 1344 2529
f 1499 2529 1344
f 1340 680 2816
f 1340 2817 680
f 676 2817 1340
f 680 2817 2390
f 680 2390 682
f 1337 2530 677
f 2530 676 677
f 708 2512 2098
f 673 2512 1335
f 2411 2808 2903
f 2502 1465 2919
f 2502 812 1465
f 1465 225 1890
f 2919 1465 2904
f 1465 812 225
f 2502 2919 1902
f 226 1890 225
f 1971 1469 404
f 1890 404 1469
f 1498 2884 327
f 2883 1430 327
f 2883 327 2882
f 1498 2549 2884
f 2884 2882 327
f 1430 326 1901
f 459 1496 457
f 2881 1496 2882
f 2881 1497 770
f 2882 1496 2883
f 2881 2882 1428
f 2881 770 2519
f 2466 2135 455
f 455 2134 2466
f 2377 2135 2466
f 2005 2133 2509
f 2510 456 1495
f 1495 456 835
f 2416 2804 710
f 772 337 2039
f 337 899 2039
f 336 357 899
f 337 336 899
f 1328 2916 1494
f 2916 2918 1494
f 2812 2918 2916
f 1493 2812 2915
f 2812 2917 2918
f 1493 2917 2812
f 1422 1494 2918
f 2917 1422 2918
f 2917 1493 2378
f 1422 1492 1494
f 2102 2915 2812
f 2102 2812 2916
f 1328 1494 1492
f 2378 1493 287
f 1492 2872 2871
f 1492 2871 1328
f 1323 1328 2871
f 1328 1323 2409
f 1422 2872 1492
f 2869 2412 1315
f 2869 1491 2412
f 2412 1491 1333
f 1333 1491 2914
f 2868 2914 1491
f 1490 2914 2868
f 2914 1490 1332
f 1333 2914 1332
f 2408 1421 2869
f 1421 2408 1325
f 1325 2408 2409
f 712 2814 2417
f 2035 2474 2481
f 2474 2379 2050
f 2050 779 2474
f 2379 405 2050
f 779 2481 2474
f 781 1887 880
f 2870 1419 1489
f 763 764 1489
f 2870 1489 764
f 763 1489 813
f 2473 769 1431
f 2471 2469 2017
f 795 2056 2057
f 2056 795 1488
f 1488 795 857
f 1488 857 900
f 1487 1486 841
f 2913 474 1487
f 474 2913 2018
f 841 2913 1487
f 1487 474 2540
f 1486 1487 2146
f 1330 2541 670
f 2913 842 2138
f 463 845 1423
f 463 1423 1424
f 1423 845 844
f 1306 1309 2801
f 1306 2801 1342
f 1309 1306 685
f 2824 1353 2823
f 1302 1351 1353
f 1704 694 465
f 481 479 1485
f 481 1485 976
f 479 246 1485
f 246 2912 1485
f 2911 2912 503
f 2911 503 511
f 2912 2911 1919
f 480 976 1485
f 2911 511 1926
f 1920 511 503
f 1485 1919 480
f 1485 2912 1919
f 2911 1926 1919
f 350 2156 352
f 969 2042 187
f 1006 1484 1843
f 2496 1482 1728
f 1484 1006 487
f 351 1728 1482
f 1843 236 1006
f 1481 1460 2127
f 1460 2516 2127
f 224 1749 1502
f 2910 1480 435
f 2910 1478 1479
f 2908 1480 2910
f 2908 2910 1479
f 2908 2909 1480
f 1478 2983 2907
f 1870 431 2104
f 2909 1477 2104
f 1870 2104 1477
f 1479 1478 2907
f 2909 2908 687
f 2908 1479 1476
f 1476 1479 2907
f 2908 1476 2906
f 2983 2981 2907
f 687 2908 2906
f 1476 2907 1475
f 2907 1474 1475
f 2905 1476 1475
f 2906 1476 2905
f 2905 1475 1473
f 1474 1576 1475
f 1576 1474 2981
f 1586 1576 2981
f 2906 2905 1472
f 1576 1473 1475
f 1471 2906 1472
f 1576 1585 2902
f 2905 1473 1468
f 2902 1473 1576
f 1472 2905 1468
f 1473 2902 1468
f 2512 673 1969
f 1470 2411 2904
f 1470 1971 2407
f 1467 1971 1470
f 2411 2903 2904
f 1971 1467 1469
f 2904 1467 1470
f 2511 2904 2903
f 2511 2903 2098
f 1472 1464 1471
f 1467 2904 1465
f 1465 1469 1467
f 1469 1465 1890
f 2511 2919 2904
f 1472 1468 1464
f 1471 1464 1466
f 2902 2901 1468
f 1468 2901 1463
f 1468 1463 1464
f 2901 1610 2898
f 2900 1464 1463
f 283 1464 2899
f 2901 2898 1463
f 2899 1464 2900
f 2900 1463 2897
f 2898 2897 1463
f 2896 283 2899
f 2898 833 2897
f 2900 2897 1462
f 2900 1462 2899
f 2899 1900 1846
f 833 2131 2897
f 2899 1462 1899
f 2899 1899 1900
f 2132 1462 2897
f 2131 2132 2897
f 2132 2131 2129
f 1461 2129 831
f 1461 1481 2129
f 2128 2127 1756
f 830 1460 1461
f 1459 1578 1577
f 2121 2516 829
f 1458 2516 1459
f 2516 1458 829
f 2122 2125 447
f 1609 1458 1459
f 829 2515 2121
f 2119 829 1458
f 829 2887 2515
f 2887 829 2119
f 2894 2936 2895
f 2120 447 446
f 447 2120 1457
f 446 444 2120
f 2887 1454 2116
f 1454 2887 2119
f 2117 2120 444
f 1456 1455 1609
f 2120 2117 445
f 445 2117 443
f 1456 1450 1455
f 1450 1456 1452
f 1455 1450 1453
f 2116 1454 2893
f 1453 1449 1454
f 2893 1454 1449
f 1453 1450 1446
f 909 2082 402
f 2115 442 441
f 1446 1449 1453
f 2115 441 1445
f 1449 1444 2893
f 1760 2115 1448
f 1448 2115 1445
f 1444 1447 2893
f 1449 1446 1443
f 441 2114 1445
f 478 1761 1448
f 478 1448 1445
f 1447 2114 2113
f 1447 1444 2890
f 1440 1449 1443
f 1440 1444 1449
f 1444 1440 1439
f 2890 2114 1447
f 1892 478 1445
f 2891 1445 2114
f 2890 1441 2114
f 2890 1444 1439
f 2892 1440 1443
f 2891 2079 1892
f 2891 1892 1445
f 2891 2114 1441
f 2891 1441 2076
f 2890 1439 2889
f 2079 2891 2076
f 1437 1439 1440
f 2079 2076 227
f 1438 1441 2890
f 1437 2889 1439
f 1441 1438 2076
f 1438 2890 2889
f 224 1502 2922
f 49 2888 1688
f 395 109 42
f 450 2888 1756
f 450 1756 1436
f 1756 822 1436
f 1436 822 821
f 1433 810 2112
f 821 2125 1436
f 224 2072 2073
f 2122 447 2123
f 2082 909 2161
f 88 94 1630
f 1631 1632 2886
f 1887 223 1419
f 1887 1419 880
f 2130 2057 813
f 891 917 2491
f 1793 1709 917
f 2491 917 2885
f 801 1435 915
f 1435 801 2885
f 1709 2885 917
f 2885 1434 1435
f 2060 806 2061
f 810 1433 1744
f 1811 786 156
f 1483 2496 802
f 2506 817 2495
f 2496 2165 1482
f 2481 782 792
f 2490 1431 769
f 1431 2490 768
f 1431 768 2472
f 2489 1431 2472
f 345 2549 346
f 2549 345 1429
f 2883 326 1430
f 2882 2884 1428
f 2037 1429 345
f 2549 1429 2884
f 2884 1429 1428
f 1428 1429 1497
f 1497 1429 2037
f 2881 1428 1497
f 1497 2037 770
f 2039 2475 772
f 2488 379 2501
f 169 2064 2880
f 379 2880 2501
f 169 2880 379
f 2880 171 2501
f 376 2880 2064
f 2880 376 166
f 2063 166 376
f 2054 884 2053
f 884 784 2053
f 784 884 2879
f 143 2478 2051
f 2478 143 776
f 858 1427 2874
f 1427 858 811
f 2498 2877 1425
f 1426 384 362
f 1426 1527 384
f 1425 1527 1426
f 384 1527 2542
f 780 384 2542
f 1527 2943 2542
f 1508 184 2876
f 331 1821 787
f 943 942 2931
f 333 2482 935
f 792 791 768
f 2873 2917 2378
f 2474 2035 2378
f 2378 2035 2873
f 2490 769 2481
f 2376 2377 323
f 2145 2017 764
f 1776 2875 2467
f 2033 788 790
f 173 341 342
f 759 761 2025
f 2141 2479 2874
f 2917 2873 1422
f 1422 2873 2035
f 769 1422 2035
f 1422 769 2872
f 2872 769 2473
f 2871 2872 2473
f 1419 2870 880
f 1420 1323 2871
f 2871 1418 1420
f 2870 767 880
f 1323 1324 1325
f 1418 2871 2473
f 1325 1324 1421
f 1323 2410 1324
f 766 1418 2473
f 1421 1324 2868
f 1431 2489 2473
f 2469 767 2870
f 1421 1491 2869
f 1421 2868 1491
f 1330 1418 766
f 1324 2410 1490
f 2868 1324 1490
f 766 2489 1330
f 2489 2541 1330
f 2487 790 1696
f 902 2487 60
f 790 2487 2032
f 2467 2034 2867
f 2033 2034 2467
f 2468 2867 1416
f 2867 2468 2467
f 2866 2034 2033
f 2468 1416 1417
f 2034 2865 2867
f 2866 2861 2034
f 320 1417 1415
f 1417 1416 2864
f 762 2861 2866
f 2864 1416 2862
f 762 343 2861
f 320 2863 2000
f 2865 1416 2867
f 2864 1415 1417
f 1416 2865 2862
f 2865 2034 2861
f 2861 343 1414
f 1415 1413 320
f 1413 1415 2864
f 1412 2862 2865
f 1413 2863 320
f 2862 1413 2864
f 2865 2861 1412
f 2863 1559 2000
f 2862 1409 1413
f 2862 1412 1409
f 1411 1414 2028
f 1411 2861 1414
f 1411 2028 342
f 1559 2863 1407
f 2861 2860 1412
f 2863 1413 1410
f 1410 1413 1409
f 2860 2859 1412
f 1406 2863 1410
f 1412 2859 1409
f 2861 1411 2860
f 1411 342 1408
f 2863 1406 1407
f 1407 1560 1559
f 1409 2859 2857
f 1409 2856 1410
f 1410 2856 2858
f 2860 2854 2859
f 1410 2858 1406
f 1405 2854 2860
f 1405 2860 1411
f 342 339 1408
f 1406 1403 1407
f 2857 2856 1409
f 1411 1408 1405
f 1407 1404 1560
f 1408 2026 1405
f 2859 2854 2857
f 1404 1407 1400
f 1407 1403 1400
f 2856 2857 1401
f 2854 1401 2857
f 1406 2858 1402
f 2858 2856 1402
f 1408 2024 2026
f 2851 1402 2856
f 2854 1405 2026
f 1402 1403 1406
f 1401 2851 2856
f 2854 2850 1401
f 1401 2850 2025
f 1400 2853 1404
f 1400 2852 2853
f 2852 1403 1402
f 1403 2852 1400
f 2852 1402 2851
f 761 2851 1401
f 2850 2854 2026
f 1404 2853 2963
f 2851 759 2849
f 2366 2786 1398
f 2851 2849 2852
f 2850 1702 1399
f 2786 1397 1398
f 2852 2464 2853
f 760 2852 2849
f 2782 1398 1397
f 2782 1275 1398
f 2410 1420 707
f 1395 2848 2750
f 1198 2750 2947
f 2848 1241 2750
f 1241 2848 2811
f 2460 2321 1537
f 745 311 310
f 2345 1258 1393
f 2460 1537 2752
f 2749 1238 1537
f 1537 1238 2752
f 745 1393 2455
f 1258 2345 1392
f 2752 1238 1237
f 748 746 1391
f 1393 1258 2455
f 2454 1391 746
f 1391 2454 1574
f 1995 745 1996
f 1392 1574 1389
f 1389 1574 2454
f 2846 1392 1389
f 1389 2454 2451
f 2457 1390 2458
f 1996 745 2401
f 2401 745 1388
f 2401 1388 2845
f 1388 2847 2845
f 1389 741 2846
f 2401 2845 2844
f 1385 2847 2846
f 1387 2776 2453
f 1386 2776 1387
f 2847 1385 2845
f 1385 2846 741
f 2844 1997 2401
f 2845 1385 1383
f 2452 740 1384
f 740 2840 1384
f 1997 2844 2843
f 1997 2843 312
f 2845 1383 1382
f 1385 739 1383
f 2845 1382 2841
f 2841 2843 2844
f 2845 2841 2844
f 2838 2843 2841
f 1381 1382 1383
f 2843 2839 2448
f 1382 1381 1375
f 1381 1383 1378
f 740 2449 2840
f 2843 2838 2839
f 1382 1375 2841
f 1383 739 1378
f 702 2840 2449
f 1378 739 1279
f 2838 2841 1376
f 1375 1381 737
f 1380 2842 308
f 702 2400 1377
f 2839 2445 2785
f 2445 2839 1376
f 2838 1376 2839
f 2841 1375 1376
f 737 1381 1378
f 702 1377 2840
f 1377 1379 2840
f 1376 1375 1374
f 1377 738 1379
f 1377 1272 738
f 2400 2735 1377
f 2445 1376 1374
f 1374 1375 2836
f 2446 2837 1378
f 2446 1378 1288
f 2735 1272 1377
f 1375 737 2836
f 1373 314 2107
f 2445 1374 2835
f 2445 2443 2790
f 1374 1372 2835
f 737 2833 2836
f 314 1373 313
f 2836 1372 1374
f 313 1373 2403
f 2835 2834 2445
f 1373 2107 2440
f 2834 2443 2445
f 2834 2835 1371
f 2835 1372 1371
f 2836 1370 1372
f 2837 2446 2442
f 2446 736 2442
f 2836 2833 1370
f 1373 2832 2403
f 1372 1369 1371
f 1372 1370 1369
f 1370 2833 2438
f 735 1290 315
f 735 2832 1365
f 1369 1370 1368
f 2834 1371 2831
f 1367 1373 2440
f 2440 2829 1367
f 1369 2831 1371
f 1373 1367 2832
f 2830 2831 1369
f 2830 1369 1363
f 1369 1368 1363
f 1365 733 735
f 2830 731 2831
f 2431 731 2830
f 1368 2434 1363
f 2430 733 1365
f 730 2430 1365
f 2832 730 1365
f 2831 1362 1364
f 1363 2431 2830
f 2432 733 729
f 733 2430 729
f 1364 1362 1361
f 731 2431 2828
f 1362 2831 731
f 2827 1998 2432
f 2432 729 2827
f 1359 1361 1358
f 1361 1362 1358
f 1360 1998 2827
f 2091 2828 2431
f 2425 1998 1360
f 2827 729 2826
f 2428 1358 1362
f 1360 2827 1356
f 2424 2828 2304
f 1359 1358 2427
f 2424 2428 2828
f 2826 1356 2827
f 433 2089 2423
f 2089 433 1357
f 2825 692 1277
f 1356 2422 1360
f 2825 1277 734
f 2825 1354 692
f 414 2089 1874
f 2826 723 1356
f 2825 2002 120
f 2002 2825 734
f 689 2424 2798
f 2424 689 2394
f 2825 120 1772
f 729 1355 723
f 2823 2421 2824
f 1984 1354 2825
f 208 2423 611
f 2087 2423 2089
f 2823 1353 721
f 1772 120 1773
f 1353 719 721
f 611 2423 412
f 690 1352 683
f 1353 1351 719
f 719 1351 1999
f 1302 2420 1350
f 2423 2087 412
f 683 1352 2820
f 1352 1348 2820
f 2821 2534 691
f 1302 1350 1351
f 1350 688 1999
f 1350 1999 1351
f 2393 2392 2389
f 2534 1347 2533
f 2821 1347 2534
f 1346 681 2391
f 688 1350 1305
f 2534 2533 1348
f 1347 2821 1349
f 1305 1350 1342
f 682 1347 1349
f 2531 2389 2392
f 2533 1347 852
f 2388 2391 681
f 1305 1342 2801
f 2533 1343 1348
f 2391 2819 1346
f 318 319 688
f 2533 852 1343
f 2391 1338 2819
f 2530 1343 852
f 1338 2391 2388
f 1864 825 1341
f 2816 680 1338
f 825 824 1341
f 1341 1339 1864
f 2388 1977 1338
f 1312 2815 686
f 2384 2095 418
f 2529 2419 2384
f 1340 2813 676
f 1339 1341 2385
f 2384 713 2095
f 716 2529 1337
f 1340 2816 2813
f 1312 675 1336
f 1312 1336 2815
f 1341 2814 2385
f 2416 1341 2804
f 677 716 1337
f 2385 712 854
f 2813 714 677
f 1338 1977 1975
f 2816 1338 1975
f 2814 712 2385
f 2416 2814 1341
f 2813 715 714
f 2813 1975 715
f 2816 1975 2813
f 1975 1977 1974
f 1975 1335 715
f 1334 1315 2807
f 715 1335 711
f 1783 674 300
f 2408 2869 1315
f 1332 672 1329
f 603 602 426
f 1424 755 604
f 672 1332 1331
f 1332 707 1331
f 707 1332 1490
f 1969 2098 2512
f 1331 707 1330
f 706 1322 2404
f 1331 1330 670
f 2407 2411 1470
f 1971 2406 2407
f 671 2138 845
f 2138 671 879
f 670 2541 879
f 845 842 317
f 2138 842 845
f 2138 879 2913
f 842 2524 317
f 2466 2006 2377
f 2006 2466 2134
f 427 2100 2084
f 2101 1327 2404
f 1328 1327 2916
f 2101 2404 1322
f 2099 2101 1322
f 2405 2100 2099
f 2810 1328 2409
f 2405 2099 1322
f 1326 1327 1328
f 1326 1328 2810
f 2405 2809 2100
f 2404 1327 1326
f 2404 1326 706
f 2810 2408 1326
f 2810 2409 2408
f 2409 1323 1325
f 706 1326 1320
f 2806 1321 2405
f 2809 2405 1321
f 1420 2410 1323
f 1334 1320 1326
f 1321 2806 2808
f 2806 2405 1319
f 2411 1321 2808
f 2405 1322 1319
f 1316 2808 2806
f 1322 429 1319
f 429 1322 710
f 1320 1317 1318
f 1317 1320 1334
f 2103 1319 429
f 1320 1318 1322
f 710 1322 1318
f 2802 1316 2806
f 1334 2807 1317
f 2412 2414 1315
f 2805 2903 2808
f 2103 2802 2806
f 1318 1317 1314
f 2414 2417 1315
f 1315 2417 2807
f 2903 2805 708
f 2413 708 2805
f 2805 2808 1316
f 1319 2103 2806
f 1318 1314 2814
f 2415 428 1308
f 1308 428 1313
f 710 2804 429
f 1317 2807 1314
f 2417 1314 2807
f 709 2415 1308
f 2805 1316 2802
f 2417 2814 1314
f 2386 709 1308
f 2803 2805 2802
f 2103 429 419
f 1309 1308 1313
f 714 2413 2805
f 713 2802 2103
f 2103 419 713
f 2805 2803 714
f 2801 1309 1313
f 1310 2463 1311
f 2803 716 714
f 2802 713 2419
f 2802 2419 2803
f 608 609 717
f 201 717 609
f 606 1307 2800
f 1310 2468 2463
f 2418 608 717
f 2800 1307 201
f 201 1307 203
f 2418 319 318
f 2418 717 319
f 606 2799 1307
f 2799 606 1311
f 2799 1311 2463
f 753 2463 2468
f 2799 2463 1303
f 1303 2463 753
f 1301 1307 2799
f 415 1355 1304
f 1355 415 2300
f 1301 2302 1307
f 1301 2799 1299
f 2301 2302 719
f 2302 721 719
f 2799 1303 1299
f 1299 1303 753
f 2426 721 2302
f 1304 1355 1986
f 1301 2426 2302
f 753 2001 1299
f 1297 2426 1301
f 1299 1297 1301
f 2000 2001 753
f 721 2422 2823
f 434 1875 2090
f 434 2797 1875
f 316 1877 2303
f 2426 2422 721
f 1299 2001 1297
f 434 728 2797
f 2426 1297 2425
f 2797 727 1298
f 724 2796 1986
f 2091 2431 2434
f 2425 1297 2795
f 1297 2001 2795
f 1877 2796 1367
f 316 2796 1877
f 724 729 2430
f 433 2434 2435
f 2434 433 432
f 2796 724 730
f 1874 211 1876
f 724 2430 730
f 430 1876 2793
f 728 2433 2797
f 2797 1295 727
f 1295 2797 2433
f 1367 2796 730
f 2001 2465 2795
f 1368 2435 2434
f 430 2793 1296
f 2792 431 1296
f 2435 1368 2437
f 2437 1368 2438
f 1293 1295 2433
f 2375 2795 2465
f 2792 2104 431
f 211 2793 1876
f 211 2794 736
f 211 736 2793
f 2795 1294 2425
f 2375 1294 2795
f 2375 2465 1559
f 1296 2793 2789
f 736 2794 2442
f 2791 2104 2792
f 2792 1296 2789
f 1294 2375 2370
f 2442 2794 2833
f 2436 1998 1291
f 2447 2793 736
f 1291 1998 2425
f 2425 1294 1291
f 436 2439 1292
f 2447 2789 2793
f 2374 1294 2370
f 2439 2790 1292
f 2436 1291 1290
f 1291 1294 2374
f 2789 2791 2792
f 2106 435 2791
f 2788 2791 2789
f 1290 1291 2372
f 2789 2447 2787
f 2403 2832 735
f 2106 2910 435
f 2788 2789 2787
f 1290 1289 315
f 668 2372 1291
f 2788 2106 2791
f 2790 2439 2402
f 2371 2403 735
f 2372 1289 1290
f 2787 2447 1282
f 1288 2447 2446
f 1282 2447 1288
f 2439 704 2402
f 754 2002 2003
f 2788 1283 2106
f 1289 2372 315
f 2788 2787 2784
f 1282 1288 1279
f 2403 2371 1285
f 2003 1287 754
f 1280 2787 1282
f 1281 2464 1286
f 1286 1287 1281
f 754 1287 1286
f 1285 313 2403
f 1283 1284 2106
f 2788 2784 1283
f 2368 2402 703
f 2402 2368 2785
f 1285 2371 2369
f 1281 1287 1278
f 1278 1287 322
f 1278 322 1366
f 1478 2781 2780
f 1279 1280 1282
f 1285 2369 2365
f 1280 1279 742
f 2839 2785 2448
f 2785 2368 2448
f 661 1281 2783
f 2787 1280 2784
f 665 667 1223
f 1284 2778 2781
f 2778 1284 1283
f 2783 1281 1278
f 2783 660 661
f 2784 2778 1283
f 2783 1278 2779
f 2781 1271 2780
f 2366 1398 1227
f 1387 742 1279
f 2368 664 2364
f 667 662 1276
f 2368 2364 2448
f 1276 662 658
f 667 665 662
f 660 2783 1272
f 660 1272 1274
f 2783 738 1272
f 1274 2782 660
f 2782 1274 1275
f 1280 1268 2784
f 1366 2441 2779
f 1989 1990 2363
f 2363 1990 659
f 2781 2778 1271
f 738 2783 2779
f 1268 2778 2784
f 312 2448 2364
f 2779 2441 616
f 2444 656 2966
f 2363 2444 1989
f 1270 1280 742
f 616 1273 2777
f 615 1991 1269
f 2773 2778 1268
f 1270 1268 1280
f 738 2779 616
f 1270 742 2453
f 1273 1269 2777
f 657 2775 2364
f 616 1265 1379
f 2774 1271 2778
f 2775 657 653
f 1265 616 2777
f 2773 1268 1259
f 1263 1268 1270
f 308 1269 1991
f 1266 1271 2774
f 2772 1270 2453
f 2451 2776 1386
f 2777 1269 308
f 2769 2774 2778
f 1270 2772 1263
f 2778 2773 2769
f 1268 1263 1259
f 743 2776 2451
f 1259 1262 2773
f 2451 2454 743
f 1992 2777 308
f 2777 1992 1265
f 2770 1266 2774
f 1996 1997 2771
f 1264 2771 1997
f 2772 2453 746
f 1262 2769 2773
f 2772 2767 1263
f 2771 1264 1261
f 2772 746 2767
f 1996 2771 2768
f 1379 1260 2840
f 2771 1261 2344
f 1260 1379 1265
f 1263 2767 2765
f 2769 1262 2766
f 1259 2766 1262
f 1263 1256 1259
f 2358 2353 2346
f 2346 2353 2354
f 2354 2352 2348
f 2774 1257 2770
f 2769 1257 2774
f 2769 2766 1257
f 2765 1256 1263
f 1265 2450 1260
f 2771 2344 701
f 1993 1255 646
f 746 2765 2767
f 701 2768 2771
f 652 2344 1261
f 1253 1259 1256
f 2449 635 1255
f 2449 1255 1993
f 1253 2766 1259
f 746 748 1252
f 2342 701 2344
f 648 652 2351
f 2764 1256 2765
f 1994 2768 649
f 1564 1384 1260
f 2450 1564 1260
f 2766 1249 1257
f 635 2449 1251
f 1256 2764 1246
f 1253 1242 2766
f 2764 2765 1252
f 1252 2765 746
f 1574 645 1391
f 1251 740 2452
f 1384 1564 2452
f 2764 2339 1250
f 2764 1252 2339
f 1994 649 1247
f 1256 2761 1253
f 1246 2764 1250
f 748 2339 1252
f 2339 748 2332
f 2766 1242 1249
f 1574 2345 645
f 1247 2760 1994
f 1248 2763 2337
f 1248 2762 2763
f 1564 2730 634
f 1246 2761 1256
f 2341 633 2458
f 2452 1564 634
f 1603 1257 1249
f 2761 1242 1253
f 2330 2338 2758
f 2338 2337 2758
f 2452 1245 1251
f 1250 2331 631
f 1250 2339 2331
f 2458 633 629
f 2761 1246 628
f 637 311 2760
f 2337 2763 2756
f 1245 626 1251
f 1245 2452 634
f 1603 1249 2710
f 1249 1242 2710
f 1241 2758 2337
f 1241 2337 2756
f 2757 2759 1243
f 2759 2456 1243
f 1243 2456 747
f 1236 1242 2761
f 628 1236 2761
f 1244 2330 2758
f 1241 2811 2758
f 2459 2949 2757
f 1244 2326 2330
f 1244 2758 2811
f 2949 2753 2755
f 2753 2949 1237
f 2459 2757 1243
f 2457 2458 749
f 2316 1245 634
f 2756 2754 1241
f 2750 2754 1538
f 1235 2753 1238
f 2753 1237 1238
f 2949 2459 1237
f 1244 1240 1234
f 1239 1235 2751
f 1238 2749 1235
f 2723 2458 2323
f 1242 1236 2710
f 1244 1234 2326
f 2316 634 2317
f 2947 1538 1239
f 2751 2748 1239
f 2751 1235 1233
f 1233 1235 2749
f 1233 2748 2751
f 2316 2317 2314
f 1239 2748 2947
f 1234 1553 599
f 1233 2746 2747
f 2322 2746 2321
f 2747 2746 2320
f 2322 2320 2746
f 619 2744 1232
f 619 2745 2744
f 2312 1231 2461
f 1231 2312 1232
f 2745 2310 2744
f 1231 2462 2461
f 1231 1232 1230
f 1229 2462 1231
f 1231 1230 1229
f 1230 2744 1228
f 2107 314 704
f 2742 2370 2373
f 2742 2373 1226
f 2370 2742 668
f 2743 668 2741
f 2741 668 2742
f 668 2743 2372
f 1225 2742 1226
f 2741 2742 1225
f 1224 2741 1225
f 1223 2743 2741
f 1224 2366 2741
f 2366 1224 2786
f 1223 2741 2366
f 1224 1222 2786
f 1225 1561 1224
f 1221 2365 658
f 2786 1222 1397
f 1224 1561 1222
f 2444 2363 656
f 2358 1221 658
f 1222 1561 666
f 1220 1219 656
f 661 666 1281
f 663 2362 1217
f 660 1222 666
f 1218 1219 2737
f 1222 660 2782
f 601 1219 1220
f 2738 2362 2359
f 2739 1218 2737
f 2737 1219 601
f 2360 2740 665
f 2740 2360 2734
f 2357 2740 2734
f 2362 2738 1217
f 2356 1216 2740
f 654 2355 653
f 2356 2740 2357
f 2734 2360 1214
f 1214 1217 2738
f 2732 2738 2359
f 2964 2739 1215
f 2739 2737 1215
f 1217 1214 2360
f 2729 1215 2737
f 2359 2736 2732
f 1274 1272 2735
f 1214 2738 1212
f 1275 1274 2736
f 1274 2733 2736
f 2297 2737 601
f 2736 2733 2732
f 1214 1212 1208
f 2738 2732 2349
f 2729 2724 1215
f 1214 1208 2734
f 2731 1215 1211
f 2724 2729 1202
f 2732 2347 2349
f 1211 1215 2724
f 2729 2737 2297
f 2738 2349 1212
f 1213 2731 2725
f 1213 2725 2730
f 1209 1210 2726
f 639 2343 2727
f 2349 646 1212
f 1209 2726 1207
f 2727 1206 1205
f 2726 1210 1540
f 2731 1211 1200
f 2729 2297 2718
f 1208 1212 1204
f 1212 646 1204
f 1211 2724 1201
f 1205 639 2727
f 644 1541 2334
f 1540 1203 2726
f 2725 2731 1200
f 1208 1204 643
f 1572 2297 1129
f 2335 2328 1199
f 2328 2335 641
f 2718 2297 1572
f 2334 1542 2757
f 1200 1211 1201
f 1202 1201 2724
f 2317 2725 1200
f 635 1254 1255
f 2729 2718 1202
f 2332 630 627
f 630 2332 645
f 2327 2722 2720
f 1199 2717 637
f 638 1188 2315
f 2290 1196 1201
f 1201 1202 2290
f 2717 1199 1195
f 2721 1199 2328
f 2721 2328 1197
f 2697 2329 632
f 2317 1200 2295
f 2295 1200 2294
f 620 2327 2720
f 2697 632 2714
f 1196 2294 1201
f 630 624 627
f 620 623 2327
f 2721 1195 1199
f 1194 2325 2716
f 2325 2319 2716
f 2324 626 2319
f 1188 2717 1191
f 2720 1190 620
f 600 2718 1572
f 624 1193 627
f 1197 1189 2721
f 1189 1197 599
f 2319 626 618
f 2292 1572 1129
f 627 1193 1192
f 1195 1191 2717
f 1195 2721 1187
f 1189 1187 2721
f 620 1190 2715
f 1185 627 1192
f 627 1185 625
f 2715 2310 620
f 632 2287 2714
f 632 1194 2287
f 1188 2709 2713
f 1181 2319 618
f 1180 2318 1185
f 1191 2709 1188
f 1191 1187 2709
f 1195 1187 1191
f 2310 2715 1558
f 2311 1181 618
f 1562 2314 2687
f 2716 2319 2284
f 1185 1192 2711
f 2313 2713 1183
f 2311 618 1562
f 2318 2712 621
f 2315 2313 1183
f 1187 1189 1179
f 2319 1181 2284
f 1180 1185 2711
f 2315 1183 1193
f 2713 1184 1183
f 1180 2712 2318
f 1189 1159 1179
f 1182 2714 2287
f 2711 1192 1193
f 1184 2713 617
f 2282 1182 2287
f 2712 1177 621
f 617 2713 1174
f 1174 2713 2709
f 2709 1187 1179
f 1159 2702 2705
f 2710 1171 3000
f 2711 1193 1178
f 1193 1183 1178
f 1177 1236 621
f 2708 2712 1180
f 1183 1162 1178
f 1174 597 617
f 2705 1179 1159
f 1173 1159 1157
f 1176 1181 2311
f 1534 2281 1172
f 598 2284 1181
f 1180 2711 2708
f 1178 1162 1161
f 2706 2709 1179
f 1159 1173 2702
f 1236 1177 1171
f 2708 2707 1177
f 2708 1177 2712
f 2711 593 2703
f 2709 2706 1174
f 2703 2708 2711
f 1178 593 2711
f 1179 2705 1170
f 593 1178 2278
f 2285 1172 1175
f 591 593 2278
f 2707 1169 1177
f 2704 2708 2703
f 2703 593 591
f 1174 2706 592
f 1175 1172 2280
f 1177 1169 1171
f 1179 1170 2706
f 2705 2702 1170
f 2702 1173 1168
f 1170 1165 2706
f 1167 1172 584
f 1164 1170 2702
f 1173 594 1168
f 584 1172 590
f 1171 1166 3000
f 1166 1171 1169
f 2707 579 1169
f 1165 1170 580
f 1167 2280 1172
f 2277 2704 2703
f 587 1164 2702
f 1168 594 585
f 594 2276 585
f 1168 587 2702
f 1170 1164 580
f 2701 584 582
f 584 2701 1167
f 2277 2268 2270
f 580 2267 1165
f 1166 1606 3000
f 1166 2258 570
f 583 2701 582
f 578 2274 2700
f 575 580 1164
f 2272 583 582
f 570 1606 1166
f 575 581 580
f 2274 2269 2700
f 2252 2271 2262
f 3002 1606 570
f 3002 570 1149
f 2700 2269 2254
f 2699 3002 1149
f 2246 279 278
f 1163 2246 278
f 1957 1163 278
f 525 1938 1935
f 1161 2278 1178
f 591 2277 2703
f 2277 591 578
f 1160 1161 1162
f 617 1160 1162
f 1156 617 597
f 617 1156 1160
f 573 2259 2270
f 2698 2268 578
f 578 2273 2698
f 1067 599 1068
f 597 592 1156
f 599 1067 1159
f 2698 2255 2268
f 2257 2259 1153
f 1067 2648 1157
f 1157 2648 1154
f 1156 1152 1158
f 1160 1156 1158
f 2263 2698 2273
f 1208 1155 2734
f 2256 572 2259
f 2255 2698 2263
f 2263 2273 2700
f 1157 1154 1173
f 1151 2293 2728
f 1156 592 577
f 592 2275 577
f 1151 1155 2293
f 1150 1153 1146
f 1152 1156 1148
f 2260 2259 572
f 1533 1173 1154
f 2263 571 2255
f 1156 577 1148
f 2234 1534 2236
f 2258 1150 1149
f 594 1173 1533
f 572 2256 2690
f 1150 1146 1143
f 1145 572 2690
f 2233 2696 1059
f 2233 1147 2696
f 1150 2693 1149
f 594 1533 1175
f 1172 2285 1534
f 2696 1147 2695
f 572 1145 2260
f 2695 1147 2714
f 2693 2699 1149
f 2690 2256 1144
f 1148 2694 2269
f 1153 2260 1146
f 1175 2280 594
f 571 2251 1144
f 2693 1150 1143
f 1140 1145 2690
f 2694 1148 2266
f 2694 1142 2269
f 2267 581 1141
f 2692 587 1168
f 2694 569 2247
f 2694 2266 569
f 585 2692 1168
f 1143 1139 1132
f 2260 1143 1146
f 2691 2260 1145
f 1142 2694 2248
f 1141 581 2265
f 1143 1132 2693
f 1138 2266 1141
f 2266 1138 569
f 585 2264 2692
f 1126 2699 2693
f 1139 1143 2260
f 2276 2264 585
f 2276 588 583
f 2690 1144 2250
f 1220 655 601
f 2260 2691 1139
f 2688 1145 1140
f 2249 1142 2248
f 2276 2689 2264
f 583 2689 2276
f 1145 2688 2691
f 2684 1140 2690
f 568 569 1138
f 2265 1138 1141
f 2265 2686 1138
f 1126 2693 1132
f 2248 2232 1134
f 568 1138 1966
f 2686 1133 1138
f 1137 2288 1967
f 655 1135 601
f 1139 2691 1131
f 1138 279 1966
f 2272 2689 583
f 1137 1967 2286
f 2688 1140 2684
f 2686 2264 2682
f 2264 2689 2682
f 601 1135 2297
f 1131 2691 2688
f 2684 2690 2250
f 1136 2249 2248
f 2685 2687 2295
f 2295 1127 2685
f 2294 2291 1127
f 1136 1117 2249
f 2689 1123 2682
f 2689 2272 1123
f 2685 1562 2687
f 1139 1131 1132
f 1963 1133 2686
f 2684 2250 281
f 2286 1125 1137
f 1562 2685 2283
f 1129 2297 1135
f 1130 2699 1126
f 2248 1134 1136
f 2688 2684 272
f 1117 281 2250
f 1129 1135 1121
f 1131 2688 277
f 1127 2291 1965
f 1196 2290 2291
f 1132 2679 1126
f 2684 281 272
f 567 1134 2232
f 2682 1963 2686
f 2678 1123 2272
f 2681 2678 2272
f 2683 1114 2681
f 2680 584 1128
f 595 2677 1122
f 1120 1135 655
f 2683 2674 1114
f 2683 584 2680
f 595 1122 1128
f 2685 1127 1115
f 1132 1131 1124
f 2291 2290 2289
f 1120 1121 1135
f 2679 1132 1124
f 2688 2676 277
f 1136 1964 1117
f 1114 2678 2681
f 2675 1130 1126
f 277 1124 1131
f 1133 1963 278
f 2682 1123 270
f 2680 1128 1122
f 1965 2291 273
f 1126 2679 552
f 2676 2688 272
f 2672 1121 1120
f 2680 2674 2683
f 273 2291 2289
f 552 2675 1126
f 268 2676 272
f 276 1963 2682
f 1116 1117 1964
f 2677 1119 2671
f 2673 1115 1127
f 1116 1964 2245
f 1123 2678 270
f 274 1115 2242
f 1962 2679 1124
f 1117 1116 1960
f 1118 589 1111
f 1965 2673 1127
f 1965 273 556
f 552 2679 1962
f 1112 2680 1122
f 2671 1122 2677
f 1122 2671 1108
f 1119 1111 576
f 273 2289 2230
f 1109 2678 1114
f 556 2673 1965
f 1114 2674 1113
f 2673 1958 1115
f 2231 2673 556
f 556 273 2230
f 1129 1121 2666
f 2675 2670 2996
f 1113 1109 1114
f 2669 2674 2680
f 2289 600 2230
f 1122 1108 1112
f 2671 1119 576
f 600 2228 2230
f 2666 1121 2672
f 1108 2671 2261
f 2669 2680 1112
f 2666 2672 2667
f 2678 1109 270
f 270 1109 266
f 2674 2669 1113
f 1112 2253 2669
f 275 565 1957
f 1113 2225 1109
f 2261 2671 576
f 2672 2296 2667
f 268 1107 2676
f 1113 2669 2225
f 1111 589 2664
f 2228 2668 2227
f 269 1110 1959
f 2292 2666 1565
f 2227 2668 1104
f 2667 2296 1566
f 266 1109 1954
f 1104 2668 1106
f 1571 1106 2668
f 2666 2667 1566
f 1949 1957 565
f 1109 2225 265
f 1108 2253 1112
f 1110 2664 589
f 561 2664 269
f 2664 1110 269
f 1566 2296 1568
f 2669 2253 1099
f 1106 2665 1105
f 2665 1106 1571
f 1956 1057 1103
f 1954 1109 265
f 2225 2669 1099
f 2261 2252 559
f 1105 2665 1570
f 1957 1949 264
f 1097 1570 2663
f 1103 1057 2662
f 1106 1100 1104
f 1101 2262 2664
f 1567 2661 1097
f 549 1101 2664
f 1106 1105 1100
f 1102 1570 1097
f 559 2252 1101
f 1102 1105 1570
f 1101 1948 559
f 2219 1100 1095
f 2213 1948 1943
f 1948 1101 1943
f 1101 549 1943
f 1102 1098 1105
f 548 1099 2217
f 1105 1098 1100
f 2660 2661 1569
f 2660 1569 1096
f 1095 1100 1098
f 2660 2659 2661
f 2659 1097 2661
f 1947 1094 1942
f 2219 1095 2207
f 1090 1098 1102
f 1091 2660 1096
f 1098 1093 1095
f 1097 2659 1102
f 547 2215 1947
f 1090 1102 2659
f 2660 1091 2659
f 2212 1050 546
f 1950 2220 541
f 1095 1093 2207
f 2211 558 540
f 2212 546 542
f 543 2208 1092
f 1089 2659 1091
f 1091 1096 1088
f 2208 2658 1092
f 1087 1093 1080
f 1080 1098 1090
f 2211 2202 2206
f 2211 1941 2202
f 1941 2211 540
f 1093 2657 2207
f 1080 1093 1098
f 1082 1090 1086
f 2659 1089 1086
f 1941 2201 2202
f 2657 1093 1087
f 1086 1090 2659
f 2658 2208 1084
f 2208 543 536
f 538 2640 1085
f 2640 2209 1085
f 2656 1089 1091
f 2200 1937 2198
f 1080 2655 1087
f 1089 1079 1086
f 2198 1937 2199
f 2208 536 2196
f 1084 2208 2196
f 537 1083 2653
f 533 1084 2196
f 1082 1080 1090
f 1086 1079 1082
f 2656 1091 1088
f 1081 2203 2199
f 2183 2657 1087
f 2183 1087 2655
f 2656 1079 1089
f 1085 1938 538
f 537 2654 539
f 537 2653 1076
f 2209 2187 1085
f 2187 2209 2654
f 2653 1083 1081
f 1082 1079 1078
f 1076 2654 537
f 1082 1078 1080
f 982 2655 1080
f 1078 982 1080
f 1081 2199 1077
f 2196 1936 533
f 2196 1075 1936
f 536 1075 2196
f 2182 1078 1079
f 1079 2656 1088
f 524 1081 1077
f 2199 524 1077
f 2653 522 1076
f 2182 1079 1088
f 530 2192 520
f 536 2179 1075
f 1074 1618 1073
f 1073 1618 2651
f 2650 1074 1073
f 1556 1070 1073
f 2961 1069 1072
f 2961 1066 1069
f 1066 1557 1186
f 1557 1066 2961
f 1072 1065 1070
f 1071 2650 2649
f 1073 2649 2650
f 2649 1073 1070
f 1072 1069 1065
f 1064 2649 1070
f 1069 1066 2646
f 2649 2648 1067
f 1070 1065 2235
f 1064 1070 2235
f 1069 2647 1065
f 2647 1069 2646
f 2649 1064 2648
f 2647 2646 2645
f 2648 1532 1154
f 1065 2647 2235
f 1064 2235 2237
f 2647 2645 1062
f 1063 2645 2646
f 1062 2645 1061
f 1063 2644 2645
f 1060 2644 1063
f 2645 2644 1061
f 2644 2946 1061
f 1060 1548 2643
f 2946 2644 1059
f 2644 1060 2643
f 1059 2644 2643
f 1058 2245 2244
f 1058 2244 2241
f 2245 1058 1057
f 2241 564 1058
f 1058 1056 1057
f 563 562 1163
f 2231 553 554
f 1056 1058 564
f 1056 564 1055
f 554 551 2231
f 1053 554 553
f 1052 263 551
f 551 2642 1052
f 2642 551 554
f 554 1053 2642
f 1961 271 2641
f 271 2224 2641
f 1056 1055 262
f 1051 1053 553
f 553 2227 1104
f 553 1048 1051
f 1048 553 1104
f 2641 2224 1040
f 1949 2222 1094
f 2642 1047 1052
f 557 561 2239
f 552 550 2670
f 1945 1950 541
f 1949 1094 1947
f 2640 2223 262
f 1055 2640 262
f 561 557 1042
f 1046 1045 1054
f 2662 2223 2639
f 2640 1055 1050
f 1050 1945 2218
f 1049 1044 1046
f 1049 2639 1044
f 2223 2640 538
f 557 1092 1042
f 1092 557 260
f 1040 2224 2638
f 2210 2639 2223
f 1050 2218 546
f 538 2210 2223
f 1945 541 2218
f 1047 2636 260
f 2642 1043 1047
f 1053 1051 1043
f 1053 1043 2642
f 2219 1048 1104
f 550 2632 1039
f 2632 550 2641
f 1046 1044 1045
f 1044 2639 2634
f 2639 2210 2634
f 2635 1051 1048
f 1038 1048 2219
f 550 2631 2670
f 1044 2634 2637
f 2218 541 542
f 1043 1041 1047
f 1051 1041 1043
f 1045 2638 2224
f 1044 2637 2633
f 2635 1048 1038
f 1033 2641 1040
f 2633 1045 1044
f 1047 1041 2636
f 2214 2238 558
f 1943 545 526
f 2634 2210 538
f 539 542 537
f 542 541 537
f 1942 2630 2200
f 2658 545 1042
f 545 2658 2205
f 2641 1033 2632
f 1045 1036 2638
f 2198 547 1942
f 2200 2198 1942
f 2628 1045 2633
f 547 2198 2203
f 2636 1041 1021
f 1051 2635 1037
f 1039 2631 550
f 2638 2626 1040
f 2628 2625 1036
f 2628 1036 1045
f 2211 2214 558
f 2213 1943 540
f 540 1943 526
f 1036 2626 2638
f 2634 2633 2637
f 544 2629 2630
f 1041 1051 1037
f 1035 2633 2634
f 2634 538 2204
f 2216 2629 544
f 1083 537 541
f 2658 1084 2205
f 543 2636 532
f 1040 2626 1033
f 2633 1035 2628
f 2630 2629 1034
f 258 2205 1940
f 1037 1021 1041
f 2631 1039 2632
f 2200 2630 1034
f 1030 2629 2216
f 2627 1030 2216
f 2211 2627 2217
f 2636 1032 532
f 1037 2635 2624
f 2635 1038 2624
f 2207 1038 2219
f 1035 2634 2204
f 1030 1031 2629
f 1020 2631 2632
f 2632 1033 1016
f 1034 2622 2200
f 1034 2629 1031
f 1940 2205 2197
f 2636 1021 1032
f 2625 2626 1036
f 1020 1029 2631
f 2204 525 1035
f 2206 2627 2211
f 1021 1037 1024
f 1037 2624 1024
f 2207 2624 1038
f 2627 2206 1030
f 1940 2197 1939
f 2197 2205 533
f 1032 1021 2619
f 2628 1023 2625
f 1035 525 2628
f 2628 525 1023
f 2204 1938 525
f 1030 1026 1031
f 1031 1026 1034
f 1022 2201 535
f 1939 2197 1028
f 1024 2624 1027
f 2626 2625 1019
f 1030 2206 1026
f 1032 2618 532
f 1021 2620 2619
f 534 2624 2207
f 534 2207 2657
f 1033 2626 2621
f 1025 535 1028
f 2618 1032 2619
f 2624 534 1027
f 2191 1033 2621
f 2206 1018 1026
f 1017 2623 1029
f 1020 1017 1029
f 1026 529 2622
f 1034 1026 2622
f 2197 530 1028
f 2191 1016 1033
f 1019 2625 1023
f 1022 2193 2206
f 535 2195 1022
f 1019 2188 2626
f 1026 1018 531
f 1024 2620 1021
f 2623 1017 1590
f 1016 1020 2632
f 1018 2206 2193
f 2193 1022 2195
f 1025 2194 535
f 535 2194 2195
f 1028 2189 1025
f 1028 530 2189
f 2618 2179 532
f 2621 2626 2188
f 2618 2619 2615
f 2620 1024 1027
f 1027 534 2617
f 1026 531 529
f 1020 1016 1017
f 2615 2619 2613
f 2619 2620 2613
f 2621 1932 2191
f 2193 1927 1018
f 2617 534 2183
f 256 2189 520
f 2189 530 520
f 509 1019 2178
f 1027 1014 2620
f 1014 1027 2616
f 519 1935 523
f 529 531 1934
f 2618 2615 2179
f 2617 2616 1027
f 1015 529 2614
f 2190 1016 2191
f 2178 1019 1023
f 529 1934 2614
f 2188 1932 2621
f 2620 1014 2613
f 1016 2612 1017
f 2188 509 1932
f 1015 2614 1013
f 1927 1928 1018
f 2617 2181 2616
f 1590 1017 2612
f 1015 1013 1929
f 2615 2613 2610
f 2614 1934 1013
f 1934 528 1013
f 2612 1016 2190
f 2179 2610 1012
f 1014 1010 2613
f 2610 2179 2615
f 1014 2616 1010
f 1008 2616 2181
f 2610 2613 2611
f 1010 2611 2613
f 1010 2616 1008
f 1009 2181 1011
f 2181 1009 1008
f 1012 2610 527
f 2607 1010 1008
f 1590 2612 2968
f 2609 2190 504
f 2607 1008 1009
f 527 2610 2608
f 2608 2610 2611
f 2611 1010 2607
f 2190 2609 2612
f 2607 2608 2611
f 2609 504 502
f 527 2608 2605
f 2608 2607 2175
f 2607 1009 2606
f 2175 2605 2608
f 2607 2606 2175
f 483 2606 1009
f 2605 2175 500
f 2609 502 499
f 2605 2577 2169
f 2605 500 2577
f 2577 815 2169
f 492 1007 489
f 489 1007 490
f 2572 2601 967
f 2603 2601 2572
f 2601 2602 967
f 2603 1005 2601
f 2598 2602 2601
f 2600 2599 1004
f 2602 2598 2597
f 2601 1005 2598
f 2598 1005 1003
f 2599 2597 1004
f 2597 2599 2602
f 2600 1004 2596
f 1004 2595 2596
f 2598 1003 2597
f 2597 1000 1004
f 2593 2597 1003
f 2595 1004 1001
f 1002 2595 1001
f 1001 998 1002
f 1004 1000 1001
f 2597 2590 1000
f 2597 2593 2590
f 1002 998 2930
f 1001 1000 998
f 999 2594 996
f 2592 996 2594
f 2930 998 2592
f 2588 1000 2590
f 998 996 2592
f 993 998 1000
f 1000 2588 993
f 995 2571 999
f 999 2589 995
f 996 2589 999
f 998 2591 996
f 2589 996 2591
f 2591 998 993
f 2588 2590 2925
f 2590 994 2925
f 993 2587 2591
f 993 2588 2925
f 2591 2587 2589
f 995 2589 992
f 2589 2587 992
f 992 2586 995
f 992 2585 1526
f 991 2187 2654
f 991 2654 2186
f 2187 991 990
f 522 2653 524
f 2180 2187 990
f 990 991 2186
f 989 990 2186
f 2180 990 523
f 524 2184 522
f 1075 513 1936
f 522 2184 989
f 513 2583 1936
f 990 988 523
f 2583 513 510
f 989 987 990
f 987 989 1930
f 2176 2584 2184
f 987 988 990
f 986 2583 1924
f 988 987 514
f 521 518 512
f 2176 516 2582
f 1924 2583 510
f 985 2584 2582
f 2582 2584 2176
f 517 252 516
f 1924 510 253
f 507 983 517
f 2177 511 1920
f 2581 2182 1088
f 514 981 988
f 2582 516 252
f 2182 2581 818
f 985 1921 2584
f 2582 252 251
f 1920 983 528
f 508 2580 1931
f 988 2579 255
f 249 985 2582
f 250 983 1920
f 2505 984 818
f 988 981 2579
f 251 249 2582
f 982 1844 485
f 1844 982 984
f 984 2505 1844
f 2580 508 506
f 983 250 247
f 247 496 983
f 504 2190 980
f 1922 1931 2580
f 505 2578 1932
f 484 515 485
f 506 255 2579
f 2579 981 2170
f 979 2168 439
f 515 484 1011
f 2565 484 485
f 1922 2580 244
f 1011 484 946
f 1917 2578 505
f 985 249 1918
f 1011 946 2160
f 244 1917 1922
f 2580 978 244
f 985 1918 2167
f 985 2167 1921
f 1011 483 1009
f 483 1011 2160
f 2148 506 2579
f 980 2578 501
f 506 978 2580
f 483 2160 2159
f 2578 1917 501
f 506 245 978
f 506 2148 245
f 188 382 183
f 2155 976 480
f 1759 401 383
f 975 2155 383
f 401 975 383
f 2155 975 976
f 183 382 186
f 978 245 973
f 973 245 2166
f 382 2080 186
f 978 973 244
f 501 1914 974
f 2577 1915 972
f 1914 240 1905
f 1915 1789 1837
f 402 2082 401
f 915 186 389
f 186 915 804
f 915 1435 804
f 1843 817 971
f 1484 817 1843
f 2497 915 389
f 2495 487 2496
f 817 1484 487
f 2495 2496 1483
f 817 487 2495
f 398 971 817
f 1835 348 802
f 2077 2507 2078
f 2077 970 399
f 969 2576 2506
f 187 2576 969
f 968 952 2575
f 2575 1501 968
f 968 2574 952
f 956 2573 1501
f 2574 968 967
f 968 1501 967
f 2486 2573 956
f 1836 1694 2042
f 1501 2573 967
f 1509 2573 2163
f 2573 2572 967
f 1509 2572 2573
f 486 966 381
f 381 966 997
f 2152 1913 977
f 517 983 496
f 378 2066 758
f 964 77 963
f 960 806 2060
f 2066 805 758
f 961 2066 964
f 963 961 964
f 961 805 2066
f 960 962 806
f 1814 783 332
f 961 963 2570
f 961 2570 959
f 1814 332 958
f 960 2060 2568
f 2569 804 962
f 2570 2163 959
f 2060 1814 2568
f 2163 2570 1509
f 2569 962 2568
f 962 960 2568
f 331 958 332
f 2163 1812 959
f 958 331 957
f 1814 953 2568
f 2163 2573 2486
f 2486 1812 2163
f 958 953 1814
f 2569 1740 183
f 955 2568 953
f 2569 2568 1740
f 954 331 2044
f 958 951 953
f 958 957 951
f 957 331 954
f 2484 956 2575
f 2568 955 1740
f 957 954 2043
f 955 953 2162
f 954 2044 2043
f 955 2565 1740
f 2565 1844 1740
f 957 2043 951
f 955 484 2565
f 484 955 2162
f 2161 1790 785
f 2043 2044 1789
f 2567 949 947
f 486 1903 2566
f 953 951 2159
f 2566 1903 948
f 785 2483 2161
f 951 944 2159
f 944 951 2043
f 1789 1915 2043
f 950 2566 2147
f 948 2147 2566
f 2159 2162 953
f 2157 944 2043
f 13 98 92
f 947 945 943
f 949 945 947
f 2158 950 2147
f 2043 1915 2157
f 2161 2483 2075
f 943 941 942
f 945 950 816
f 816 950 2158
f 941 940 942
f 941 943 945
f 816 941 945
f 2158 70 2074
f 941 816 937
f 941 938 940
f 938 941 937
f 2074 937 816
f 92 1765 1738
f 937 2564 938
f 2561 1738 1765
f 937 936 2564
f 388 70 1729
f 2562 1631 11
f 1765 939 2561
f 937 2074 936
f 936 2074 2040
f 935 938 933
f 936 2040 932
f 2562 11 930
f 1629 2562 930
f 1761 11 1760
f 11 1761 930
f 2563 934 2564
f 2563 2564 936
f 938 934 933
f 934 938 2564
f 928 2563 936
f 932 928 936
f 1729 352 388
f 2156 388 352
f 2561 927 1738
f 2040 1907 932
f 933 934 2560
f 929 2561 939
f 934 2563 2560
f 1907 928 932
f 815 101 2168
f 2561 228 927
f 975 333 976
f 2563 928 926
f 802 2042 1483
f 929 228 2561
f 2042 969 1483
f 930 399 931
f 2560 2563 926
f 2156 350 1907
f 1761 1442 930
f 481 933 2560
f 928 2559 926
f 928 1907 2559
f 926 481 2560
f 481 926 925
f 2559 1907 350
f 228 1759 927
f 1442 478 965
f 925 926 924
f 2559 924 926
f 924 2559 922
f 923 927 1759
f 479 481 925
f 479 925 924
f 2559 238 922
f 1923 99 923
f 393 392 398
f 970 392 393
f 1759 2081 2174
f 924 922 2558
f 2152 922 238
f 922 2152 2153
f 2558 246 924
f 922 2153 2558
f 2078 2079 227
f 497 400 1925
f 2558 2153 921
f 398 2149 2164
f 2149 398 2151
f 2153 2152 921
f 2165 243 1910
f 2078 227 391
f 921 2152 495
f 2152 977 495
f 488 243 2165
f 2149 2151 477
f 391 227 390
f 2164 1906 236
f 242 491 493
f 977 1913 493
f 496 977 920
f 977 493 2171
f 977 2171 920
f 1918 488 2557
f 488 1918 491
f 496 920 2173
f 2557 1007 2170
f 2167 2557 2170
f 2166 1916 489
f 1007 492 494
f 2170 1007 494
f 1629 930 931
f 1628 187 1694
f 804 2569 183
f 67 1818 757
f 386 1827 1710
f 2556 377 1826
f 1826 919 2556
f 2070 177 919
f 919 918 2556
f 376 2556 2493
f 904 105 1823
f 160 2556 918
f 177 918 919
f 2555 918 177
f 177 1680 2555
f 160 918 2555
f 2555 1680 903
f 105 904 2554
f 904 1727 2554
f 43 1727 904
f 2555 903 78
f 109 1833 903
f 395 1833 109
f 801 2497 916
f 78 903 158
f 1726 2554 1727
f 801 915 2497
f 2554 1726 914
f 1833 158 903
f 1724 1726 1727
f 222 914 1832
f 1724 914 1726
f 1832 221 222
f 1724 2059 914
f 1832 914 2059
f 912 394 2123
f 1752 912 2553
f 912 800 911
f 912 2123 800
f 1752 2553 913
f 913 93 1751
f 2503 1839 32
f 2067 32 30
f 1754 1751 93
f 81 15 1637
f 912 911 2553
f 1637 182 81
f 1790 1731 156
f 913 95 93
f 913 911 97
f 911 913 2553
f 52 1693 476
f 2067 814 2503
f 814 2067 1834
f 88 1693 52
f 910 1737 908
f 908 2067 910
f 1737 2019 908
f 95 913 2886
f 1834 2067 908
f 905 2019 1690
f 1689 905 907
f 79 908 2019
f 905 79 2019
f 908 79 1730
f 2552 367 906
f 1730 134 1788
f 1689 1633 905
f 1730 79 80
f 80 134 1730
f 80 349 134
f 1633 10 905
f 7 1632 1629
f 1724 1727 1831
f 2554 914 222
f 756 1792 1705
f 396 397 1897
f 1898 411 219
f 1884 1898 219
f 1898 1884 438
f 1889 225 812
f 225 1889 1755
f 1748 1764 438
f 1884 1889 2551
f 2551 1889 901
f 813 1419 223
f 813 1489 1419
f 472 2145 799
f 2145 764 799
f 799 764 763
f 901 2550 2144
f 2057 2130 795
f 2550 469 2144
f 799 1488 900
f 1498 2395 346
f 2549 1498 346
f 2548 144 161
f 144 1746 74
f 74 1746 1723
f 35 1746 1732
f 898 69 1674
f 896 1625 218
f 1888 451 827
f 896 894 897
f 1681 1640 1671
f 45 895 37
f 37 1624 45
f 669 297 229
f 1681 44 1640
f 892 894 896
f 106 386 1825
f 896 218 48
f 218 49 48
f 895 45 2546
f 44 894 890
f 3 1640 44
f 894 892 890
f 1825 386 385
f 2546 2547 895
f 892 896 48
f 2036 891 916
f 890 3 44
f 386 109 385
f 41 2547 2546
f 890 892 889
f 2546 893 41
f 48 49 2545
f 2547 20 178
f 20 2547 41
f 2545 889 48
f 3 890 16
f 890 889 16
f 48 889 892
f 1688 47 2545
f 888 16 889
f 2544 888 1687
f 888 889 1687
f 2545 47 1687
f 72 71 387
f 1742 1880 1886
f 888 2544 110
f 180 1679 1881
f 71 1721 387
f 888 110 887
f 2544 1687 798
f 39 1643 886
f 1665 90 2055
f 1662 1886 1841
f 1886 1880 1841
f 1643 76 75
f 1880 2109 1841
f 1642 1721 1677
f 885 1763 2108
f 2109 449 1841
f 883 884 2054
f 885 882 1763
f 1686 394 1683
f 449 2109 1762
f 1763 882 1762
f 881 1683 1893
f 1791 135 137
f 1891 1762 1757
f 1464 283 1466
f 1722 893 45
f 751 121 426
f 751 426 200
f 121 751 695
f 404 1890 226
f 878 1902 2098
f 2146 1487 877
f 1487 2540 877
f 1979 847 2525
f 2540 2016 472
f 233 2015 471
f 796 470 1659
f 2395 2014 876
f 2539 472 900
f 900 472 799
f 2004 857 795
f 470 2038 2020
f 170 1815 1661
f 459 2883 1496
f 2049 46 213
f 46 192 213
f 133 2143 2039
f 2475 2039 2143
f 2510 1495 409
f 410 454 83
f 410 193 82
f 2111 2110 1784
f 410 82 454
f 231 873 115
f 213 354 141
f 354 213 874
f 125 794 1785
f 1785 2538 2522
f 794 1644 68
f 1780 2480 1779
f 1695 191 1766
f 2538 1785 1803
f 794 1803 1785
f 2480 354 874
f 2480 127 1779
f 872 834 453
f 408 212 84
f 2522 1797 873
f 2522 2538 1797
f 2538 1803 1797
f 22 65 874
f 794 68 1802
f 1733 127 2480
f 872 453 2133
f 1 1900 1899
f 871 189 1879
f 452 872 2133
f 1695 868 1845
f 873 1797 229
f 475 126 127
f 475 127 1733
f 1879 870 871
f 826 1695 1766
f 874 73 2480
f 2537 353 2046
f 794 1802 1803
f 23 161 144
f 452 146 872
f 84 212 869
f 2536 871 870
f 2537 2046 867
f 867 2046 872
f 1802 68 164
f 1802 164 866
f 871 865 25
f 867 872 146
f 868 1695 1625
f 826 1625 1695
f 1802 866 864
f 865 1669 25
f 871 2536 865
f 864 866 1714
f 870 347 2536
f 2535 149 347
f 1714 866 1655
f 2535 1656 149
f 864 1714 138
f 2536 37 865
f 1706 1795 863
f 1653 138 1714
f 1653 1654 862
f 863 1794 62
f 62 1793 863
f 62 1794 72
f 2048 1653 862
f 862 148 36
f 2 1824 38
f 2546 45 893
f 71 862 1641
f 1641 862 89
f 2545 1687 889
f 1502 1749 861
f 466 861 859
f 2142 859 861
f 2141 2142 860
f 776 143 858
f 858 143 811
f 1970 693 462
f 1306 684 685
f 1707 1797 864
f 1976 303 1984
f 2965 614 2306
f 612 1352 690
f 2441 2308 2307
f 1306 2300 856
f 613 853 614
f 613 855 853
f 856 854 684
f 856 1339 854
f 855 1987 853
f 2528 413 2532
f 1860 610 412
f 1345 1860 412
f 1347 682 2390
f 1477 2387 420
f 1347 2390 852
f 2528 2532 2139
f 2532 1866 2139
f 2139 1866 2097
f 1477 687 2387
f 824 2804 1341
f 2804 824 419
f 420 2387 2383
f 2531 2529 2384
f 2390 676 852
f 850 1860 1863
f 293 2139 2097
f 2139 293 294
f 676 2530 852
f 676 2390 2817
f 1860 850 851
f 1858 1863 2528
f 2529 1499 1337
f 1858 2528 2139
f 1697 605 2007
f 1858 850 1863
f 851 850 1973
f 2383 2527 290
f 2387 2527 2383
f 1858 1973 850
f 1773 324 124
f 1973 1859 851
f 1651 1972 1771
f 1424 2382 463
f 1471 2527 2387
f 673 1335 1974
f 2382 2381 845
f 845 2381 671
f 849 697 298
f 678 679 461
f 1857 1859 1973
f 1772 123 848
f 848 461 679
f 843 847 849
f 298 843 849
f 197 1857 1858
f 848 2526 461
f 123 750 846
f 846 848 123
f 847 843 2525
f 2525 843 464
f 298 1769 843
f 1423 844 117
f 461 115 298
f 231 115 461
f 848 846 2526
f 1855 1859 1857
f 1857 197 2523
f 2526 231 461
f 1855 1857 2523
f 298 115 1769
f 2379 2474 2378
f 1471 1466 2527
f 1775 54 57
f 2379 287 405
f 2523 197 1852
f 231 2526 846
f 846 125 231
f 750 125 846
f 1775 57 750
f 841 842 2913
f 2527 283 1854
f 842 841 2524
f 1853 2523 1852
f 1486 774 2524
f 841 1486 2524
f 1968 837 843
f 194 2523 2521
f 2523 1853 2521
f 2092 283 2896
f 2521 1853 1849
f 299 837 1968
f 299 297 837
f 232 422 1861
f 458 457 2520
f 457 458 459
f 2521 1849 839
f 2521 839 194
f 2049 366 46
f 2137 840 2136
f 297 2518 837
f 2376 840 2520
f 2881 457 1496
f 1849 838 839
f 1849 1846 838
f 2881 2519 457
f 839 838 214
f 323 2136 840
f 323 840 2376
f 837 2036 2140
f 2376 2135 2377
f 2135 457 2519
f 857 2475 900
f 857 836 2475
f 837 2518 2036
f 142 836 2004
f 2136 2509 456
f 2509 2136 323
f 669 1797 1796
f 836 2012 2475
f 836 142 2012
f 1707 1796 1797
f 669 1706 297
f 835 456 2509
f 2036 2518 793
f 2140 2036 916
f 793 2518 297
f 1780 2012 142
f 297 1706 793
f 1796 1707 1795
f 2133 835 2509
f 834 1495 453
f 1495 835 453
f 453 835 2133
f 325 2508 770
f 2539 2143 473
f 2143 832 473
f 2132 2129 451
f 2129 1895 451
f 2129 1481 1895
f 2128 1895 2127
f 1895 1481 2127
f 831 830 1461
f 1461 1460 1481
f 1460 830 1459
f 1460 1459 2516
f 2119 1458 1609
f 1609 1455 2119
f 220 1457 2120
f 445 220 2120
f 445 1692 220
f 445 828 1692
f 445 443 828
f 828 443 2514
f 2514 1760 828
f 1760 2514 2115
f 1732 1674 69
f 1678 1831 40
f 886 1642 1677
f 216 2109 1880
f 75 4 1643
f 216 2108 2109
f 2109 2108 1763
f 1 1767 1888
f 2818 1868 825
f 207 2389 2513
f 1868 202 824
f 207 2513 421
f 1868 824 825
f 2531 2513 2389
f 2387 687 2906
f 1471 2387 2906
f 424 1969 673
f 2093 1859 423
f 2102 407 2915
f 2102 427 407
f 2100 705 2084
f 705 198 2084
f 2435 2437 433
f 2797 1298 1875
f 2091 432 1300
f 208 1300 432
f 1300 208 611
f 411 406 219
f 2396 423 1859
f 2919 2511 2098
f 2919 2098 1902
f 1852 199 1853
f 199 2092 1853
f 468 467 2144
f 456 2510 2136
f 1899 1462 1767
f 82 1845 868
f 82 868 212
f 197 1858 2139
f 823 2137 2136
f 823 2136 2510
f 1846 2896 2899
f 190 838 191
f 450 1436 2126
f 822 820 821
f 820 822 2124
f 1822 372 2112
f 33 88 1630
f 2077 399 2507
f 2078 2507 965
f 391 392 2077
f 1438 498 2076
f 1631 2562 1629
f 1889 1884 1755
f 4 96 51
f 802 2496 1728
f 2506 1483 969
f 1822 1830 372
f 1800 103 811
f 104 1828 1838
f 95 1634 1689
f 2581 382 818
f 2082 2075 401
f 401 2075 975
f 2576 817 2506
f 816 2158 2074
f 108 1826 1723
f 2504 2080 2068
f 2080 382 2068
f 2067 2503 32
f 2068 2581 2967
f 1838 1828 184
f 1834 908 1730
f 181 803 1729
f 223 2130 813
f 813 2057 2056
f 812 2502 1896
f 1896 2502 1902
f 2550 1896 1902
f 886 89 39
f 1642 51 53
f 862 71 2048
f 361 1799 162
f 795 1885 366
f 358 356 1805
f 376 2064 168
f 2062 2494 77
f 810 374 375
f 374 810 1744
f 2073 374 1744
f 1830 1801 808
f 2058 808 364
f 1432 2052 369
f 808 1801 2478
f 1801 2500 2478
f 2478 2500 2051
f 1426 2500 2499
f 2500 1426 362
f 2051 2500 362
f 2499 2498 1426
f 2498 2052 1432
f 2498 1425 1426
f 2053 2062 1810
f 2062 2053 807
f 803 348 1835
f 2040 388 2156
f 1483 2506 2495
f 2496 487 2165
f 1435 1434 806
f 2061 806 1434
f 962 1435 806
f 963 2494 2570
f 961 959 805
f 334 2075 2483
f 348 2042 802
f 168 377 376
f 376 377 2556
f 2063 376 2493
f 758 165 166
f 2491 2885 801
f 372 371 370
f 1690 2019 114
f 763 2056 799
f 2056 763 813
f 2056 1488 799
f 891 793 917
f 1808 1839 369
f 369 1839 797
f 795 2130 1885
f 437 2111 773
f 1747 437 773
f 1879 189 1878
f 872 2046 2047
f 2047 2046 353
f 73 65 1658
f 2535 347 867
f 1640 50 1671
f 1795 1794 863
f 773 2476 1815
f 1495 834 409
f 834 872 2047
f 2481 792 2490
f 782 781 792
f 768 2490 792
f 767 781 880
f 781 767 792
f 768 791 2472
f 2489 2472 778
f 2471 2472 791
f 2006 152 777
f 777 2133 2005
f 2875 788 2033
f 759 2025 2021
f 2025 1399 2021
f 2488 789 339
f 2488 171 789
f 2488 2501 171
f 344 2487 902
f 2025 2850 1399
f 2485 1812 2486
f 956 2485 2486
f 786 157 2485
f 2485 2484 786
f 2484 2485 956
f 786 1790 156
f 786 2484 1790
f 2575 1790 2484
f 952 785 2575
f 785 1790 2575
f 942 785 952
f 2483 785 940
f 942 940 785
f 940 334 2483
f 334 940 2482
f 2482 940 938
f 147 2065 39
f 374 2069 375
f 1724 179 2059
f 373 2060 2061
f 2059 179 1808
f 387 783 373
f 1821 175 387
f 175 1821 331
f 1838 2045 174
f 779 782 2481
f 396 782 779
f 782 396 781
f 3 1639 1640
f 1639 3 1638
f 2054 2053 2055
f 2059 365 1809
f 2055 90 2054
f 90 883 2054
f 2500 1801 2499
f 2499 1801 809
f 2013 780 775
f 2541 2489 778
f 2541 329 879
f 329 2541 778
f 329 2018 879
f 360 21 154
f 2471 778 2472
f 778 2471 329
f 2038 66 2020
f 1784 2476 2111
f 233 1901 2015
f 1779 336 337
f 336 1779 1778
f 2133 777 452
f 325 2011 152
f 152 452 777
f 452 152 146
f 364 860 2142
f 860 364 808
f 2479 860 808
f 2478 2479 808
f 776 2479 2478
f 2874 174 2477
f 174 2874 1427
f 1427 104 174
f 1820 2013 367
f 367 2013 775
f 1486 2146 774
f 163 1774 1804
f 773 2111 2476
f 2012 772 2475
f 772 2012 771
f 325 770 2037
f 2010 2037 345
f 345 1741 2010
f 792 767 791
f 2470 791 2469
f 2469 791 767
f 2473 2489 766
f 2470 2471 791
f 2470 2469 2471
f 2870 765 2469
f 765 2017 2469
f 2017 765 764
f 2870 764 765
f 2468 752 2467
f 2866 790 762
f 2030 2028 1414
f 2025 761 1401
f 2851 761 759
f 2849 2008 760
f 759 2008 2849
f 675 1312 2009
f 752 1776 2467
f 1783 2009 1703
f 759 2021 2008
f 195 61 1645
f 1701 755 1424
f 2005 2006 777
f 1418 1330 1420
f 1330 707 1420
f 603 426 1777
f 1646 317 2524
f 1559 2465 2000
f 2464 2852 1286
f 754 1286 760
f 1286 2852 760
f 320 753 2468
f 1417 320 2468
f 1310 752 2468
f 324 2021 124
f 1555 2312 2461
f 2312 1555 309
f 1244 1552 1240
f 2811 1552 1244
f 748 1391 645
f 749 2460 747
f 2460 2752 747
f 1237 2459 2752
f 2459 747 2752
f 747 2459 1243
f 2457 749 747
f 747 2456 2457
f 2454 746 2453
f 743 2454 2453
f 2453 2776 743
f 1387 2453 742
f 741 1389 2451
f 1386 741 2451
f 2449 740 1251
f 741 1386 1387
f 739 741 1387
f 2449 1993 702
f 1385 741 739
f 2840 1260 1384
f 1387 1279 739
f 1992 2450 1265
f 1379 738 616
f 1288 1378 1279
f 703 2402 704
f 2785 2445 2402
f 1378 2837 737
f 2446 2447 736
f 2445 2790 2402
f 737 2837 2833
f 1989 2444 2966
f 2442 2833 2837
f 2107 704 2439
f 1366 2779 1278
f 2443 1292 2790
f 1292 2443 1293
f 1989 306 1990
f 2441 1366 322
f 2438 2833 2794
f 1368 1370 2438
f 2438 2794 2437
f 322 1277 2441
f 734 1277 322
f 322 1287 2003
f 2107 2439 732
f 2831 1364 2834
f 732 2440 2107
f 2834 1364 1293
f 2834 1293 2443
f 733 2436 735
f 735 2436 1290
f 2829 2440 732
f 1293 2433 1292
f 2432 2436 733
f 1295 1364 1361
f 1295 1293 1364
f 1367 730 2832
f 2002 734 322
f 1363 2434 2431
f 1362 731 2428
f 1361 727 1295
f 731 2828 2428
f 1877 1367 2829
f 1361 1359 727
f 209 430 1296
f 1877 2829 732
f 612 727 2429
f 1359 726 2429
f 727 1359 2429
f 725 2427 2428
f 1358 2428 2427
f 2428 2424 725
f 2427 726 1359
f 727 612 1298
f 1360 2426 2425
f 612 1985 1298
f 2427 725 2394
f 2424 2394 725
f 2422 2426 1360
f 723 2826 729
f 2087 2089 414
f 1986 729 724
f 2394 691 2427
f 729 1986 1355
f 2422 1356 2421
f 2421 2823 2422
f 2421 723 722
f 723 2421 1356
f 2421 722 2824
f 722 723 720
f 1302 1353 2824
f 2420 1302 2824
f 2420 2824 722
f 2420 722 720
f 1355 2300 723
f 2420 1342 1350
f 1342 2420 720
f 718 1342 720
f 1306 718 2300
f 1342 718 1306
f 717 1983 319
f 2384 2419 713
f 716 2419 2529
f 1308 1309 685
f 2803 2419 716
f 677 714 716
f 2386 685 854
f 2801 607 686
f 2386 1308 685
f 2815 2418 318
f 715 711 714
f 2815 1981 2418
f 712 2386 854
f 1336 1981 2815
f 2413 714 711
f 2386 712 709
f 1981 2299 2418
f 709 712 2417
f 1981 1336 300
f 119 609 608
f 2418 2299 608
f 2416 710 2814
f 2814 710 1318
f 708 711 1335
f 675 300 1336
f 709 2417 2414
f 2512 708 1335
f 2413 711 708
f 709 2414 1329
f 1329 2414 1333
f 2414 2412 1333
f 2098 2903 708
f 301 1311 606
f 1326 1315 1334
f 1326 2408 1315
f 1321 2411 2407
f 1322 706 1320
f 2410 707 1490
f 1321 2407 2406
f 2406 2809 1321
f 2406 2100 2809
f 2100 2406 705
f 427 2099 2100
f 2099 427 2101
f 2101 2102 1327
f 1327 2102 2916
f 2432 1998 2436
f 704 314 703
f 313 703 314
f 703 313 2367
f 2368 703 2367
f 2448 312 2843
f 2775 1264 312
f 2847 1388 2846
f 2846 1388 2455
f 2455 1388 745
f 744 2455 1258
f 2846 2455 744
f 2846 744 1392
f 1996 1994 1995
f 311 745 1995
f 701 649 2768
f 1395 2750 1198
f 2399 853 700
f 699 2398 304
f 1979 2398 699
f 2399 700 2397
f 853 303 700
f 1987 303 853
f 2397 700 698
f 698 700 303
f 2397 849 699
f 2397 698 849
f 1979 699 847
f 699 849 847
f 303 1976 698
f 698 697 849
f 697 698 1976
f 1771 1972 2298
f 1976 298 697
f 605 286 2007
f 302 425 292
f 298 1976 678
f 696 1697 2007
f 678 461 298
f 121 1777 426
f 1493 2915 287
f 1704 2007 286
f 1970 423 2396
f 1855 2396 1859
f 286 694 1704
f 61 195 1650
f 1650 195 55
f 1970 2396 693
f 2396 422 693
f 693 422 2014
f 422 876 2014
f 232 876 422
f 232 2395 876
f 1987 2308 692
f 2308 1987 855
f 692 2308 1277
f 304 1978 2397
f 691 2394 2821
f 2393 1985 690
f 719 1999 2301
f 2822 611 681
f 2822 681 1346
f 2821 2394 1349
f 2394 689 2819
f 2394 2819 1349
f 2393 690 683
f 2302 2301 1983
f 2302 1983 203
f 2301 1999 319
f 2301 319 1983
f 2392 2393 683
f 611 412 681
f 2801 686 1305
f 856 684 1306
f 1305 686 688
f 1349 2819 682
f 303 1354 1984
f 2815 318 686
f 856 1864 1339
f 1344 2392 683
f 681 610 2388
f 2819 1338 680
f 2819 680 682
f 412 610 681
f 685 684 854
f 418 2513 2531
f 2385 854 1339
f 2097 2383 293
f 2383 2097 420
f 679 1772 848
f 2531 2384 418
f 2813 677 676
f 675 1783 300
f 1975 1974 1335
f 674 605 300
f 605 674 286
f 1974 292 673
f 1333 1332 1329
f 417 1972 291
f 2298 1972 417
f 292 425 673
f 2382 2094 2381
f 1329 672 2381
f 424 673 425
f 2094 2382 1424
f 2094 1424 604
f 424 425 2093
f 672 671 2381
f 671 672 2380
f 1331 2380 672
f 670 2380 1331
f 671 2380 879
f 1971 705 2406
f 670 879 2380
f 705 1971 404
f 317 844 845
f 407 427 2084
f 2378 287 2379
f 2520 457 2135
f 2520 2135 2376
f 2519 770 2508
f 2375 1559 2373
f 2370 2375 2373
f 668 1291 2374
f 2374 2370 668
f 2369 2371 315
f 315 2372 667
f 1285 2367 313
f 2372 2743 667
f 667 2369 315
f 2369 667 1276
f 2367 664 2368
f 2369 1276 2365
f 667 2743 1223
f 2367 1285 2365
f 664 2367 1221
f 2367 2365 1221
f 1276 658 2365
f 2366 1227 1223
f 1227 663 1223
f 666 2464 1281
f 665 1223 663
f 664 657 2364
f 664 1221 657
f 662 665 2740
f 660 666 661
f 2362 663 1227
f 658 662 1216
f 665 663 2360
f 1227 2359 2362
f 657 1221 654
f 1221 2358 654
f 662 2740 1216
f 2360 663 1217
f 656 2363 655
f 655 2363 659
f 1220 656 655
f 2361 655 659
f 2353 658 1216
f 654 653 657
f 2355 654 2358
f 2358 658 2353
f 2775 652 1264
f 2361 1120 655
f 1120 2361 1267
f 652 1261 1264
f 2352 2353 1216
f 2356 2352 1216
f 652 2775 2351
f 2775 653 2351
f 2355 650 653
f 2352 2354 2353
f 651 2355 2358
f 2733 2350 2732
f 2733 2400 2350
f 650 2351 653
f 651 650 2355
f 2732 2350 2347
f 1993 2347 2350
f 2350 2400 1993
f 701 2342 649
f 2346 651 2358
f 648 2351 650
f 650 651 2340
f 2951 2727 2343
f 652 648 2344
f 646 2349 2347
f 2340 1248 650
f 2348 647 1210
f 647 2348 2343
f 647 2343 2341
f 2332 748 645
f 2338 650 1248
f 2347 1993 646
f 2342 2344 641
f 648 650 2338
f 2343 639 2341
f 2335 1247 649
f 2342 2335 649
f 648 640 2344
f 1248 2340 2762
f 1541 651 2346
f 2345 642 645
f 642 2345 1393
f 310 642 1393
f 648 2338 640
f 1541 644 651
f 1204 646 2336
f 646 1255 2336
f 641 2344 640
f 2338 1248 2337
f 643 1204 2336
f 638 310 311
f 637 2760 1247
f 2330 640 2338
f 2341 639 633
f 645 642 630
f 1254 2336 1255
f 310 630 642
f 311 637 638
f 2335 2342 641
f 641 640 2328
f 633 639 2333
f 643 636 2329
f 2331 2339 627
f 2339 2332 627
f 1205 2333 639
f 636 643 2336
f 2336 1254 636
f 630 310 638
f 1247 2335 1199
f 2725 634 2730
f 1250 631 1246
f 640 2330 2326
f 2328 640 2326
f 2333 2722 633
f 638 637 1188
f 637 2717 1188
f 1247 1199 637
f 636 1254 2325
f 1246 631 625
f 2722 629 633
f 2331 627 631
f 636 1194 2329
f 2325 1254 2324
f 1254 635 2324
f 634 2725 2317
f 2328 2326 1197
f 629 2722 2327
f 2329 1194 632
f 636 2325 1194
f 635 1251 626
f 625 631 627
f 1234 1197 2326
f 2325 2324 2319
f 635 626 2324
f 630 638 2315
f 2327 2323 629
f 628 621 1236
f 1246 2318 628
f 2318 1246 625
f 2315 624 630
f 2723 2323 623
f 1245 2316 626
f 628 2318 621
f 1197 1234 599
f 623 2323 2327
f 2318 625 1185
f 1198 622 309
f 2320 622 1198
f 2723 623 2322
f 1967 2287 1194
f 1198 309 1395
f 2716 1967 1194
f 2320 2322 619
f 626 2316 618
f 618 2316 2314
f 2312 622 2320
f 2315 1188 2313
f 2313 1188 2713
f 309 622 2312
f 619 2312 2320
f 2322 2745 619
f 2322 623 2745
f 618 2314 1562
f 1232 2312 619
f 1193 624 2315
f 2310 623 620
f 2745 623 2310
f 2286 1967 2716
f 1183 1184 1162
f 1184 617 1162
f 597 1174 592
f 2965 307 614
f 2441 1273 616
f 2966 2965 2306
f 1273 615 1269
f 1989 2966 2306
f 2307 1273 2441
f 1273 2307 615
f 615 614 307
f 613 615 2307
f 614 615 613
f 305 2305 306
f 613 2307 2308
f 2441 1277 2308
f 855 613 2308
f 2305 305 1988
f 614 296 2306
f 614 853 2399
f 612 690 1985
f 1298 1985 206
f 1300 611 2822
f 2300 415 856
f 1304 416 204
f 1307 2302 203
f 610 1860 1982
f 686 607 1312
f 607 2801 1313
f 1980 2298 609
f 2298 201 609
f 2299 119 608
f 604 607 1313
f 604 1312 607
f 755 1312 604
f 606 2800 301
f 2299 605 119
f 1697 119 605
f 2800 603 301
f 1267 2296 2672
f 1267 2672 1120
f 1155 1208 643
f 2293 1155 643
f 1201 2294 1200
f 2697 2293 643
f 1196 2291 2294
f 1202 2718 2289
f 2666 2292 1129
f 2329 2697 643
f 2718 600 2289
f 2294 1127 2295
f 1202 2289 2290
f 1572 2228 600
f 2668 2228 1572
f 599 1159 1189
f 2288 2287 1967
f 2716 2284 2286
f 1562 2283 2311
f 2287 2288 2282
f 2282 2288 1137
f 1181 1118 598
f 1118 1181 1176
f 1176 2311 2283
f 274 2685 1115
f 2286 2284 598
f 1118 1176 2283
f 1182 2282 596
f 274 2283 2685
f 1182 596 2281
f 2279 2283 274
f 2281 590 1172
f 2282 1128 596
f 595 2282 1137
f 590 2281 596
f 598 1118 1111
f 2282 595 1128
f 1137 1125 595
f 2283 2279 589
f 2279 274 1959
f 1111 2286 598
f 2283 589 1118
f 2677 1125 1119
f 2706 1165 592
f 596 1128 590
f 2286 1119 1125
f 2677 595 1125
f 591 2278 586
f 2275 592 1165
f 2276 594 2280
f 2286 1111 1119
f 2704 2707 2708
f 1161 2274 2278
f 2274 586 2278
f 2280 588 2276
f 2280 1167 588
f 590 1128 584
f 589 2279 1110
f 1959 1110 2279
f 588 1167 583
f 1158 2274 1161
f 1160 1158 1161
f 2701 583 1167
f 582 584 2683
f 2704 579 2707
f 2704 2277 2270
f 577 2275 2267
f 2267 2275 1165
f 2704 2270 579
f 2268 2277 578
f 591 586 578
f 2267 580 581
f 1111 2271 576
f 2271 1111 2664
f 2274 578 586
f 2274 1158 1152
f 587 2692 575
f 582 2683 2681
f 578 2700 2273
f 587 575 1164
f 2681 2272 582
f 269 566 267
f 1169 579 574
f 577 2266 1148
f 269 267 560
f 579 2257 574
f 2270 2259 579
f 575 2265 581
f 269 560 561
f 1152 2269 2274
f 2267 2266 577
f 2264 575 2692
f 576 2252 2261
f 1166 1169 574
f 2258 1166 574
f 573 2270 2268
f 2265 575 2264
f 573 2268 2255
f 2269 1152 1148
f 1141 2266 2267
f 2265 2264 2686
f 2271 2252 576
f 2262 2271 2664
f 2259 2257 579
f 2259 573 2256
f 2255 2256 573
f 2263 2700 571
f 2700 2254 571
f 2258 574 2257
f 2259 2260 1153
f 2258 1153 1150
f 1153 2258 2257
f 571 2256 2255
f 1142 2254 2269
f 1144 2256 571
f 571 2254 1142
f 1138 1133 279
f 2252 2262 1101
f 2253 1108 2226
f 2251 571 1142
f 2248 2694 2247
f 2258 1149 570
f 2253 2226 1099
f 279 1133 278
f 2251 1142 2249
f 2250 1144 2251
f 2250 2251 2249
f 2250 2249 1117
f 2247 2232 2248
f 568 1966 567
f 567 1966 280
f 2243 279 2246
f 1134 1964 1136
f 275 278 1963
f 275 1957 278
f 1966 2241 2244
f 1966 2243 2241
f 2243 2246 2240
f 1959 274 2242
f 270 565 276
f 2246 1163 2240
f 2242 1958 566
f 2241 2240 562
f 562 2240 1163
f 1949 565 270
f 1163 1957 563
f 1953 1108 2261
f 264 563 1957
f 1951 1949 270
f 1953 2226 1108
f 1057 1056 262
f 562 563 1945
f 563 264 1950
f 1953 2221 2226
f 2222 1949 1951
f 2239 267 259
f 561 560 2239
f 560 267 2239
f 2238 1953 1948
f 1953 2238 2221
f 1948 1953 559
f 2217 2221 2238
f 1948 558 2238
f 2239 260 557
f 2235 2647 1062
f 2235 1062 2237
f 2237 1062 2236
f 2234 2236 1062
f 2233 1059 2643
f 1960 272 281
f 1960 1956 555
f 1956 1960 1116
f 2231 1958 2673
f 1054 272 555
f 1958 2229 566
f 1958 2231 2229
f 2229 2231 551
f 556 553 2231
f 553 556 2230
f 2230 2228 2227
f 2230 2227 553
f 1054 555 1956
f 552 2670 2675
f 2641 1962 1961
f 1054 1956 1103
f 551 263 2229
f 1962 550 552
f 2641 550 1962
f 1049 1103 2662
f 1951 1946 2222
f 1946 1951 1954
f 2219 1104 1100
f 1046 1054 1049
f 548 2225 1099
f 2662 262 2223
f 2224 1054 1045
f 1950 1945 563
f 1949 1947 264
f 264 1947 2215
f 1049 2662 2639
f 2222 1946 1942
f 2222 1942 1094
f 2215 2220 1950
f 2220 2215 547
f 1947 1942 547
f 2640 1050 2212
f 2630 1942 1946
f 548 2216 544
f 2217 2216 548
f 1092 260 543
f 546 2218 542
f 2214 2217 2238
f 540 558 2213
f 260 2636 543
f 2217 2214 2211
f 2203 2220 547
f 1092 2658 1042
f 2212 542 539
f 2217 2627 2216
f 2209 2640 539
f 2640 2212 539
f 539 2654 2209
f 2220 1083 541
f 2203 1083 2220
f 2203 2198 2199
f 1022 2206 2202
f 2203 1081 1083
f 2201 1022 2202
f 533 2205 1084
f 532 536 543
f 1939 535 2201
f 535 1939 1028
f 1938 2204 538
f 1085 2187 1938
f 534 2657 2183
f 533 1936 2197
f 1025 2189 2194
f 2179 536 532
f 1936 530 2197
f 1938 2180 523
f 1938 523 1935
f 2189 256 2194
f 2193 521 1927
f 1018 1934 531
f 2183 2181 2617
f 2181 2183 1011
f 509 2188 1019
f 1018 1928 1934
f 1928 2177 1934
f 528 1934 2177
f 509 505 1932
f 507 1929 1013
f 510 1012 527
f 526 545 258
f 258 1940 526
f 540 526 1941
f 1941 526 257
f 257 526 1940
f 257 1940 1939
f 1937 2200 2622
f 1938 2187 2180
f 2654 1076 2186
f 524 2653 1081
f 2186 1076 522
f 2199 2185 524
f 529 1015 1937
f 2185 2199 1929
f 2195 521 2193
f 2195 2194 521
f 1935 519 2178
f 1023 1935 2178
f 989 2186 522
f 2194 518 521
f 2192 986 520
f 986 2192 2583
f 523 255 519
f 2185 2184 524
f 982 1078 984
f 2185 2176 2184
f 2194 256 518
f 1078 2182 984
f 1933 518 256
f 517 516 2185
f 2183 2655 515
f 2655 982 485
f 523 988 255
f 1011 2183 515
f 485 515 2655
f 981 514 1930
f 981 1921 2170
f 2170 1921 2167
f 512 1927 521
f 2179 510 513
f 510 2179 1012
f 1926 1927 512
f 1926 1928 1927
f 1928 1926 511
f 511 2177 1928
f 1933 254 518
f 507 1013 528
f 980 1932 2578
f 2178 1922 509
f 1922 2178 1931
f 983 507 528
f 1920 528 2177
f 1922 505 509
f 508 255 506
f 527 253 510
f 1917 505 1922
f 979 527 2169
f 501 504 980
f 2912 246 503
f 502 504 501
f 501 974 502
f 2579 2170 2148
f 1914 501 1917
f 1917 244 1912
f 2175 2606 482
f 2175 482 500
f 482 2606 2157
f 974 1914 1905
f 499 502 498
f 498 502 974
f 500 1915 2577
f 2149 1840 2150
f 1840 2149 477
f 1925 986 497
f 497 986 1924
f 497 1924 1923
f 517 496 252
f 2173 252 496
f 2081 2172 254
f 2173 2171 252
f 2172 1919 1926
f 1919 2172 2081
f 2173 920 2171
f 496 247 495
f 496 495 977
f 2169 2168 979
f 494 2148 2170
f 2148 494 492
f 2167 1918 2557
f 491 242 243
f 492 1916 2148
f 492 489 1916
f 490 2557 488
f 488 491 243
f 2557 490 1007
f 243 242 1910
f 1910 242 241
f 1911 489 236
f 489 1006 236
f 1006 489 490
f 490 487 1006
f 487 490 488
f 2165 487 488
f 1788 486 381
f 486 1788 1903
f 1788 381 1834
f 485 1844 2565
f 484 2162 946
f 2160 946 2159
f 946 2162 2159
f 2159 944 483
f 2157 483 944
f 2147 70 2158
f 2606 483 2157
f 482 2157 1915
f 803 1836 348
f 348 1836 2042
f 975 334 333
f 333 935 933
f 933 976 333
f 933 481 976
f 2041 351 1482
f 478 1442 1761
f 439 99 1923
f 2154 399 970
f 2154 970 393
f 2041 1482 1910
f 479 924 246
f 965 478 1892
f 480 1919 2081
f 2174 1925 400
f 477 2151 392
f 477 392 391
f 495 247 921
f 2149 1906 2164
f 477 391 1840
f 2150 1906 2149
f 391 1904 1840
f 1909 2150 1840
f 2068 382 2581
f 349 1694 1836
f 80 1694 349
f 931 8 7
f 78 964 378
f 378 964 2066
f 2067 30 1737
f 2067 1737 910
f 70 2147 1903
f 70 1903 181
f 1758 105 2554
f 1733 2480 73
f 149 1722 45
f 1794 71 72
f 234 226 1755
f 877 1708 2146
f 2016 2540 474
f 474 2018 2016
f 1786 1770 328
f 2016 2018 329
f 2017 2016 329
f 1786 328 132
f 877 2540 473
f 472 2016 2017
f 2145 472 2017
f 462 233 1902
f 832 877 473
f 2539 473 2540
f 2539 2540 472
f 233 471 1902
f 1902 471 2550
f 132 2038 470
f 469 2550 471
f 1430 1901 327
f 901 1883 46
f 2015 469 471
f 1883 2144 467
f 469 2015 460
f 900 2143 2539
f 46 1883 467
f 468 2144 469
f 2475 2143 900
f 467 192 46
f 192 467 1847
f 1624 347 149
f 24 1676 64
f 2142 861 1749
f 859 2142 2141
f 694 1787 465
f 1645 330 1798
f 232 1861 215
f 215 1861 410
f 2395 232 215
f 2395 215 346
f 2508 325 455
f 325 2134 455
f 2134 325 152
f 463 2382 845
f 234 404 226
f 2913 879 2018
f 1969 1970 878
f 1970 1902 878
f 1970 462 1902
f 1901 462 693
f 2015 459 458
f 2015 458 460
f 460 2137 823
f 2520 460 458
f 2137 460 840
f 840 460 2520
f 141 2049 213
f 2135 2519 2508
f 838 1846 191
f 2135 2508 455
f 831 2131 833
f 2129 2131 831
f 223 1764 2130
f 133 113 2143
f 113 832 2143
f 1756 2127 822
f 450 2126 1684
f 1684 2126 394
f 2124 822 2127
f 2516 2124 2127
f 2122 2126 2125
f 1436 2125 2126
f 2126 2122 394
f 449 1891 440
f 2124 2516 2121
f 820 2124 2121
f 820 2121 448
f 2072 2922 2920
f 820 448 821
f 2922 2072 224
f 2125 821 447
f 447 821 446
f 446 821 448
f 2118 448 2121
f 448 2118 446
f 2118 2121 2515
f 446 2118 444
f 2515 2887 2118
f 2887 444 2118
f 1455 1454 2119
f 1454 1455 1453
f 2887 2116 444
f 443 2117 442
f 2117 444 442
f 2893 444 2116
f 444 2893 442
f 2115 443 442
f 443 2115 2514
f 442 2113 441
f 2893 1447 2113
f 442 2893 2113
f 2113 2114 441
f 440 1891 1750
f 440 1750 1736
f 185 1894 222
f 1820 780 2013
f 12 1760 11
f 1760 12 828
f 1822 819 221
f 819 1822 2112
f 781 1897 1887
f 1887 1897 1764
f 1641 886 1677
f 886 4 51
f 4 886 1643
f 219 234 1755
f 1749 363 2142
f 363 1749 224
f 1882 832 113
f 2111 437 2110
f 1784 357 358
f 85 17 217
f 1686 1683 881
f 1640 1639 50
f 1742 216 1880
f 436 2105 2439
f 732 2439 2105
f 1292 2433 436
f 436 2433 728
f 2910 1284 2781
f 2105 436 728
f 2910 2106 1284
f 1478 2910 2781
f 732 2105 210
f 2105 728 434
f 435 1480 2791
f 2437 1357 433
f 432 2091 2434
f 2791 1480 2104
f 434 210 2105
f 1480 2909 2104
f 717 201 203
f 2804 419 429
f 2095 419 2096
f 419 2095 713
f 2094 428 2415
f 2415 709 2094
f 2381 2094 1329
f 1329 2094 709
f 2102 2101 427
f 602 291 426
f 302 1859 425
f 426 291 200
f 1859 2093 425
f 424 2093 1969
f 2093 423 1969
f 1969 423 1970
f 2098 1969 878
f 1855 1851 2396
f 2086 695 751
f 1851 422 2396
f 422 1851 1848
f 434 2090 210
f 207 421 2088
f 420 1870 1477
f 687 1477 2909
f 202 2090 421
f 2096 202 421
f 2096 824 202
f 421 2095 2096
f 2513 418 421
f 2096 419 824
f 418 2095 421
f 2298 417 1862
f 417 602 1862
f 199 1852 197
f 1856 2915 407
f 404 198 705
f 1853 2092 2896
f 1849 1853 2896
f 210 2303 1877
f 1871 2303 210
f 433 2423 432
f 208 432 2423
f 1874 1873 1869
f 1875 1872 2088
f 1875 2088 2090
f 1872 207 2088
f 416 1867 2818
f 414 1874 1869
f 204 415 1304
f 1867 1871 2818
f 1869 1873 413
f 856 415 204
f 1869 413 414
f 204 1864 856
f 413 2087 414
f 2800 1862 603
f 1862 602 603
f 1313 428 604
f 604 428 2094
f 1856 406 397
f 397 406 411
f 2004 2049 141
f 192 1781 2085
f 2085 213 192
f 2517 1781 192
f 83 454 408
f 1781 2517 189
f 2084 1856 407
f 1856 2084 406
f 287 1856 405
f 2084 198 406
f 406 198 234
f 198 404 234
f 468 230 467
f 230 468 823
f 823 2510 230
f 467 230 403
f 467 403 1847
f 403 2517 1847
f 1744 1433 370
f 2083 909 939
f 2075 2082 2161
f 931 2154 1627
f 5 1627 393
f 2576 5 817
f 1627 2154 393
f 817 393 398
f 392 970 2077
f 1759 929 401
f 971 398 2164
f 1843 971 2164
f 400 923 1759
f 114 2019 1737
f 1630 94 14
f 939 909 402
f 1442 399 930
f 2174 2081 254
f 397 2050 405
f 396 2050 397
f 2050 396 779
f 1758 1894 395
f 911 800 1753
f 886 1641 89
f 2079 2078 965
f 392 2151 398
f 235 390 227
f 235 227 2076
f 95 1689 907
f 896 897 1625
f 1729 803 1835
f 1694 187 2042
f 1728 1835 802
f 222 1894 1758
f 1826 2070 919
f 2083 182 909
f 2072 1665 2073
f 2920 1665 2072
f 2920 1791 883
f 1665 2920 883
f 1758 2554 222
f 2069 374 91
f 2070 1826 108
f 42 386 1710
f 43 904 178
f 887 16 888
f 185 2069 1894
f 180 1831 1678
f 1811 76 157
f 1721 1642 1821
f 1821 1642 787
f 157 786 1811
f 1637 75 1811
f 384 103 1800
f 1828 18 2492
f 18 1820 2492
f 2155 480 383
f 383 480 2081
f 1634 95 2886
f 382 188 818
f 814 1834 381
f 30 380 1737
f 360 154 162
f 1716 1806 151
f 169 379 1818
f 171 2880 166
f 167 171 166
f 378 758 2063
f 155 2045 184
f 159 758 805
f 159 2065 758
f 77 2494 963
f 476 787 53
f 1806 150 151
f 169 1816 168
f 1816 377 168
f 1735 377 1816
f 169 168 2064
f 1826 377 1735
f 2556 160 2493
f 2063 758 166
f 147 1734 2065
f 2065 1734 758
f 138 1653 2048
f 2885 1709 1434
f 77 158 2062
f 2062 158 1810
f 1709 2061 1434
f 1709 62 2061
f 2061 62 373
f 2069 185 375
f 373 62 387
f 375 185 819
f 387 175 783
f 371 372 1830
f 332 783 175
f 365 2059 369
f 355 365 369
f 1830 2058 371
f 2058 1830 808
f 1801 1830 809
f 1830 1809 809
f 1808 369 2059
f 371 2058 370
f 370 2058 363
f 2543 884 137
f 1508 2923 155
f 2045 1838 184
f 1508 155 184
f 2876 184 368
f 1833 176 158
f 176 1810 158
f 2053 1810 176
f 1809 365 809
f 355 809 365
f 364 363 2058
f 355 2052 809
f 809 2052 2499
f 2142 363 364
f 2051 1800 143
f 1800 2051 362
f 362 384 1800
f 366 1885 46
f 1882 773 1815
f 1882 1747 773
f 1780 354 2480
f 1879 2537 870
f 2537 1879 353
f 1807 1652 359
f 356 358 357
f 358 1805 1807
f 336 356 357
f 356 336 335
f 335 1713 356
f 1797 1802 864
f 1795 2048 1794
f 2052 355 369
f 1708 1804 774
f 2146 1708 774
f 470 796 1787
f 354 1780 142
f 354 142 141
f 1796 1706 669
f 140 1741 1673
f 1819 1792 756
f 756 757 2027
f 136 2045 155
f 902 60 1660
f 1910 1482 2165
f 1435 962 804
f 1729 1835 352
f 2156 1907 2040
f 352 1728 351
f 352 351 350
f 350 351 2041
f 237 350 2041
f 2161 1731 1790
f 2161 909 1731
f 972 1837 33
f 1837 972 1915
f 134 349 181
f 159 959 2065
f 1634 1632 1633
f 1690 114 907
f 883 1791 137
f 1711 875 1715
f 869 868 1667
f 1717 1711 1715
f 408 84 1741
f 811 143 1800
f 1799 2086 1798
f 360 1799 1798
f 1787 796 465
f 215 345 346
f 345 215 83
f 793 891 2036
f 1793 917 793
f 2035 2481 769
f 2467 2875 2033
f 2033 790 2866
f 790 2032 762
f 2032 2487 344
f 344 2031 2032
f 2032 343 762
f 2031 343 2032
f 344 1819 131
f 343 2029 2030
f 2029 343 2031
f 343 2030 1414
f 2031 344 131
f 2031 131 2029
f 2029 2028 2030
f 2028 2029 131
f 173 2028 131
f 342 2028 173
f 756 2027 173
f 173 2027 341
f 341 2027 340
f 342 341 339
f 341 340 339
f 379 339 340
f 339 2024 1408
f 2488 339 379
f 2024 339 789
f 2026 2024 2850
f 2850 2023 1702
f 2024 2023 2850
f 789 1817 2024
f 2024 1817 2023
f 1817 2022 2023
f 1702 2023 1720
f 172 2022 1817
f 2022 1720 2023
f 1720 2022 164
f 164 2022 172
f 1701 1703 755
f 1649 788 1700
f 788 1696 790
f 2021 54 124
f 883 137 884
f 59 1647 361
f 2020 338 470
f 338 129 359
f 129 2476 1784
f 1647 695 361
f 2086 1799 361
f 2086 361 695
f 1815 2476 128
f 772 771 337
f 2012 1780 771
f 771 1780 1779
f 1778 335 336
f 335 1778 126
f 126 1778 127
f 334 975 2075
f 333 334 2482
f 175 331 332
f 32 179 1831
f 2045 136 174
f 329 2471 2017
f 359 1784 1807
f 1784 359 129
f 2015 1901 459
f 469 460 823
f 468 469 823
f 459 1901 326
f 2014 2395 1498
f 2014 1498 327
f 2883 459 326
f 1716 1656 145
f 1656 1716 151
f 24 151 150
f 2542 775 780
f 139 2085 1781
f 2134 152 2006
f 2004 795 366
f 2037 2010 325
f 325 2010 2011
f 1716 2010 1806
f 2008 324 321
f 755 2009 1312
f 1783 675 2009
f 755 1703 2009
f 324 2008 2021
f 2007 1648 696
f 2377 2006 323
f 323 2005 2509
f 323 2006 2005
f 857 2004 836
f 2465 2001 2000
f 322 2003 2002
f 760 2002 754
f 2002 760 321
f 321 760 2008
f 2000 753 320
f 1310 118 752
f 1311 118 1310
f 1311 301 118
f 688 319 1999
f 686 318 688
f 1697 1771 119
f 1771 1697 1698
f 1646 844 317
f 2303 1871 1867
f 794 125 1644
f 1770 116 122
f 2364 2775 312
f 1997 312 1264
f 1997 1996 2401
f 1258 1392 744
f 1996 2768 1994
f 2400 702 1993
f 2760 1995 1994
f 311 1995 2760
f 745 310 1393
f 1555 1395 309
f 1992 308 2842
f 307 1380 1991
f 1991 1380 308
f 307 1991 615
f 1990 306 2305
f 1989 2306 306
f 306 2306 305
f 305 2306 296
f 305 296 304
f 1978 304 296
f 305 304 2398
f 1988 305 2398
f 1987 692 1354
f 1986 2796 316
f 303 1987 1354
f 316 1304 1986
f 206 1985 2393
f 206 2393 2389
f 679 1984 2825
f 2825 1772 679
f 2300 720 723
f 720 2300 718
f 1983 717 203
f 610 1982 295
f 302 1982 1860
f 292 1982 302
f 2299 1981 300
f 1771 2298 1980
f 2299 300 605
f 603 1777 301
f 1768 1769 115
f 299 1768 229
f 229 297 299
f 1978 296 2399
f 304 2397 699
f 2399 2397 1978
f 2388 610 1977
f 610 295 1977
f 1977 295 1974
f 1982 292 295
f 1976 1984 678
f 1651 1771 1698
f 1974 295 292
f 2383 290 1854
f 1854 293 2383
f 678 1984 679
f 1854 199 293
f 1973 1858 1857
f 1972 1651 288
f 286 674 289
f 674 1783 289
f 1783 1782 289
f 1651 55 288
f 1651 1650 55
f 1854 290 2527
f 286 289 285
f 289 1782 285
f 285 1782 284
f 286 285 694
f 1770 285 284
f 283 2527 1466
f 2092 1854 283
f 282 843 837
f 1850 839 1848
f 2140 282 837
f 2247 569 568
f 2232 2247 568
f 567 2232 568
f 280 1134 567
f 2244 1134 280
f 1960 281 1117
f 280 1966 2244
f 2243 1966 279
f 276 2682 270
f 272 1960 555
f 2244 1964 1134
f 1963 276 275
f 1964 2244 2245
f 1124 1961 1962
f 277 1961 1124
f 277 271 1961
f 271 277 2676
f 275 276 565
f 1116 2245 1057
f 1958 2242 1115
f 1107 271 2676
f 272 1955 268
f 1057 1956 1116
f 1959 2242 566
f 2241 2243 2240
f 269 1959 566
f 268 1955 1107
f 1054 1955 272
f 270 266 1951
f 271 1107 2224
f 2224 1107 1955
f 566 2229 267
f 1951 266 1954
f 2229 263 267
f 2241 562 564
f 2261 559 1953
f 564 562 1952
f 1054 2224 1955
f 265 1946 1954
f 1946 265 261
f 267 263 259
f 263 1052 259
f 1103 1049 1054
f 548 265 2225
f 564 1952 1055
f 2664 561 549
f 1950 264 2215
f 262 2662 1057
f 1945 1952 562
f 548 261 265
f 1055 1952 1945
f 1050 1055 1945
f 549 561 1042
f 2239 259 260
f 259 1052 1047
f 549 1042 1944
f 549 1944 1943
f 1948 2213 558
f 259 1047 260
f 548 544 261
f 1943 1944 545
f 1042 545 1944
f 1946 261 2630
f 261 544 2630
f 258 545 2205
f 2201 1941 257
f 257 1939 2201
f 2622 529 1937
f 1935 1023 525
f 1937 1015 2199
f 1015 1929 2199
f 1936 2192 530
f 1936 2583 2192
f 256 520 986
f 1929 517 2185
f 2176 2185 516
f 1933 256 986
f 2190 2191 980
f 2191 1932 980
f 519 255 508
f 2178 519 508
f 2184 2584 989
f 2584 1930 989
f 517 1929 507
f 508 1931 2178
f 1930 514 987
f 1930 2584 981
f 2584 1921 981
f 2169 527 2605
f 1926 512 2172
f 986 1925 1933
f 512 254 2172
f 512 518 254
f 1925 254 1933
f 1925 2174 254
f 253 1923 1924
f 1923 253 439
f 1923 923 497
f 253 979 439
f 979 253 527
f 2171 251 252
f 250 1920 503
f 251 248 249
f 248 251 2171
f 2171 493 248
f 250 503 921
f 248 493 491
f 250 921 247
f 246 921 503
f 246 2558 921
f 1918 249 248
f 1918 248 491
f 1914 1917 1912
f 2148 1916 245
f 245 1916 2166
f 1912 244 239
f 1913 242 493
f 1915 500 482
f 241 242 1913
f 973 239 244
f 237 241 1913
f 237 1913 2152
f 238 237 2152
f 1908 1912 239
f 1912 240 1914
f 973 2166 1911
f 1905 498 974
f 973 1909 239
f 489 1911 2166
f 1906 973 1911
f 1912 1908 240
f 1906 1911 236
f 239 1909 1908
f 1910 241 2041
f 237 238 350
f 241 237 2041
f 238 2559 350
f 973 1906 1909
f 240 1908 1904
f 1840 1908 1909
f 1905 235 498
f 1906 2150 1909
f 1904 1908 1840
f 235 1905 390
f 498 235 2076
f 390 1904 391
f 1786 694 285
f 694 1786 1787
f 1786 285 1770
f 1787 1786 132
f 462 1901 233
f 832 1708 877
f 1901 693 327
f 693 2014 327
f 231 125 2522
f 2510 409 230
f 125 1785 2522
f 1797 669 229
f 1 1766 1900
f 1767 1 1899
f 449 440 1841
f 440 1663 1841
f 811 103 104
f 929 1759 228
f 12 1692 828
f 1761 1760 1448
f 1898 397 411
f 1897 397 1898
f 396 1897 781
f 438 1884 1748
f 2551 1748 1884
f 1896 1889 812
f 1895 827 451
f 827 1895 2128
f 438 1897 1898
f 1755 1884 219
f 2551 901 1682
f 1748 2551 1682
f 1682 901 46
f 357 2110 899
f 13 1635 98
f 101 100 2168
f 439 2168 100
f 927 923 99
f 1891 1757 1750
f 1712 440 1736
f 49 827 2888
f 226 225 1755
f 2130 1748 1682
f 2073 1744 224
f 1744 363 224
f 2039 2110 437
f 899 2110 2039
f 1764 223 1887
f 185 222 221
f 357 1784 2110
f 1827 386 1745
f 1745 386 106
f 2070 385 177
f 1680 177 385
f 1680 385 109
f 2069 1725 1894
f 1764 1897 438
f 1889 2550 901
f 2550 1889 1896
f 2144 1883 901
f 217 17 16
f 887 216 217
f 1675 1753 220
f 1675 220 1692
f 1752 913 1751
f 1747 2039 437
f 868 1625 897
f 216 887 2108
f 1638 111 1639
f 1881 34 1742
f 1881 1742 1886
f 410 83 215
f 214 190 82
f 212 454 82
f 139 213 2085
f 1878 2517 403
f 1781 189 25
f 1304 1867 416
f 2303 1304 316
f 1304 2303 1867
f 1357 2437 211
f 2437 2794 211
f 1877 732 210
f 211 1874 1357
f 1357 1874 2089
f 1876 1873 1874
f 1875 1298 1872
f 1876 430 1873
f 1296 431 209
f 431 1870 209
f 1871 210 205
f 1872 1298 206
f 430 1865 1873
f 430 209 1865
f 210 2090 205
f 1866 1873 1865
f 1871 205 1868
f 1872 2389 207
f 2389 1872 206
f 1870 1865 209
f 1871 1868 2818
f 1873 2532 413
f 2532 1873 1866
f 416 2818 825
f 2090 2088 421
f 1865 1870 420
f 204 416 1864
f 1864 416 825
f 205 2090 202
f 1868 205 202
f 1866 1865 2097
f 420 2097 1865
f 2087 413 1345
f 2087 1345 412
f 1345 413 1863
f 413 2528 1863
f 1860 1345 1863
f 201 1862 2800
f 1862 201 2298
f 1848 1861 422
f 1860 851 302
f 197 2139 294
f 291 602 417
f 851 1859 302
f 197 294 293
f 197 293 199
f 1972 200 291
f 200 1972 288
f 2086 200 196
f 1856 287 2915
f 751 200 2086
f 200 288 196
f 1854 2092 199
f 196 288 55
f 195 196 55
f 2086 196 195
f 1855 2523 194
f 1855 194 1850
f 1851 1855 1850
f 1851 1850 1848
f 1850 194 839
f 1856 397 405
f 219 406 234
f 1798 2086 195
f 1798 195 1645
f 1861 1848 410
f 1848 193 410
f 2517 192 1847
f 82 193 214
f 838 190 214
f 1900 191 1846
f 409 403 230
f 191 1845 190
f 1845 191 1695
f 454 212 408
f 2517 1878 189
f 188 1740 1844
f 2505 818 188
f 1844 2505 188
f 931 399 2154
f 2112 372 1433
f 372 370 1433
f 1765 2083 939
f 5 1628 1627
f 817 5 393
f 939 402 929
f 929 402 401
f 100 99 439
f 1843 2164 236
f 186 2080 389
f 1905 1904 390
f 240 1904 1905
f 959 159 805
f 374 2073 91
f 1808 32 1839
f 184 1828 368
f 384 780 103
f 804 183 186
f 188 183 1740
f 1731 909 182
f 972 33 9
f 2040 70 388
f 70 2040 2074
f 156 1637 1811
f 1637 156 182
f 156 1731 182
f 1788 1834 1730
f 70 181 1729
f 380 30 31
f 176 91 2055
f 91 1665 2055
f 347 870 2537
f 867 347 2537
f 1725 1833 395
f 1832 2059 1809
f 1662 180 1881
f 180 1662 1664
f 32 180 1664
f 32 1831 180
f 1830 1822 1832
f 440 1829 1663
f 1829 440 1712
f 18 1828 104
f 108 1723 35
f 1723 1826 1735
f 106 2070 107
f 2070 106 385
f 106 1825 385
f 2 178 1824
f 2071 1824 1823
f 1824 2071 1710
f 1824 178 1823
f 42 1710 2071
f 178 904 1823
f 2071 105 42
f 176 1833 1725
f 1725 91 176
f 91 1725 2069
f 1662 1841 1664
f 1822 221 1832
f 90 1665 883
f 1821 387 1721
f 174 104 1838
f 2492 368 1828
f 1732 69 35
f 148 147 39
f 1807 1784 358
f 131 1819 173
f 1819 756 173
f 379 2027 1818
f 2027 379 340
f 171 1817 789
f 1817 171 172
f 172 171 167
f 163 1882 170
f 902 1819 344
f 757 1818 2027
f 1818 67 1816
f 1818 1816 169
f 167 166 165
f 1734 165 758
f 1666 165 1734
f 2493 378 2063
f 1713 2548 356
f 1659 1623 796
f 475 1732 1713
f 331 787 476
f 331 476 2044
f 2493 160 378
f 2555 78 160
f 160 78 378
f 2060 373 783
f 2060 783 1814
f 1812 1813 959
f 157 1813 1812
f 1812 2485 157
f 1813 157 76
f 1805 356 2548
f 1816 67 1735
f 1666 147 1654
f 2543 137 155
f 2923 2543 155
f 170 1882 1815
f 1882 113 1747
f 154 1717 60
f 154 1711 1717
f 21 1711 154
f 1659 153 27
f 875 1711 153
f 2011 145 152
f 145 146 152
f 1807 1805 161
f 1672 1806 140
f 1806 1672 150
f 874 65 73
f 146 145 2535
f 867 146 2535
f 144 1713 1746
f 145 1656 2535
f 1672 24 150
f 1676 24 1672
f 1656 64 149
f 1654 148 862
f 147 148 1654
f 2048 71 1794
f 163 1804 1882
f 132 66 2038
f 2011 1716 145
f 1802 1797 1803
f 1804 1708 832
f 1804 832 1882
f 1799 360 162
f 2004 141 142
f 408 345 83
f 345 408 1741
f 2010 1741 140
f 2010 140 1806
f 409 2047 403
f 834 2047 409
f 2047 353 403
f 139 22 213
f 353 1878 403
f 139 1781 25
f 1878 353 1879
f 1659 1652 153
f 1659 130 1652
f 153 1652 875
f 871 25 189
f 1707 864 138
f 1795 1707 138
f 1795 1706 1796
f 138 2048 1795
f 1660 1792 1819
f 807 2053 784
f 137 135 155
f 135 136 155
f 164 1718 866
f 476 1693 2044
f 1693 1837 2044
f 2044 1837 1789
f 181 1903 1788
f 181 1788 134
f 2039 1747 133
f 38 1824 63
f 360 1798 21
f 1787 132 470
f 2522 873 231
f 1648 2007 1704
f 66 128 2020
f 338 130 1659
f 130 338 359
f 130 359 1652
f 2476 129 128
f 54 1399 57
f 57 1399 1702
f 1783 1703 58
f 1703 1701 58
f 1782 1783 58
f 1696 788 1649
f 132 328 66
f 1715 26 1717
f 1804 1774 774
f 1779 337 771
f 1778 1779 127
f 335 126 1713
f 1716 2011 2010
f 1770 122 328
f 1657 1715 161
f 1805 2548 161
f 29 1745 898
f 1775 750 123
f 124 1775 123
f 1646 2524 774
f 120 321 1773
f 1697 696 1698
f 1699 1776 1777
f 1699 2875 1776
f 123 1772 1773
f 124 54 1775
f 1774 163 122
f 1773 124 123
f 2002 321 120
f 609 119 1980
f 1980 119 1771
f 752 118 1776
f 1777 118 301
f 118 1777 1776
f 1646 117 844
f 1646 116 117
f 117 116 284
f 1770 284 116
f 614 2399 296
f 843 1769 299
f 843 282 464
f 1968 843 299
f 1769 1768 299
f 115 229 1768
f 229 115 873
f 1767 2132 451
f 2132 1767 1462
f 1900 1766 191
f 2083 98 1635
f 98 2083 1765
f 905 1690 907
f 1764 1748 2130
f 112 50 111
f 1736 1750 1757
f 107 108 35
f 106 107 1745
f 108 107 2070
f 42 105 1758
f 1679 41 893
f 18 104 103
f 103 780 18
f 18 780 1820
f 811 104 1427
f 1442 2507 399
f 965 1892 2079
f 102 101 972
f 102 1738 100
f 102 100 101
f 99 1738 927
f 99 100 1738
f 2081 1759 383
f 400 1759 2174
f 15 1842 1637
f 1758 395 42
f 885 1685 882
f 1891 449 1762
f 1762 882 1754
f 1691 1757 1762
f 2128 2888 827
f 2128 1756 2888
f 14 52 96
f 14 94 52
f 1893 1683 1752
f 1751 1893 1752
f 1751 1754 882
f 1762 1754 1691
f 798 1686 881
f 39 89 36
f 50 1639 111
f 370 363 1744
f 1670 1676 1672
f 13 92 1630
f 113 133 1747
f 2073 1665 91
f 2130 1682 1885
f 869 1667 1673
f 1667 868 897
f 37 1669 865
f 149 45 1624
f 112 1668 1722
f 69 107 35
f 1668 112 111
f 34 893 1743
f 1635 13 14
f 87 111 1638
f 1668 111 1743
f 1743 111 87
f 87 85 86
f 87 1638 85
f 1743 86 1742
f 86 1743 87
f 1638 17 85
f 1742 86 85
f 1638 3 17
f 84 1673 1741
f 1742 34 1743
f 1742 85 217
f 216 1742 217
f 366 2049 2004
f 82 190 1845
f 212 868 869
f 1846 1849 2896
f 1848 839 193
f 193 839 214
f 1627 8 931
f 182 2083 81
f 905 10 79
f 80 79 10
f 1739 80 10
f 80 1739 1694
f 187 1628 2576
f 1628 5 2576
f 2080 2504 389
f 1693 33 1837
f 78 77 964
f 78 158 77
f 31 1712 380
f 1712 1736 1737
f 1712 1737 380
f 114 1737 1736
f 1727 20 40
f 959 19 2065
f 19 959 76
f 959 1813 76
f 75 76 1811
f 67 23 1735
f 74 1723 23
f 23 1723 1735
f 1827 1745 63
f 1827 63 1710
f 2071 1823 105
f 1733 1674 1732
f 1733 73 898
f 73 29 898
f 29 73 38
f 73 1658 38
f 149 64 1722
f 36 89 862
f 387 62 72
f 1723 1746 35
f 349 803 181
f 349 1836 803
f 1835 1728 352
f 1727 40 1831
f 179 1724 1831
f 1832 1809 1830
f 179 32 1808
f 1722 64 1676
f 1721 1641 1677
f 1641 1721 71
f 1841 1663 1664
f 1720 164 68
f 902 1660 1819
f 1792 1660 26
f 757 23 67
f 165 1719 167
f 1719 165 1666
f 1666 1718 1719
f 1654 1655 1718
f 1666 1654 1718
f 25 1669 1658
f 144 2548 1713
f 59 361 60
f 1815 128 1661
f 60 361 162
f 154 60 162
f 26 1660 1717
f 1656 151 24
f 475 1713 126
f 1746 1713 1732
f 1714 1655 1654
f 1653 1714 1654
f 139 25 22
f 153 1711 21
f 213 22 874
f 38 1658 1669
f 1824 1710 63
f 62 1709 1793
f 153 21 27
f 863 793 1706
f 793 863 1793
f 1705 757 756
f 1705 1657 757
f 164 172 1719
f 167 1719 172
f 1719 1718 164
f 1661 163 170
f 26 1705 1792
f 54 2021 1399
f 61 1650 1648
f 1704 61 1648
f 2487 59 60
f 122 28 328
f 1720 1644 57
f 1644 1720 68
f 129 338 128
f 128 338 2020
f 59 1696 1647
f 1696 59 2487
f 2875 1699 1700
f 2875 1700 788
f 1700 1699 56
f 58 1424 1423
f 1701 1424 58
f 321 324 1773
f 1699 1777 56
f 1777 121 56
f 56 121 1647
f 56 1696 1649
f 1647 1696 56
f 451 1888 1767
f 1670 50 112
f 1643 39 2065
f 76 1643 19
f 1763 1762 2109
f 1676 1670 112
f 1635 15 81
f 2083 1635 81
f 1694 1739 10
f 1628 1694 10
f 6 8 1627
f 1736 1757 114
f 1754 93 1691
f 4 1842 1626
f 1626 1842 15
f 1691 93 907
f 1636 14 96
f 97 2886 913
f 1753 97 911
f 110 885 887
f 885 110 1685
f 1893 882 1685
f 1893 1751 882
f 75 1637 4
f 1637 1842 4
f 907 1757 1691
f 1757 907 114
f 907 93 95
f 827 218 1888
f 49 218 827
f 2545 49 1688
f 2888 47 1688
f 47 2888 450
f 1687 47 450
f 1687 450 1684
f 1687 1684 798
f 110 2544 1685
f 1685 2544 798
f 1684 1686 798
f 1685 798 881
f 1686 1684 394
f 1685 881 1893
f 1682 46 1885
f 1673 1667 1670
f 1667 1671 1670
f 50 1670 1671
f 1681 1671 897
f 1681 897 894
f 1681 894 44
f 1766 1 826
f 2536 1624 37
f 1624 2536 347
f 178 20 43
f 42 109 386
f 43 20 1727
f 1680 109 903
f 41 1679 20
f 1679 1678 40
f 1679 180 1678
f 1725 395 1894
f 887 885 2108
f 1642 886 51
f 53 787 1642
f 34 1679 893
f 34 1881 1679
f 1753 1675 97
f 912 1752 1683
f 912 1683 394
f 96 53 51
f 52 53 96
f 1732 475 1733
f 140 1673 1672
f 1673 1670 1672
f 897 1671 1667
f 37 38 1669
f 37 2 38
f 1722 1668 893
f 1668 1743 893
f 39 36 148
f 819 185 221
f 1635 14 1636
f 869 1673 84
f 1881 1886 1662
f 1722 1676 112
f 37 178 2
f 178 895 2547
f 895 178 37
f 1734 147 1666
f 1664 1829 32
f 1829 31 32
f 32 31 30
f 31 1829 1712
f 1674 1733 898
f 144 74 23
f 69 1745 107
f 1745 69 898
f 29 63 1745
f 63 29 38
f 1664 1663 1829
f 163 28 122
f 1661 28 163
f 328 1661 66
f 1661 328 28
f 128 66 1661
f 796 330 465
f 1659 470 338
f 1623 1659 27
f 1717 1660 60
f 875 161 1715
f 161 875 1807
f 22 25 65
f 26 1715 1657
f 1658 65 25
f 1705 26 1657
f 64 1656 24
f 161 757 1657
f 23 757 161
f 1718 1655 866
f 1807 875 1652
f 1623 330 796
f 1623 1798 330
f 1798 1623 21
f 1623 27 21
f 1698 696 1648
f 1650 1651 1698
f 1650 1698 1648
f 1649 1700 56
f 58 1423 117
f 1782 117 284
f 58 117 1782
f 695 1647 121
f 774 1774 1646
f 1774 116 1646
f 116 1774 122
f 1704 1645 61
f 465 1645 1704
f 1645 465 330
f 1644 125 750
f 1644 750 57
f 1720 57 1702
f 20 1679 40
f 19 1643 2065
f 17 3 16
f 16 887 217
f 476 53 52
f 1626 1636 96
f 1626 15 1635
f 1626 1635 1636
f 2886 1632 1634
f 1675 2886 97
f 94 88 52
f 1634 1633 1689
f 1693 88 33
f 1675 1631 2886
f 1675 1692 12
f 13 1630 14
f 1632 1631 1629
f 11 1675 12
f 1631 1675 11
f 33 1630 9
f 92 98 1765
f 6 1633 1632
f 7 6 1632
f 1633 6 1628
f 8 6 7
f 1633 1628 10
f 92 1738 1630
f 9 1630 102
f 7 1629 931
f 102 972 9
f 1630 1738 102
f 1628 6 1627
f 4 1626 96
f 1625 826 1
f 1 218 1625
f 1888 218 1

